transaction_number,transaction_date,transaction_type,transaction_description,debit_amount,credit_amount,balance,category,location_city,location_country,amount,direction
1,2022-07-25,BP,SAVE THE CHANGE,3.11,,541.43,Savings,Nottingham,UK,3.11,debit
2,2022-07-25,DEB,LIDL GB  NOTTINGHA,15.02,,544.54,Groceries,Nottingham,UK,15.02,debit
3,2022-07-25,DEB,NON-GBP PURCH FEE,0.5,,559.56,Others,Nottingham,UK,0.5,debit
4,2022-07-25,DEB,NON-GBP TRANS FEE,0.37,,560.06,Others,Nottingham,UK,0.37,debit
5,2022-07-25,DEB,TRAVELIUM LLC,12.59,,560.43,Uncategorized,Unknown,Unknown,12.59,debit
6,2022-07-25,DEB,Audible UK,7.99,,573.02,Entertainment,Nottingham,UK,7.99,debit
7,2022-07-25,FPO,MISS D WU,25.0,,581.01,Services,Nottingham,UK,25.0,debit
8,2022-07-25,DEB,SAINSBURYS S/MKTS,35.57,,606.01,Groceries,Nottingham,UK,35.57,debit
9,2022-07-22,DEB,LIDL GB  NOTTINGHA,18.21,,641.58,Groceries,Nottingham,UK,18.21,debit
10,2022-07-22,DEB,Amazon.co.uk*VK6IN,13.51,,659.79,Amazon,Nottingham,UK,13.51,debit
11,2022-07-22,FPO,MR J DOME,175.0,,673.3,Services,Nottingham,UK,175.0,debit
12,2022-07-21,FPO,MISS D WU,35.0,,848.3,Services,Nottingham,UK,35.0,debit
13,2022-07-20,FPO,TRADING212UK,200.0,,883.3,Investment,Nottingham,UK,200.0,debit
14,2022-07-20,FPI,SHEILA SMITH,,390.0,1083.3,Supplementary Income,Nottingham,UK,390.0,credit
15,2022-07-20,BP,SAVE THE CHANGE,0.65,,693.3,Savings,Nottingham,UK,0.65,debit
16,2022-07-19,DEB,THE TERRACE CAFE M,31.35,,693.95,Dine Out,Unknown,Unknown,31.35,debit
17,2022-07-19,BP,SAVE THE CHANGE,1.6,,725.3,Savings,Nottingham,UK,1.6,debit
18,2022-07-18,DEB,The Corinthian,7.4,,726.9,Dine Out,Nottingham,UK,7.4,debit
19,2022-07-18,DEB,The Corinthian,4.6,,734.3,Dine Out,Nottingham,UK,4.6,debit
20,2022-07-18,DEB,TIGERMILK EVENTS,4.5,,738.9,Entertainment,Plymouth,UK,4.5,debit
21,2022-07-18,DEB,UBER   *TRIP,11.9,,743.4,Travel,Plymouth,UK,11.9,debit
22,2022-07-18,DD,VIRGIN MEDIA PYMTS,56.25,,755.3,Bills,Nottingham,UK,56.25,debit
23,2022-07-18,DD,O2,17.95,,811.55,Other Shopping,Nottingham,UK,17.95,debit
24,2022-07-18,BP,SAVE THE CHANGE,2.4,,829.5,Savings,Nottingham,UK,2.4,debit
25,2022-07-18,CPT,LNK COOPERATIVE PL,40.0,,831.9,Cash,Plymouth,UK,40.0,debit
26,2022-07-18,DEB,COSMIC KITCHEN LIM,75.8,,871.9,Home Improvement,Nottingham,UK,75.8,debit
27,2022-07-18,DEB,TESCO STORE 3033,20.0,,947.7,Groceries,Plymouth,UK,20.0,debit
28,2022-07-18,DEB,CROWNE PLAZA,10.0,,967.7,Hotels,Plymouth,UK,10.0,debit
29,2022-07-18,DEB,EAST MIDS RAILWAY,213.0,,977.7,Travel,Plymouth,UK,213.0,debit
30,2022-07-18,DEB,AMZNMktplace,26.99,,1190.7,Amazon,Nottingham,UK,26.99,debit
31,2022-07-18,DEB,TESCO STORE 3033,22.1,,1217.69,Groceries,Plymouth,UK,22.1,debit
32,2022-07-18,DEB,SumUp  *Taxi first,8.0,,1239.79,Travel,Plymouth,UK,8.0,debit
33,2022-07-15,DEB,Amazon.co.uk*ST7ZE,42.01,,1247.79,Amazon,Nottingham,UK,42.01,debit
34,2022-07-15,DEB,ASPIRE CAFE,2.7,,1289.8,Dine Out,Nottingham,UK,2.7,debit
35,2022-07-15,FPI,WU,,27.0,1292.5,Supplementary Income,Nottingham,UK,27.0,credit
36,2022-07-15,BP,SAVE THE CHANGE,1.43,,1265.5,Savings,Nottingham,UK,1.43,debit
37,2022-07-14,DEB,UBER   *TRIP,5.66,,1266.93,Travel,Nottingham,UK,5.66,debit
38,2022-07-14,DEB,UBER   *TRIP,5.38,,1272.59,Travel,Nottingham,UK,5.38,debit
39,2022-07-14,DEB,MEDINA CONTINENTAL,4.53,,1277.97,Dine Out,Nottingham,UK,4.53,debit
40,2022-07-14,BP,SAVE THE CHANGE,1.01,,1282.5,Savings,Nottingham,UK,1.01,debit
41,2022-07-13,DEB,HPI INSTANT INK UK,4.49,,1283.51,Other Shopping,Nottingham,UK,4.49,debit
42,2022-07-13,DEB,CAFE TERRAZZO,3.5,,1288.0,Dine Out,Nottingham,UK,3.5,debit
43,2022-07-13,BP,SAVE THE CHANGE,0.08,,1291.5,Savings,Nottingham,UK,0.08,debit
44,2022-12-07,FPO,CAPEWELL WINDOW CL,30.0,,1291.58,Home Improvement,Nottingham,UK,30.0,debit
45,2022-12-07,DEB,AMZNMktplace,12.99,,1321.58,Amazon,Nottingham,UK,12.99,debit
46,2022-12-07,DEB,AMZNMktplace,9.93,,1334.57,Amazon,Nottingham,UK,9.93,debit
47,2022-12-07,BP,SAVE THE CHANGE,0.28,,1344.5,Savings,Nottingham,UK,0.28,debit
48,2022-11-07,DEB,LIDL GB  NOTTINGHA,47.84,,1344.78,Groceries,Nottingham,UK,47.84,debit
49,2022-11-07,DEB,UBER   *TRIP,4.88,,1392.62,Travel,Nottingham,UK,4.88,debit
50,2022-11-07,BP,SAVE THE CHANGE,1.16,,1397.5,Savings,Nottingham,UK,1.16,debit
51,2022-11-07,DEB,UBER   *TRIP,9.69,,1398.66,Travel,Nottingham,UK,9.69,debit
52,2022-11-07,DEB,UBER   *TRIP,7.48,,1408.35,Travel,Nottingham,UK,7.48,debit
53,2022-11-07,DEB,Subway 26377 Corne,6.89,,1415.83,Dine Out,Nottingham,UK,6.89,debit
54,2022-11-07,DEB,UBER   *TRIP,1.0,,1422.72,Travel,Nottingham,UK,1.0,debit
55,2022-08-07,FPI,Zoe Zappa,,325.0,1423.72,Supplementary Income,Nottingham,UK,325.0,credit
56,2022-08-07,DEB,DOSA N CHUTNEY,34.78,,1098.72,Dine Out,Nottingham,UK,34.78,debit
57,2022-08-07,BGC,UNIV OF NOTTINGHAM,,351.08,1133.5,Travel Reimbursement,Nottingham,UK,351.08,credit
58,2022-07-07,BP,SAVE THE CHANGE,0.77,,782.42,Savings,Nottingham,UK,0.77,debit
59,2022-06-07,DEB,Hotel on Booking.c,196.24,,783.19,Hotels,Nottingham,UK,196.24,debit
60,2022-06-07,DEB,AMZNMktplace,6.99,,979.43,Amazon,Nottingham,UK,6.99,debit
61,2022-06-07,BP,SAVE THE CHANGE,0.26,,986.42,Savings,Nottingham,UK,0.26,debit
62,2022-05-07,DEB,AMZNMktplace,15.99,,986.68,Amazon,Nottingham,UK,15.99,debit
63,2022-05-07,DEB,AMZNMktplace,2.75,,1002.67,Amazon,Nottingham,UK,2.75,debit
64,2022-04-07,DEP,CLUB LLOYDS WAIVED,,3.0,1005.42,Supplementary Income,Nottingham,UK,3.0,credit
65,2022-04-07,PAY,CLUB LLOYDS FEE,3.0,,1002.42,Bills,Nottingham,UK,3.0,debit
66,2022-04-07,FPI,O CONNOR CAROL,,10.0,1005.42,Supplementary Income,Nottingham,UK,10.0,credit
67,2022-04-07,BP,SAVE THE CHANGE,0.63,,995.42,Savings,Nottingham,UK,0.63,debit
68,2022-04-07,FPO,PAULINA PIPPEN,280.0,,996.05,Safety Deposit Return,Unknown,Unknown,280.0,debit
69,2022-04-07,DEB,AMZNMktplace,27.99,,1276.05,Amazon,Nottingham,UK,27.99,debit
70,2022-01-07,Unknown,INTEREST (GROSS),,0.56,1304.04,Interest,Nottingham,UK,0.56,credit
71,2022-01-07,DEB,TROPICAL SUMMER FE,240.38,,1303.48,Entertainment,Plymouth,UK,240.38,debit
72,2022-01-07,DEB,SumUp  *LTP,6.0,,1543.86,Services,Nottingham,UK,6.0,debit
73,2022-01-07,DD,BARCLAYS UK MTGES,981.71,,1549.86,Bills,Nottingham,UK,981.71,debit
74,2022-01-07,DD,NOTTM CITY COUNC,112.0,,2531.57,Bills,Nottingham,UK,112.0,debit
75,2022-01-07,DD,OCTOPUS ENERGY,100.0,,2643.57,Bills,Nottingham,UK,100.0,debit
76,2022-01-07,DD,SEVERN TRENT WATER,43.95,,2743.57,Bills,Nottingham,UK,43.95,debit
77,2022-01-07,SO,ESAVINGS ACCOUNT,300.0,,2787.52,Savings,Nottingham,UK,300.0,debit
78,2022-01-07,BP,SAVE THE CHANGE,0.17,,3087.52,Savings,Nottingham,UK,0.17,debit
79,2022-01-07,BGC,UNIV OF NOTTINGHAM,,44.32,3087.69,Supplementary Income,Nottingham,UK,44.32,credit
80,2022-06-30,DEB,LIDL GB  NOTTINGHA,8.83,,3043.37,Groceries,Nottingham,UK,8.83,debit
81,2022-06-29,DEB,Amazon.co.uk*2Y0SX,229.0,,3052.2,Amazon,Nottingham,UK,229.0,debit
82,2022-06-29,FPO,TRADING212UK,1000.0,,3281.2,Investment,Nottingham,UK,1000.0,debit
83,2022-06-29,DD,THE GYM LTD,19.99,,4281.2,Fitness,Nottingham,UK,19.99,debit
84,2022-06-29,BP,SAVE THE CHANGE,0.21,,4301.19,Savings,Nottingham,UK,0.21,debit
85,2022-06-29,BGC,UNIV OF NOTTINGHAM,,3748.52,4301.4,Paycheck,Nottingham,UK,3748.52,credit
86,2022-06-28,DEB,LIDL GB  NOTTINGHA,6.79,,552.88,Groceries,Nottingham,UK,6.79,debit
87,2022-06-28,BP,SAVE THE CHANGE,2.0,,559.67,Savings,Nottingham,UK,2.0,debit
88,2022-06-27,CPT,LNK TESCO HK R NOT,50.0,,561.67,Cash,nottingham,UK,50.0,debit
89,2022-06-27,DEB,LIDL GB NOTTINGHAM,22.09,,611.67,Groceries,Nottingham,UK,22.09,debit
90,2022-06-27,DEB,POUNDLAND LTD 1718,14.25,,633.76,Groceries,Nottingham,UK,14.25,debit
91,2022-06-27,DEB,UBER   *TRIP,5.78,,648.01,Travel,Unknown,Unknown,5.78,debit
92,2022-06-27,DEB,IZ *LTD GROUP LIMI,4.93,,653.79,Home Improvement,Nottingham,UK,4.93,debit
93,2022-06-27,DEB,GREGGS PLC,3.95,,658.72,Dine Out,Unknown,Unknown,3.95,debit
94,2022-06-27,BP,SAVE THE CHANGE,3.26,,662.67,Savings,Nottingham,UK,3.26,debit
95,2022-06-27,DEB,HEAVENLY DESSERTS,11.9,,665.93,Dine Out,Nottingham,UK,11.9,debit
96,2022-06-27,DEB,LIDL GB  NOTTINGHA,13.06,,677.83,Groceries,Nottingham,UK,13.06,debit
97,2022-06-24,DEB,PIE MINISTER,41.2,,690.89,Dine Out,Nottingham,UK,41.2,debit
98,2022-06-24,DEB,BELL INN,14.09,,732.09,Dine Out,Nottingham,UK,14.09,debit
99,2022-06-24,DEB,CAFE TERRAZZO,3.5,,746.18,Dine Out,Nottingham,UK,3.5,debit
100,2022-06-24,DEB,Audible UK,7.99,,749.68,Entertainment,Nottingham,UK,7.99,debit
101,2022-06-24,DEB,PIE MINISTER,,8.17,757.67,Supplementary Income,Nottingham,UK,8.17,credit
102,2022-06-23,BP,SAVE THE CHANGE,1.26,,749.5,Savings,Nottingham,UK,1.26,debit
103,2022-06-22,DEB,DOMINO'S PIZZA,9.99,,750.76,Dine Out,Unknown,Unknown,9.99,debit
104,2022-06-22,DEB,LIDL GB NOTTINGHAM,5.25,,760.75,Groceries,Nottingham,UK,5.25,debit
105,2022-06-22,DEB,CAFE TERRAZZO,3.5,,766.0,Dine Out,Nottingham,UK,3.5,debit
106,2022-06-22,BP,SAVE THE CHANGE,1.09,,769.5,Savings,Nottingham,UK,1.09,debit
107,2022-06-21,DEB,UBER   *TRIP,6.59,,770.59,Travel,Unknown,Unknown,6.59,debit
108,2022-06-21,DEB,NON-GBP TRANS FEE,0.06,,777.18,Others,Nottingham,UK,0.06,debit
109,2022-06-21,DEB,ROMA TERMINI SELF,2.32,,777.24,Travel,Roma,Italy,2.32,debit
110,2022-06-21,BP,SAVE THE CHANGE,0.92,,779.56,Savings,Nottingham,UK,0.92,debit
111,2022-06-20,DEB,DOSA N CHUTNEY,41.2,,780.48,Dine Out,Nottingham,UK,41.2,debit
112,2022-06-20,FPO,PAULINA PIPPEN,4.52,,821.68,Food Shopping,Unknown,Unknown,4.52,debit
113,2022-06-20,FPO,MISS D WU,11.0,,826.2,Services,Nottingham,UK,11.0,debit
114,2022-06-20,FPO,TRADING212UK,200.0,,837.2,Investment,Nottingham,UK,200.0,debit
115,2022-06-20,FPI,SHEILA SMITH,,390.0,1037.2,Supplementary Income,Nottingham,UK,390.0,credit
116,2022-06-20,DEB,NON-GBP TRANS FEE,0.44,,647.2,Others,Nottingham,UK,0.44,debit
117,2022-06-20,DEB,CHEF EXPRESS S.P.A,14.88,,647.64,Dine Out,Roma,Italy,14.88,debit
118,2022-06-20,BP,SAVE THE CHANGE,1.72,,662.52,Savings,Nottingham,UK,1.72,debit
119,2022-06-20,DEB,NON-GBP TRANS FEE,0.57,,664.24,Others,Nottingham,UK,0.57,debit
120,2022-06-20,DEB,MS* CASASANTASOFIA,19.27,,664.81,Services,Nottingham,UK,19.27,debit
121,2022-06-20,DEB,NON-GBP TRANS FEE,0.37,,684.08,Others,Nottingham,UK,0.37,debit
122,2022-06-20,DEB,Pizza Forum,12.47,,684.45,Dine Out,Roma,Italy,12.47,debit
123,2022-06-20,DEB,AMZNMktplace,23.0,,696.92,Amazon,Nottingham,UK,23.0,debit
124,2022-06-20,DEB,NON-GBP TRANS FEE,0.46,,719.92,Others,Nottingham,UK,0.46,debit
125,2022-06-20,DEB,BUDDY ITALIAN REST,15.54,,720.38,Dine Out,Roma,Italy,15.54,debit
126,2022-06-17,DD,VIRGIN MEDIA PYMTS,56.25,,735.92,Bills,Nottingham,UK,56.25,debit
127,2022-06-17,BP,SAVE THE CHANGE,1.26,,792.17,Savings,Nottingham,UK,1.26,debit
128,2022-06-16,DEB,NON-GBP TRANS FEE,0.76,,793.43,Others,Nottingham,UK,0.76,debit
129,2022-06-16,DEB,UBER   *TRIP,25.57,,794.19,Travel,Roma,Italy,25.57,debit
130,2022-06-16,DEB,NON-GBP TRANS FEE,0.57,,819.76,Others,Nottingham,UK,0.57,debit
131,2022-06-16,DEB,UBER *TRIP HELP.UB,19.17,,820.33,Travel,Roma,Italy,19.17,debit
132,2022-06-16,DD,O2,18.01,,839.5,Other Shopping,Nottingham,UK,18.01,debit
133,2022-06-15,BP,SAVE THE CHANGE,0.51,,857.51,Savings,Nottingham,UK,0.51,debit
134,2022-06-14,DEB,NON-GBP TRANS FEE,5.11,,858.02,Others,Nottingham,UK,5.11,debit
135,2022-06-14,DEB,POSTE ITALIANE,171.0,,863.13,Others,Nottingham,UK,171.0,debit
136,2022-06-14,DEB,HPI INSTANT INK UK,4.49,,1034.13,Other Shopping,Nottingham,UK,4.49,debit
137,2022-06-14,BP,SAVE THE CHANGE,0.51,,1038.62,Savings,Nottingham,UK,0.51,debit
138,2022-06-13,DEB,EAST MIDS RAILWAY,56.7,,1039.13,Travel,Roma,Italy,56.7,debit
139,2022-06-13,DEB,WH SMITH,8.79,,1095.83,Other Shopping,Nottingham,UK,8.79,debit
140,2022-06-13,BP,SAVE THE CHANGE,4.3,,1104.62,Savings,Nottingham,UK,4.3,debit
141,2022-06-13,DEB,ASIANA HYPERMARKET,60.83,,1108.92,Groceries,Nottingham,UK,60.83,debit
142,2022-06-13,DEB,LIDL GB NOTTINGHAM,34.12,,1169.75,Groceries,Nottingham,UK,34.12,debit
143,2022-06-13,DEB,UBER* TRIP,7.01,,1203.87,Travel,Unknown,Unknown,7.01,debit
144,2022-06-13,CPT,LNK NOTTINGHAM RAI,30.0,,1210.88,Cash,Nottingham,UK,30.0,debit
145,2022-06-13,DEB,UBER   *TRIP,7.51,,1240.88,Travel,Unknown,Unknown,7.51,debit
146,2022-06-13,DEB,AMZNMktplace,5.55,,1248.39,Amazon,Nottingham,UK,5.55,debit
147,2022-06-13,FPO,MISS D WU,29.0,,1253.94,Services,Nottingham,UK,29.0,debit
148,2022-06-13,DEB,DOMINO'S PIZZA - H,,9.99,1282.94,Supplementary Income,Nottingham,UK,9.99,credit
149,2022-10-06,FPO,MISS D WU,16.0,,1272.95,Services,Nottingham,UK,16.0,debit
150,2022-10-06,DEB,LIDL GB  NOTTINGHA,11.43,,1288.95,Groceries,Nottingham,UK,11.43,debit
151,2022-10-06,DEB,CAFE TERRAZZO,2.25,,1300.38,Dine Out,Nottingham,UK,2.25,debit
152,2022-09-06,BP,SAVE THE CHANGE,0.97,,1302.63,Savings,Nottingham,UK,0.97,debit
153,2022-08-06,DEB,Subway 32610 Midla,13.78,,1303.6,Dine Out,Nottingham,UK,13.78,debit
154,2022-08-06,DEB,CAFE TERRAZZO,2.25,,1317.38,Dine Out,Nottingham,UK,2.25,debit
155,2022-07-06,BP,SAVE THE CHANGE,2.04,,1319.63,Savings,Nottingham,UK,2.04,debit
156,2022-06-06,DEP,CLUB LLOYDS WAIVED,,3.0,1321.67,Amazon,Nottingham,UK,3.0,credit
157,2022-06-06,PAY,CLUB LLOYDS FEE,3.0,,1318.67,Bills,Nottingham,UK,3.0,debit
158,2022-06-06,DEB,AMZNMktplace,9.99,,1321.67,Supplementary Income,Nottingham,UK,9.99,debit
159,2022-06-06,DEB,PRIMARK,38.3,,1331.66,Clothes,Unknown,Unknown,38.3,debit
160,2022-06-06,DEB,BLEND COFFEE HOUSE,18.45,,1369.96,Dine Out,Nottingham,UK,18.45,debit
161,2022-06-06,DEB,Murat food centre,13.81,,1388.41,Groceries,Nottingham,UK,13.81,debit
162,2022-06-06,DEB,HEAVENLY DESSERTS,4.41,,1402.22,Dine Out,Nottingham,UK,4.41,debit
163,2022-06-06,DEB,BLEND COFFEE HOUSE,,3.25,1406.63,Supplementary Income,Nottingham,UK,3.25,credit
164,2022-06-06,BP,SAVE THE CHANGE,2.76,,1403.38,Savings,Nottingham,UK,2.76,debit
165,2022-06-06,DEB,WHITE ROSE TRADING,29.05,,1406.14,Clothes,Unknown,Unknown,29.05,debit
166,2022-06-06,DEB,PIE MINISTER,23.0,,1435.19,Dine Out,Nottingham,UK,23.0,debit
167,2022-06-06,DEB,CINEWORLD NOT CP,19.98,,1458.19,Entertainment,Nottingham,UK,19.98,debit
168,2022-06-06,DEB,LIDL GB NOTTINGHAM,16.37,,1478.17,Groceries,Nottingham,UK,16.37,debit
169,2022-06-06,DEB,CLOUD9 PURSUITS LT,10.0,,1494.54,Entertainment,Reading,UK,10.0,debit
170,2022-06-06,DEB,DOMINO'S PIZZA,9.99,,1504.54,Dine Out,Unknown,Unknown,9.99,debit
171,2022-06-06,DEB,DOMINO'S PIZZA,9.99,,1514.53,Dine Out,Unknown,Unknown,9.99,debit
172,2022-06-06,DEB,DOMINO'S PIZZA,9.99,,1524.52,Dine Out,Unknown,Unknown,9.99,debit
173,2022-06-06,DEB,Amazon.co.uk*2G6K0,6.98,,1534.51,Amazon,Nottingham,UK,6.98,debit
174,2022-06-06,DEB,DOMINO'S PIZZA,1.64,,1541.49,Dine Out,Unknown,Unknown,1.64,debit
175,2022-06-06,DEB,LIDL GB  NOTTINGHA,9.0,,1543.13,Groceries,Nottingham,UK,9.0,debit
176,2022-01-06,Unknown,INTEREST (GROSS),,0.56,1552.13,Interest,Nottingham,UK,0.56,credit
177,2022-01-06,DEB,CAFE TERRAZZO,4.25,,1551.57,Dine Out,Nottingham,UK,4.25,debit
178,2022-01-06,DD,BARCLAYS UK MTGES,981.71,,1555.82,Bills,Nottingham,UK,981.71,debit
179,2022-01-06,DD,NOTTM CITY COUNC,112.0,,2537.53,Bills,Nottingham,UK,112.0,debit
180,2022-01-06,DD,OCTOPUS ENERGY,100.0,,2649.53,Bills,Nottingham,UK,100.0,debit
181,2022-01-06,DD,SEVERN TRENT WATER,43.97,,2749.53,Bills,Nottingham,UK,43.97,debit
182,2022-01-06,SO,ESAVINGS ACCOUNT,300.0,,2793.5,Savings,Nottingham,UK,300.0,debit
183,2022-05-31,BP,SAVE THE CHANGE,1.71,,3093.5,Savings,Nottingham,UK,1.71,debit
184,2022-05-30,DEB,13th Element,35.5,,3095.21,Dine Out,Nottingham,UK,35.5,debit
185,2022-05-30,DEB,ORIENTAL MART HYDR,16.49,,3130.71,Groceries,Nottingham,UK,16.49,debit
186,2022-05-30,DEB,IZ *WHITE ROSE TRA,12.0,,3147.2,Clothes,Unknown,Unknown,12.0,debit
187,2022-05-30,DEB,THE GYM LIMITED,10.0,,3159.2,Fitness,Nottingham,UK,10.0,debit
188,2022-05-30,DEB,HUI LAU SHAN,9.8,,3169.2,Dine Out,Nottingham,UK,9.8,debit
189,2022-05-30,DEB,POUNDLAND LTD 1718,1.5,,3179.0,Groceries,Nottingham,UK,1.5,debit
190,2022-05-30,FPO,TRADING212UK,1100.0,,3180.5,Investment,Nottingham,UK,1100.0,debit
191,2022-05-30,BP,SAVE THE CHANGE,1.89,,4280.5,Savings,Nottingham,UK,1.89,debit
192,2022-05-30,BGC,UNIV OF NOTTINGHAM,,3748.92,4282.39,Paycheck,Nottingham,UK,3748.92,credit
193,2022-05-30,FPO,MISS D WU,26.0,,533.47,Services,Nottingham,UK,26.0,debit
194,2022-05-30,DEB,BACHATA SUENO,24.0,,559.47,Entertainment,Nottingham,UK,24.0,debit
195,2022-05-30,DEB,LIDL GB  NOTTINGHA,11.58,,583.47,Groceries,Nottingham,UK,11.58,debit
196,2022-05-30,DEB,Amazon.co.uk*2G8AO,5.99,,595.05,Amazon,Nottingham,UK,5.99,debit
197,2022-05-27,DEB,AMZNMktplace,55.58,,601.04,Amazon,Nottingham,UK,55.58,debit
198,2022-05-27,DEB,LIDL GB NOTTINGHAM,31.9,,656.62,Groceries,Nottingham,UK,31.9,debit
199,2022-05-27,DEB,UBER   *TRIP,5.06,,688.52,Travel,Unknown,Unknown,5.06,debit
200,2022-05-27,BP,SAVE THE CHANGE,1.03,,693.58,Savings,Nottingham,UK,1.03,debit
201,2022-05-26,CPT,LNK TESCO NO RA RD,50.0,,694.61,Cash,Nottingham,UK,50.0,debit
202,2022-05-26,DEB,LIDL GB  NOTTINGHA,6.47,,744.61,Groceries,Nottingham,UK,6.47,debit
203,2022-05-26,DEB,CAFE TERRAZZO,2.5,,751.08,Dine Out,Nottingham,UK,2.5,debit
204,2022-05-26,BP,SAVE THE CHANGE,0.53,,753.58,Savings,Nottingham,UK,0.53,debit
205,2022-05-25,DEB,LIDL GB NOTTINGHAM,16.83,,754.11,Groceries,Nottingham,UK,16.83,debit
206,2022-05-25,DEB,AMZNMktplace,6.99,,770.94,Amazon,Nottingham,UK,6.99,debit
207,2022-05-25,DEB,CAFE TERRAZZO,2.65,,777.93,Dine Out,Nottingham,UK,2.65,debit
208,2022-05-25,FPO,TRADING212UK,200.0,,780.58,Investment,Nottingham,UK,200.0,debit
209,2022-05-25,FPI,PAULINA PIPPEN,,325.0,980.58,Supplementary Income,Nottingham,UK,325.0,credit
210,2022-05-25,BP,SAVE THE CHANGE,0.71,,655.58,Savings,Nottingham,UK,0.71,debit
211,2022-05-24,DEB,LIDL GB  NOTTINGHA,5.3,,656.29,Groceries,Nottingham,UK,5.3,debit
212,2022-05-24,DEB,Audible UK,7.99,,661.59,Entertainment,Nottingham,UK,7.99,debit
213,2022-05-24,BP,SAVE THE CHANGE,0.31,,669.58,Savings,Nottingham,UK,0.31,debit
214,2022-05-23,DEB,POUNDLAND LTD 1726,16.0,,669.89,Groceries,Nottingham,UK,16.0,debit
215,2022-05-23,DEB,TESCO STORE 2960,15.69,,685.89,Groceries,Unknown,Unknown,15.69,debit
216,2022-05-23,DEB,ALADDINS BIKES,120.0,,701.58,Other Shopping,Nottingham,UK,120.0,debit
217,2022-05-23,BP,SAVE THE CHANGE,1.37,,821.58,Savings,Nottingham,UK,1.37,debit
218,2022-05-23,DEB,IZ *WHITE ROSE TRA,12.5,,822.95,Clothes,Unknown,Unknown,12.5,debit
219,2022-05-23,DEB,TESCO STORES 6430,2.75,,835.45,Groceries,Unknown,Unknown,2.75,debit
220,2022-05-23,CPT,LNK SAINSBURYS BAN,40.0,,838.2,Cash,Unknown,Unknown,40.0,debit
221,2022-05-20,FPO,MISS D WU,15.0,,878.2,Services,Nottingham,UK,15.0,debit
222,2022-05-20,DEB,Kaya Food Centre,6.38,,893.2,Groceries,Nottingham,UK,6.38,debit
223,2022-05-20,DEB,ALADDINS BIKES,22.0,,899.58,Other Shopping,Nottingham,UK,22.0,debit
224,2022-05-20,FPO,MISS D WU,22.0,,921.58,Services,Nottingham,UK,22.0,debit
225,2022-05-20,FPO,TRADING212UK,300.0,,943.58,Investment,Nottingham,UK,300.0,debit
226,2022-05-20,FPI,SHEILA SMITH,,380.0,1243.58,Supplementary Income,Nottingham,UK,380.0,credit
227,2022-05-20,BP,SAVE THE CHANGE,1.36,,863.58,Savings,Nottingham,UK,1.36,debit
228,2022-05-19,DEB,AMZNMktplace,33.02,,864.94,Amazon,Nottingham,UK,33.02,debit
229,2022-05-19,DEB,Amazon.co.uk*255RJ,14.99,,897.96,Amazon,Nottingham,UK,14.99,debit
230,2022-05-19,DEB,LIDL GB  NOTTINGHA,4.63,,912.95,Groceries,Nottingham,UK,4.63,debit
231,2022-05-19,BP,SAVE THE CHANGE,1.32,,917.58,Savings,Nottingham,UK,1.32,debit
232,2022-05-18,DEB,ORIENTAL MART HYDR,26.16,,918.9,Groceries,Nottingham,UK,26.16,debit
233,2022-05-18,DEB,IZ *WHITE ROSE TRA,10.0,,945.06,Clothes,Unknown,Unknown,10.0,debit
234,2022-05-18,DEB,AMZNMktplace,2.87,,955.06,Amazon,Nottingham,UK,2.87,debit
235,2022-05-18,DEB,CAFE TERRAZZO,2.65,,957.93,Dine Out,Nottingham,UK,2.65,debit
236,2022-05-18,BP,SAVE THE CHANGE,0.85,,960.58,Savings,Nottingham,UK,0.85,debit
237,2022-05-17,DEB,Amazon.co.uk*257UG,12.15,,961.43,Amazon,Nottingham,UK,12.15,debit
238,2022-05-17,DD,VIRGIN MEDIA PYMTS,25.5,,973.58,Bills,Nottingham,UK,25.5,debit
239,2022-05-17,BP,SAVE THE CHANGE,0.98,,999.08,Savings,Nottingham,UK,0.98,debit
240,2022-05-16,DEB,NATIONAL MERCH,30.0,,1000.06,Clothes,Unknown,Unknown,30.0,debit
241,2022-05-16,DEB,HEAVENLY DESSERTS,11.34,,1030.06,Dine Out,Nottingham,UK,11.34,debit
242,2022-05-16,DEB,HEAVENLY DESSERTS,4.68,,1041.4,Dine Out,Nottingham,UK,4.68,debit
243,2022-05-16,DD,O2,17.95,,1046.08,Other Shopping,Nottingham,UK,17.95,debit
244,2022-05-16,BP,SAVE THE CHANGE,3.17,,1064.03,Savings,Nottingham,UK,3.17,debit
245,2022-05-16,DEB,SAINSBURYS S/MKTS,35.8,,1067.2,Groceries,Unknown,Unknown,35.8,debit
246,2022-05-16,DEB,DOSA N CHUTNEY,32.2,,1103.0,Dine Out,Nottingham,UK,32.2,debit
247,2022-05-16,DEB,Amazon.co.uk*259S0,7.99,,1135.2,Amazon,Nottingham,UK,7.99,debit
248,2022-05-16,DEB,LIDL GB  NOTTINGHA,15.84,,1143.19,Groceries,Nottingham,UK,15.84,debit
249,2022-05-16,DEB,Amazon.co.uk*255B9,10.99,,1159.03,Amazon,Nottingham,UK,10.99,debit
250,2022-05-16,DEB,ALADDINS BIKES,6.0,,1170.02,Other Shopping,Nottingham,UK,6.0,debit
251,2022-05-13,DEB,HPI INSTANT INK UK,4.49,,1176.02,Other Shopping,Unknown,Unknown,4.49,debit
252,2022-05-13,DEB,Subway 32610 Midla,11.48,,1180.51,Dine Out,Nottingham,UK,11.48,debit
253,2022-05-13,DEB,LIDL GB NOTTINGHAM,7.54,,1191.99,Groceries,Nottingham,UK,7.54,debit
254,2022-05-13,DEB,DERBY MED CAFE,3.5,,1199.53,Dine Out,Derby,UK,3.5,debit
255,2022-05-13,FPO,TRADING212UK,500.0,,1203.03,Investment,Nottingham,UK,500.0,debit
256,2022-05-13,TFR,R LAWRENCE,,300.0,1703.03,Supplementary Income,Nottingham,UK,300.0,credit
257,2022-12-05,BP,SAVE THE CHANGE,0.5,,1403.03,Savings,Nottingham,UK,0.5,debit
258,2022-12-05,BGC,NCC TRADE CRED NEW,,150.0,1403.53,Supplementary Income,Nottingham,UK,150.0,credit
259,2022-11-05,DEB,UBER   *TRIP,4.0,,1253.53,Travel,Unknown,Unknown,4.0,debit
260,2022-11-05,DEB,DERBY MED CAFE,3.5,,1257.53,Dine Out,Derby,UK,3.5,debit
261,2022-11-05,BP,SAVE THE CHANGE,0.59,,1261.03,Savings,Nottingham,UK,0.59,debit
262,2022-10-05,FPO,MISS D WU,13.0,,1261.62,Services,Nottingham,UK,13.0,debit
263,2022-10-05,DEB,RAJAH FOOD STORE L,20.41,,1274.62,Groceries,Nottingham,UK,20.41,debit
264,2022-09-05,BP,SAVE THE CHANGE,2.25,,1295.03,Savings,Nottingham,UK,2.25,debit
265,2022-09-05,DEB,MASALA JUNCTION,47.98,,1297.28,Dine Out,Nottingham,UK,47.98,debit
266,2022-09-05,DEB,LIDL GB  NOTTINGHA,14.01,,1345.26,Groceries,Nottingham,UK,14.01,debit
267,2022-09-05,DEB,LIDL GB  NOTTINGHA,5.85,,1359.27,Groceries,Nottingham,UK,5.85,debit
268,2022-09-05,FPI,SHEILA SMITH,,50.0,1365.12,Supplementary Income,Nottingham,UK,50.0,credit
269,2022-06-05,DEB,HEAVENLY DESSERTS,10.26,,1315.12,Dine Out,Nottingham,UK,10.26,debit
270,2022-06-05,DEB,CAFE TERRAZZO,6.0,,1325.38,Dine Out,Nottingham,UK,6.0,debit
271,2022-06-05,DEB,CAFE TERRAZZO,2.65,,1331.38,Dine Out,Nottingham,UK,2.65,debit
272,2022-06-05,BP,SAVE THE CHANGE,1.46,,1334.03,Savings,Nottingham,UK,1.46,debit
273,2022-05-05,DEB,AMZN Mktp US*1363Y,22.7,,1335.49,Amazon,Nottingham,UK,22.7,debit
274,2022-05-05,DEB,AMZNMktplace,43.77,,1358.19,Amazon,Nottingham,UK,43.77,debit
275,2022-05-05,DEB,LIDL GB  NOTTINGHA,8.57,,1401.96,Groceries,Nottingham,UK,8.57,debit
276,2022-05-05,DEB,DERBY MED CAFE,3.5,,1410.53,Dine Out,Derby,UK,3.5,debit
277,2022-05-05,DD,OCTOPUS ENERGY,100.0,,1414.03,Bills,Nottingham,UK,100.0,debit
278,2022-04-05,DEP,CLUB LLOYDS WAIVED,,3.0,1514.03,Supplementary Income,Nottingham,UK,3.0,credit
279,2022-04-05,PAY,CLUB LLOYDS FEE,3.0,,1511.03,Bills,Nottingham,UK,3.0,debit
280,2022-04-05,DD,NOTTM CITY COUNC,112.0,,1514.03,Bills,Nottingham,UK,112.0,debit
281,2022-04-05,BP,SAVE THE CHANGE,0.42,,1626.03,Savings,Nottingham,UK,0.42,debit
282,2022-03-05,Unknown,INTEREST (GROSS),,0.57,1626.45,Interest,Nottingham,UK,0.57,credit
283,2022-03-05,FPO,MISS D WU,23.0,,1625.88,Services,Nottingham,UK,23.0,debit
284,2022-03-05,DEB,LIDL GB  NOTTINGHA,12.58,,1648.88,Groceries,Nottingham,UK,12.58,debit
285,2022-03-05,FPO,MISS D WU,21.0,,1661.46,Services,Nottingham,UK,21.0,debit
286,2022-03-05,TFR,R LAWRENCE,,230.66,1682.46,Supplementary Income,Nottingham,UK,230.66,credit
287,2022-03-05,DD,BARCLAYS UK MTGES,981.71,,1451.8,Bills,Nottingham,UK,981.71,debit
288,2022-03-05,DD,SEVERN TRENT WATER,41.89,,2433.51,Bills,Nottingham,UK,41.89,debit
289,2022-03-05,SO,ESAVINGS ACCOUNT,300.0,,2475.4,Savings,Nottingham,UK,300.0,debit
290,2022-03-05,BP,SAVE THE CHANGE,3.99,,2775.4,Savings,Nottingham,UK,3.99,debit
291,2022-03-05,DEB,ALDI,37.27,,2779.39,Groceries,Unknown,Unknown,37.27,debit
292,2022-03-05,DEB,AMZNMktplace,28.65,,2816.66,Amazon,Nottingham,UK,28.65,debit
293,2022-03-05,DEB,ORIENTAL MART HYDR,12.8,,2845.31,Groceries,Nottingham,UK,12.8,debit
294,2022-03-05,DEB,STARBUCKS,8.3,,2858.11,Dine Out,Unknown,Unknown,8.3,debit
295,2022-03-05,DEB,KFC NOTTINGHAM,1.49,,2866.41,Dine Out,Nottingham,UK,1.49,debit
296,2022-03-05,DEB,SQ *NOTTINGHAM BAC,10.0,,2867.9,Entertainment,Nottingham,UK,10.0,debit
297,2022-03-05,DEB,CONFETTI CONSTELLA,5.5,,2877.9,Home Improvement,Nottingham,UK,5.5,debit
298,2022-03-05,DEB,CONFETTI CONSTELLA,3.5,,2883.4,Home Improvement,Nottingham,UK,3.5,debit
299,2022-04-29,DEB,DERBY MED CAFE,3.5,,2886.9,Dine Out,Derby,UK,3.5,debit
300,2022-04-28,FPO,TRADING212UK,1100.0,,2890.4,Investment,Nottingham,UK,1100.0,debit
301,2022-04-28,BP,SAVE THE CHANGE,2.44,,3990.4,Savings,Nottingham,UK,2.44,debit
302,2022-04-28,BGC,UNIV OF NOTTINGHAM,,3748.93,3992.84,Paycheck,Nottingham,UK,3748.93,credit
303,2022-04-27,DEB,Amazon.co.uk*2P60A,18.02,,243.91,Amazon,Nottingham,UK,18.02,debit
304,2022-04-27,DEB,DOSA N CHUTNEY,13.4,,261.93,Dine Out,Nottingham,UK,13.4,debit
305,2022-04-27,DEB,LIDL GB NOTTINGHAM,8.65,,275.33,Groceries,Nottingham,UK,8.65,debit
306,2022-04-27,DEB,AMZNMktplace,4.99,,283.98,Amazon,Nottingham,UK,4.99,debit
307,2022-04-27,DEB,DERBY MED CAFE,3.5,,288.97,Dine Out,Derby,UK,3.5,debit
308,2022-04-27,BP,SAVE THE CHANGE,0.99,,292.47,Savings,Nottingham,UK,0.99,debit
309,2022-04-26,DEB,AMZNMktplace,41.01,,293.46,Amazon,Nottingham,UK,41.01,debit
310,2022-04-26,BP,SAVE THE CHANGE,0.7,,334.47,Savings,Nottingham,UK,0.7,debit
311,2022-04-25,DEB,DOSA N CHUTNEY,14.8,,335.17,Dine Out,Nottingham,UK,14.8,debit
312,2022-04-25,DEB,TESCO STORES 5653,10.5,,349.97,Groceries,Unknown,Unknown,10.5,debit
313,2022-04-25,BP,SAVE THE CHANGE,2.74,,360.47,Savings,Nottingham,UK,2.74,debit
314,2022-04-25,DEB,WORTH THE WEIGHT L,27.0,,363.21,Clothes,Unknown,Unknown,27.0,debit
315,2022-04-25,DEB,HEAVENLY DESSERTS,15.35,,390.21,Dine Out,Nottingham,UK,15.35,debit
316,2022-04-25,DEB,Audible UK,7.99,,405.56,Entertainment,Nottingham,UK,7.99,debit
317,2022-04-25,FPO,MISS D WU,13.0,,413.55,Services,Nottingham,UK,13.0,debit
318,2022-04-25,DEB,TESCO STORE 2960,31.82,,426.55,Groceries,Unknown,Unknown,31.82,debit
319,2022-04-25,DEB,ORIENTAL MART HYDR,16.69,,458.37,Groceries,Nottingham,UK,16.69,debit
320,2022-04-25,CPT,LNK TESCO LONG ROW,40.0,,475.06,Cash,Nottingham,UK,40.0,debit
321,2022-04-25,FPO,TAMBA TAM,13.0,,515.06,Services,Nottingham,UK,13.0,debit
322,2022-04-22,DEB,AMZNMktplace,22.89,,528.06,Amazon,Nottingham,UK,22.89,debit
323,2022-04-22,DEB,Amazon.co.uk*2P3K6,20.24,,550.95,Amazon,Nottingham,UK,20.24,debit
324,2022-04-22,DEB,LIDL GB  NOTTINGHA,11.28,,571.19,Groceries,Nottingham,UK,11.28,debit
325,2022-04-21,FPO,TRADING212UK,200.0,,582.47,Investment,Nottingham,UK,200.0,debit
326,2022-04-21,FPI,PAULINA PIPPEN,,320.0,782.47,Supplementary Income,Nottingham,UK,320.0,credit
327,2022-04-21,BP,SAVE THE CHANGE,0.34,,462.47,Savings,Nottingham,UK,0.34,debit
328,2022-04-20,DEB,CINEWORLD NOT CP,19.98,,462.81,Entertainment,Nottingham,UK,19.98,debit
329,2022-04-20,DEB,HEAVENLY DESSERTS,4.68,,482.79,Dine Out,Nottingham,UK,4.68,debit
330,2022-04-20,FPO,TRADING212UK,206.96,,487.47,Investment,Nottingham,UK,206.96,debit
331,2022-04-20,FPI,SHEILA SMITH,,380.0,694.43,Supplementary Income,Nottingham,UK,380.0,credit
332,2022-04-20,DD,O2,17.95,,314.43,Other Shopping,Nottingham,UK,17.95,debit
333,2022-04-20,BP,SAVE THE CHANGE,2.24,,332.38,Savings,Nottingham,UK,2.24,debit
334,2022-04-19,DEB,J D SPORTS PLC,85.0,,334.62,Other Shopping,Unknown,Unknown,85.0,debit
335,2022-04-19,DEB,LAS IGUANAS,35.06,,419.62,Dine Out,Nottingham,UK,35.06,debit
336,2022-04-19,DEB,AMZNMktplace,23.95,,454.68,Amazon,Nottingham,UK,23.95,debit
337,2022-04-19,DEB,Elenas Patisserie,15.25,,478.63,Services,Nottingham,UK,15.25,debit
338,2022-04-19,DEB,TESCO STORES 5653,11.5,,493.88,Groceries,Unknown,Unknown,11.5,debit
339,2022-04-19,DD,VIRGIN MEDIA PYMTS,25.5,,505.38,Bills,Nottingham,UK,25.5,debit
340,2022-04-19,BP,SAVE THE CHANGE,2.85,,530.88,Savings,Nottingham,UK,2.85,debit
341,2022-04-19,DEB,THE NED LUDD,6.95,,533.73,Dine Out,Nottingham,UK,6.95,debit
342,2022-04-19,DEB,HEAVENLY DESSERTS,6.39,,540.68,Dine Out,Nottingham,UK,6.39,debit
343,2022-04-19,DEB,AMZNMktplace,46.99,,547.07,Amazon,Nottingham,UK,46.99,debit
344,2022-04-19,DEB,LIDL GB  NOTTINGHA,23.79,,594.06,Groceries,Nottingham,UK,23.79,debit
345,2022-04-19,DEB,GetYourGuide UK Lt,,4.5,617.85,Supplementary Income,Nottingham,UK,4.5,credit
346,2022-04-19,DEB,SUTTON COLDFIELD A,8.4,,613.35,Travel,Birmingham,UK,8.4,debit
347,2022-04-19,DEB,SUTTON COLDFIELD A,5.3,,621.75,Travel,Birmingham,UK,5.3,debit
348,2022-04-19,DEB,IZ *WHITE ROSE TRA,11.85,,627.05,Clothes,Unknown,Unknown,11.85,debit
349,2022-04-19,DEB,AMZNMktplace,9.99,,638.9,Amazon,Nottingham,UK,9.99,debit
350,2022-04-14,DEB,HPI INSTANT INK UK,4.49,,648.89,Other Shopping,Unknown,Unknown,4.49,debit
351,2022-04-14,CPT,LNK SAINSBURYS BAN,40.0,,653.38,Cash,Unknown,Unknown,40.0,debit
352,2022-04-14,BP,SAVE THE CHANGE,0.88,,693.38,Savings,Nottingham,UK,0.88,debit
353,2022-04-13,DEB,LIDL GB NOTTINGHAM,66.13,,694.26,Groceries,Nottingham,UK,66.13,debit
354,2022-04-13,DEB,UBER   *TRIP,4.99,,760.39,Travel,Unknown,Unknown,4.99,debit
355,2022-04-13,BP,SAVE THE CHANGE,0.01,,765.38,Savings,Nottingham,UK,0.01,debit
356,2022-12-04,DEB,AMZNMktplace,9.99,,765.39,Amazon,Nottingham,UK,9.99,debit
357,2022-12-04,BP,SAVE THE CHANGE,0.1,,775.38,Savings,Nottingham,UK,0.1,debit
358,2022-11-04,DEB,AMZNMktplace,16.97,,775.48,Amazon,Nottingham,UK,16.97,debit
359,2022-11-04,DEB,UBER   *TRIP,6.93,,792.45,Travel,Unknown,Unknown,6.93,debit
360,2022-11-04,BP,SAVE THE CHANGE,4.88,,799.38,Savings,Nottingham,UK,4.88,debit
361,2022-11-04,DEB,STARBUCKS,13.1,,804.26,Dine Out,Unknown,Unknown,13.1,debit
362,2022-11-04,DEB,KELLYS CELLARS,7.8,,817.36,Dine Out,Belfast,UK,7.8,debit
363,2022-11-04,DEB,ARRIVA MERSEYSIDE,4.6,,825.16,Travel,Unknown,Unknown,4.6,debit
364,2022-11-04,DEB,STARBUCKS,3.75,,829.76,Dine Out,Unknown,Unknown,3.75,debit
365,2022-11-04,CPT,LNK TESCO M M WA N,40.0,,833.51,Cash,Unknown,Unknown,40.0,debit
366,2022-11-04,DEB,JUMON,56.1,,873.51,Dine Out,Belfast,UK,56.1,debit
367,2022-11-04,DEB,UBER   *TRIP,7.07,,929.61,Travel,Unknown,Unknown,7.07,debit
368,2022-08-04,DEB,DARCYS RESTAURANT,39.5,,936.68,Dine Out,Belfast,UK,39.5,debit
369,2022-08-04,DEB,THE GIANTS BARN CA,5.2,,976.18,Dine Out,Bushmills,UK,5.2,debit
370,2022-08-04,BP,SAVE THE CHANGE,1.81,,981.38,Savings,Nottingham,UK,1.81,debit
371,2022-07-04,FPO,MISS D WU,40.0,,983.19,Services,Nottingham,UK,40.0,debit
372,2022-07-04,DEB,AZZURRI RESTAURANT,24.9,,1023.19,Dine Out,Newcastle upon Tyne,UK,24.9,debit
373,2022-07-04,DEB,Subway 69392 Belfa,9.98,,1048.09,Dine Out,Belfast ,UK,9.98,debit
374,2022-07-04,DEB,LIDL NI LTD,7.29,,1058.07,Groceries,Nottingham,UK,7.29,debit
375,2022-07-04,DEB,UBER   *TRIP,6.02,,1065.36,Travel,Unknown,Unknown,6.02,debit
376,2022-07-04,BP,SAVE THE CHANGE,2.0,,1071.38,Savings,Nottingham,UK,2.0,debit
377,2022-06-04,DEB,GetYourGuide UK Lt,43.0,,1073.38,Travel,Unknown,Unknown,43.0,debit
378,2022-06-04,DEB,GetYourGuide UK Lt,36.0,,1116.38,Travel,Unknown,Unknown,36.0,debit
379,2022-06-04,DEB,LIDL NI LTD,37.09,,1152.38,Groceries,Nottingham,UK,37.09,debit
380,2022-06-04,DEB,VISIT BELFAST,23.0,,1189.47,Travel,Belfast,UK,23.0,debit
381,2022-06-04,DEB,BURGER KING,18.68,,1212.47,Dine Out,Unknown,Unknown,18.68,debit
382,2022-06-04,DEB,LITTLE WING PIZZER,15.8,,1231.15,Dine Out,Belfast,UK,15.8,debit
383,2022-06-04,DEB,UBER   *TRIP,6.83,,1246.95,Travel,Unknown,Unknown,6.83,debit
384,2022-06-04,DEB,ARRIVA MERSEYSIDE,4.6,,1253.78,Travel,Unknown,Unknown,4.6,debit
385,2022-06-04,BP,SAVE THE CHANGE,1.38,,1258.38,Savings,Nottingham,UK,1.38,debit
386,2022-05-04,DEB,LIDL GB  NOTTINGHA,16.13,,1259.76,Groceries,Nottingham,UK,16.13,debit
387,2022-05-04,DEB,UBER   *TRIP,6.49,,1275.89,Travel,Unknown,Unknown,6.49,debit
388,2022-05-04,BP,SAVE THE CHANGE,0.98,,1282.38,Savings,Nottingham,UK,0.98,debit
389,2022-04-04,DEP,CLUB LLOYDS WAIVED,,3.0,1283.36,Supplementary Income,Nottingham,UK,3.0,credit
390,2022-04-04,PAY,CLUB LLOYDS FEE,3.0,,1280.36,Bills,Nottingham,UK,3.0,debit
391,2022-04-04,DEB,ZTL*White Rose Tra,18.0,,1283.36,Clothes,Nottingham,UK,18.0,debit
392,2022-04-04,DEB,SLIM CHICKENS NOTT,8.0,,1301.36,Groceries,Nottingham,UK,8.0,debit
393,2022-04-04,DEB,HEAVENLY DESSERTS,7.02,,1309.36,Dine Out,Nottingham,UK,7.02,debit
394,2022-04-04,CPT,LNK TESCO HK R NOT,40.0,,1316.38,Cash,nottingham,UK,40.0,debit
395,2022-04-04,BP,SAVE THE CHANGE,2.12,,1356.38,Savings,Nottingham,UK,2.12,debit
396,2022-04-04,DEB,200 DEGREES,10.2,,1358.5,Dine Out,Nottingham,UK,10.2,debit
397,2022-04-04,DEB,THE BREWHOUSE ART,4.0,,1368.7,Others,Nottingham,UK,4.0,debit
398,2022-04-04,DEB,EASTMIDLANDSCOM,50.0,,1372.7,Travel,Unknown,Unknown,50.0,debit
399,2022-04-04,DEB,LIDL GB  NOTTINGHA,13.34,,1422.7,Groceries,Nottingham,UK,13.34,debit
400,2022-04-04,DEB,ATRIUM JUBILEE 1,4.45,,1436.04,Dine Out,Nottingham,UK,4.45,debit
401,2022-04-04,FPO,MISS D WU,44.0,,1440.49,Services,Nottingham,UK,44.0,debit
402,2022-04-04,TFR,R LAWRENCE  02APR22,,126.0,1484.49,Supplementary Income,Nottingham,UK,126.0,credit
403,2022-04-04,FPO,MISS D WU,34.0,,1358.49,Services,Nottingham,UK,34.0,debit
404,2022-01-04,Unknown,INTEREST (GROSS),,0.49,1392.49,Interest,Nottingham,UK,0.49,credit
405,2022-01-04,DEB,Subway 32610 Midla,6.89,,1392.0,Dine Out,Nottingham,UK,6.89,debit
406,2022-01-04,FPO,MISS D WU,20.0,,1398.89,Services,Nottingham,UK,20.0,debit
407,2022-01-04,DD,BARCLAYS UK MTGES,981.71,,1418.89,Bills,Nottingham,UK,981.71,debit
408,2022-01-04,DD,NOTTM CITY COUNC,106.25,,2400.6,Bills,Nottingham,UK,106.25,debit
409,2022-01-04,DD,OCTOPUS ENERGY,90.0,,2506.85,Bills,Nottingham,UK,90.0,debit
410,2022-01-04,DD,SEVERN TRENT WATER,41.89,,2596.85,Bills,Nottingham,UK,41.89,debit
411,2022-01-04,SO,ESAVINGS ACCOUNT,300.0,,2638.74,Savings,Nottingham,UK,300.0,debit
412,2022-01-04,BP,SAVE THE CHANGE,1.27,,2938.74,Savings,Nottingham,UK,1.27,debit
413,2022-03-31,DEB,DELIVEROO,10.48,,2940.01,Dine Out,Unknown,Unknown,10.48,debit
414,2022-03-31,DEB,ATRIUM JUBILEE 1,4.25,,2950.49,Dine Out,Nottingham,UK,4.25,debit
415,2022-03-31,FPO,TRADING212UK,1000.0,,2954.74,Investment,Nottingham,UK,1000.0,debit
416,2022-03-31,BP,SAVE THE CHANGE,1.31,,3954.74,Savings,Nottingham,UK,1.31,debit
417,2022-03-30,DEB,STARBUCKS,11.85,,3956.05,Dine Out,Unknown,Unknown,11.85,debit
418,2022-03-30,DEB,Subway 32610 Midla,6.19,,3967.9,Dine Out,Nottingham,UK,6.19,debit
419,2022-03-30,DEB,ATRIUM JUBILEE 1,2.65,,3974.09,Dine Out,Nottingham,UK,2.65,debit
420,2022-03-30,BGC,UNIV OF NOTTINGHAM,,3801.43,3976.74,Paycheck,Nottingham,UK,3801.43,credit
421,2022-03-29,BP,SAVE THE CHANGE,0.45,,175.31,Savings,Nottingham,UK,0.45,debit
422,2022-03-28,DEB,UBER   *TRIP,6.55,,175.76,Travel,Unknown,Unknown,6.55,debit
423,2022-03-28,BP,SAVE THE CHANGE,4.38,,182.31,Savings,Nottingham,UK,4.38,debit
424,2022-03-28,DEB,LIDL GB NOTTINGHAM,47.83,,186.69,Groceries,Nottingham,UK,47.83,debit
425,2022-03-28,DEB,ORIENTAL MART HYDR,20.28,,234.52,Groceries,Nottingham,UK,20.28,debit
426,2022-03-28,DEB,POUNDLAND LTD 1726,13.0,,254.8,Groceries,Nottingham,UK,13.0,debit
427,2022-03-28,DEB,AMZNMktplace,5.99,,267.8,Amazon,Nottingham,UK,5.99,debit
428,2022-03-28,FPO,MISS D WU,20.0,,273.79,Services,Nottingham,UK,20.0,debit
429,2022-03-28,FPO,TAMBA TAM,10.0,,293.79,Services,Nottingham,UK,10.0,debit
430,2022-03-28,DEB,KFC NOTTINGHAM,1.49,,303.79,Dine Out,Nottingham,UK,1.49,debit
431,2022-03-28,DEB,SQ *NOTTINGHAM BAC,12.0,,305.28,Entertainment,Nottingham,UK,12.0,debit
432,2022-03-28,DEB,CONFETTI CONSTELLA,7.1,,317.28,Home Improvement,Nottingham,UK,7.1,debit
433,2022-03-28,DEB,CONFETTI CONSTELLA,6.2,,324.38,Home Improvement,Nottingham,UK,6.2,debit
434,2022-03-25,DEB,AIRBNB * HMREJB2DY,376.55,,330.58,Hotels,Unknown,Unknown,376.55,debit
435,2022-03-25,DEB,Subway 32610 Midla,10.18,,707.13,Dine Out,Nottingham,UK,10.18,debit
436,2022-03-25,FPO,TRADING212UK,200.0,,717.31,Investment,Nottingham,UK,200.0,debit
437,2022-03-25,DD,TALKTALK LIMITED,29.95,,917.31,Bills,Nottingham,UK,29.95,debit
438,2022-03-25,BP,SAVE THE CHANGE,0.1,,947.26,Savings,Nottingham,UK,0.1,debit
439,2022-03-24,DEB,EASYJET   000K38,327.92,,947.36,Travel,Unknown,Unknown,327.92,debit
440,2022-03-24,DEB,AMZNMktplace,9.99,,1275.28,Amazon,Nottingham,UK,9.99,debit
441,2022-03-24,DEB,Audible UK,7.99,,1285.27,Entertainment,Nottingham,UK,7.99,debit
442,2022-03-24,FPI,PAULINA PIPPEN,,320.0,1293.26,Supplementary Income,Nottingham,UK,320.0,credit
443,2022-03-24,BP,SAVE THE CHANGE,0.89,,973.26,Savings,Nottingham,UK,0.89,debit
444,2022-03-23,TFR,R LAWRENCE,,300.0,974.15,Supplementary Income,Nottingham,UK,300.0,credit
445,2022-03-23,DEB,AMZNMktplace,6.49,,674.15,Amazon,Nottingham,UK,6.49,debit
446,2022-03-23,DEB,ATRIUM JUBILEE 1,2.65,,680.64,Dine Out,Nottingham,UK,2.65,debit
447,2022-03-23,DEB,LIDL GB NOTTINGHAM,1.97,,683.29,Groceries,Nottingham,UK,1.97,debit
448,2022-03-23,BP,SAVE THE CHANGE,0.5,,685.26,Savings,Nottingham,UK,0.5,debit
449,2022-03-23,BGC,GOOGLE IRELAND,,63.27,685.76,Supplementary Income,Nottingham,UK,63.27,credit
450,2022-03-22,FPO,TRADING212UK,200.0,,622.49,Investment,Nottingham,UK,200.0,debit
451,2022-03-22,FPI,SHEILA SMITH,,380.0,822.49,Supplementary Income,Nottingham,UK,380.0,credit
452,2022-03-22,CPT,LNK TESCO NO RA RD,40.0,,442.49,Cash,Nottingham,UK,40.0,debit
453,2022-03-22,DEB,PRIMARK,13.5,,482.49,Clothes,Unknown,Unknown,13.5,debit
454,2022-03-22,BP,SAVE THE CHANGE,1.5,,495.99,Savings,Nottingham,UK,1.5,debit
455,2022-03-21,DEB,TESCO STORES 6430,7.55,,497.49,Groceries,Unknown,Unknown,7.55,debit
456,2022-03-21,DEB,STARBUCKS,6.45,,505.04,Dine Out,Unknown,Unknown,6.45,debit
457,2022-03-21,DEB,SPORTSDIRECT 195,4.5,,511.49,Other Shopping,Unknown,Unknown,4.5,debit
458,2022-03-21,BP,SAVE THE CHANGE,2.54,,515.99,Savings,Nottingham,UK,2.54,debit
459,2022-03-21,DEB,LIDL GB  NOTTINGHA,28.13,,518.53,Groceries,Nottingham,UK,28.13,debit
460,2022-03-21,FPO,MISS D WU,30.0,,546.66,Services,Nottingham,UK,30.0,debit
461,2022-03-18,DEB,HPI INSTANT INK UK,4.49,,576.66,Other Shopping,Unknown,Unknown,4.49,debit
462,2022-03-18,DEB,SUMUP  *LTP,15.0,,581.15,Services,Nottingham,UK,15.0,debit
463,2022-03-18,DEB,Subway 32610 Midla,6.19,,596.15,Dine Out,Nottingham,UK,6.19,debit
464,2022-03-18,DEB,ATRIUM JUBILEE 1,2.65,,602.34,Dine Out,Nottingham,UK,2.65,debit
465,2022-03-17,DD,VIRGIN MEDIA PYMTS,25.5,,604.99,Bills,Nottingham,UK,25.5,debit
466,2022-03-17,BP,SAVE THE CHANGE,1.85,,630.49,Savings,Nottingham,UK,1.85,debit
467,2022-03-16,DEB,LIDL GB NOTTINGHAM,16.1,,632.34,Groceries,Nottingham,UK,16.1,debit
468,2022-03-16,DEB,ATRIUM JUBILEE 1,13.5,,648.44,Dine Out,Nottingham,UK,13.5,debit
469,2022-03-16,DEB,Amazon.co.uk*2159U,5.84,,661.94,Amazon,Nottingham,UK,5.84,debit
470,2022-03-16,DEB,UBER   *TRIP,4.71,,667.78,Travel,Unknown,Unknown,4.71,debit
471,2022-03-16,FPO,MISS D WU,6.35,,672.49,Services,Nottingham,UK,6.35,debit
472,2022-03-16,DD,O2,17.31,,678.84,Other Shopping,Nottingham,UK,17.31,debit
473,2022-03-15,BP,SAVE THE CHANGE,2.0,,696.15,Savings,Nottingham,UK,2.0,debit
474,2022-03-14,FPO,TAMBA TAM,7.0,,698.15,Services,Nottingham,UK,7.0,debit
475,2022-03-14,DEB,LIDL GB NOTTINGHAM,53.54,,705.15,Groceries,Nottingham,UK,53.54,debit
476,2022-03-14,DEB,UBER   *TRIP,5.33,,758.69,Travel,Unknown,Unknown,5.33,debit
477,2022-03-14,DEB,UBER   *TRIP,19.33,,764.02,Travel,Unknown,Unknown,19.33,debit
478,2022-03-14,DEB,UBER   *TRIP,17.8,,783.35,Travel,Unknown,Unknown,17.8,debit
479,2022-03-14,BP,SAVE THE CHANGE,2.15,,801.15,Savings,Nottingham,UK,2.15,debit
480,2022-03-14,DEB,RAMSDALE PARK GC,13.0,,803.3,Entertainment,Nottingham,UK,13.0,debit
481,2022-03-14,DEB,RAMSDALE PARK GC,13.0,,816.3,Entertainment,Nottingham,UK,13.0,debit
482,2022-03-14,DEB,Subway 30392 Lento,8.58,,829.3,Dine Out,Nottingham,UK,8.58,debit
483,2022-03-14,DEB,RAMSDALE PARK GC,7.85,,837.88,Entertainment,Nottingham,UK,7.85,debit
484,2022-03-14,CPT,LNK COOPERATIVE LE,50.0,,845.73,Cash,Leicester,UK,50.0,debit
485,2022-03-14,DEB,Subway 26377 Corne,7.28,,895.73,Dine Out,Nottingham,UK,7.28,debit
486,2022-11-03,DEB,SUMUP  *LTP,15.0,,903.01,Services,Nottingham,UK,15.0,debit
487,2022-11-03,DEB,Subway 32610 Midla,6.89,,918.01,Dine Out,Nottingham,UK,6.89,debit
488,2022-11-03,DEB,ATRIUM JUBILEE 1,4.25,,924.9,Dine Out,Nottingham,UK,4.25,debit
489,2022-10-03,FPO,TAMBA TAM,10.0,,929.15,Services,Nottingham,UK,10.0,debit
490,2022-10-03,BP,SAVE THE CHANGE,0.76,,939.15,Savings,Nottingham,UK,0.76,debit
491,2022-09-03,DEB,Amazon Prime*2X250,79.0,,939.91,Amazon,Nottingham,UK,79.0,debit
492,2022-09-03,DEB,Amazon.co.uk*2X7YI,13.99,,1018.91,Amazon,Nottingham,UK,13.99,debit
493,2022-09-03,DEB,Amazon.co.uk*2X6A1,6.0,,1032.9,Amazon,Nottingham,UK,6.0,debit
494,2022-09-03,DEB,ATRIUM JUBILEE 1,4.25,,1038.9,Dine Out,Nottingham,UK,4.25,debit
495,2022-09-03,BP,SAVE THE CHANGE,0.26,,1043.15,Savings,Nottingham,UK,0.26,debit
496,2022-08-03,DEB,LIDL GB  NOTTINGHA,20.76,,1043.41,Groceries,Nottingham,UK,20.76,debit
497,2022-08-03,DEB,AMZNMktplace,14.99,,1064.17,Amazon,Nottingham,UK,14.99,debit
498,2022-08-03,DEB,AMZNMktplace,9.99,,1079.16,Amazon,Nottingham,UK,9.99,debit
499,2022-08-03,BP,SAVE THE CHANGE,0.12,,1089.15,Savings,Nottingham,UK,0.12,debit
500,2022-07-03,DEB,CINEWORLD,32.88,,1089.27,Entertainment,Nottingham,UK,32.88,debit
501,2022-07-03,BP,SAVE THE CHANGE,4.52,,1122.15,Savings,Nottingham,UK,4.52,debit
502,2022-07-03,DEB,ORIENTAL MART HYDR,54.52,,1126.67,Groceries,Nottingham,UK,54.52,debit
503,2022-07-03,DEB,LIDL GB NOTTINGHAM,48.3,,1181.19,Groceries,Nottingham,UK,48.3,debit
504,2022-07-03,DEB,Tasnack,25.7,,1229.49,Dine Out,Nottingham,UK,25.7,debit
505,2022-07-03,DEB,NOTTINGHAM WATCH R,10.0,,1255.19,Others,Nottingham,UK,10.0,debit
506,2022-07-03,DEB,UBER* TRIP,5.16,,1265.19,Travel,Unknown,Unknown,5.16,debit
507,2022-07-03,DEB,HEAVENLY DESSERTS,6.2,,1270.35,Dine Out,Nottingham,UK,6.2,debit
508,2022-07-03,CPT,LOYD LOYD LOWER PA,40.0,,1276.55,Cash,Nottingham,UK,40.0,debit
509,2022-04-03,DEB,SUMUP  *LTP,24.0,,1316.55,Services,Nottingham,UK,24.0,debit
510,2022-04-03,DEB,Subway 32610 Midla,6.89,,1340.55,Dine Out,Nottingham,UK,6.89,debit
511,2022-04-03,DEB,ATRIUM JUBILEE 1,4.25,,1347.44,Dine Out,Nottingham,UK,4.25,debit
512,2022-04-03,DEB,LIDL GB NOTTINGHAM,2.46,,1351.69,Groceries,Nottingham,UK,2.46,debit
513,2022-04-03,BP,SAVE THE CHANGE,0.75,,1354.15,Savings,Nottingham,UK,0.75,debit
514,2022-03-03,DEB,Amazon.co.uk*2X4DF,7.0,,1354.9,Amazon,Nottingham,UK,7.0,debit
515,2022-03-03,DEB,ATRIUM JUBILEE 1,4.25,,1361.9,Dine Out,Nottingham,UK,4.25,debit
516,2022-03-03,BP,SAVE THE CHANGE,0.86,,1366.15,Savings,Nottingham,UK,0.86,debit
517,2022-02-03,DEP,CLUB LLOYDS WAIVED,,3.0,1367.01,Supplementary Income,Nottingham,UK,3.0,credit
518,2022-02-03,PAY,CLUB LLOYDS FEE,3.0,,1364.01,Bills,Nottingham,UK,3.0,debit
519,2022-02-03,DEB,TESCO STORES 5653,16.6,,1367.01,Groceries,Unknown,Unknown,16.6,debit
520,2022-02-03,DEB,Subway 32610 Midla,6.89,,1383.61,Dine Out,Nottingham,UK,6.89,debit
521,2022-02-03,DEB,ATRIUM JUBILEE 1,2.65,,1390.5,Dine Out,Nottingham,UK,2.65,debit
522,2022-02-03,TFR,R LAWRENCE,,27.69,1393.15,Supplementary Income,Nottingham,UK,27.69,credit
523,2022-02-03,FPO,TAMBA TAM,7.0,,1365.46,Services,Nottingham,UK,7.0,debit
524,2022-02-03,FPO,MISS D WU,10.0,,1372.46,Services,Nottingham,UK,10.0,debit
525,2022-02-03,BP,SAVE THE CHANGE,0.95,,1382.46,Savings,Nottingham,UK,0.95,debit
526,2022-01-03,Unknown,INTEREST (GROSS),,0.47,1383.41,Interest,Nottingham,UK,0.47,credit
527,2022-01-03,DEB,SAINSBURYS S/MKTS,33.05,,1382.94,Groceries,Unknown,Unknown,33.05,debit
528,2022-01-03,DD,BARCLAYS UK MTGES,981.71,,1415.99,Bills,Nottingham,UK,981.71,debit
529,2022-01-03,DD,NOTTM CITY COUNC,157.0,,2397.7,Bills,Nottingham,UK,157.0,debit
530,2022-01-03,DD,OCTOPUS ENERGY,90.0,,2554.7,Bills,Nottingham,UK,90.0,debit
531,2022-01-03,DD,SEVERN TRENT WATER,41.89,,2644.7,Bills,Nottingham,UK,41.89,debit
532,2022-01-03,SO,ESAVINGS ACCOUNT,300.0,,2686.59,Savings,Nottingham,UK,300.0,debit
533,2022-01-03,BP,SAVE THE CHANGE,1.08,,2986.59,Savings,Nottingham,UK,1.08,debit
534,2022-02-28,DEB,UBER   *TRIP,7.11,,2987.67,Travel,Unknown,Unknown,7.11,debit
535,2022-02-28,DEB,UBER   *TRIP,6.81,,2994.78,Travel,Unknown,Unknown,6.81,debit
536,2022-02-28,BP,SAVE THE CHANGE,2.47,,3001.59,Savings,Nottingham,UK,2.47,debit
537,2022-02-28,DEB,BURGER KING,13.57,,3004.06,Dine Out,Unknown,Unknown,13.57,debit
538,2022-02-28,DEB,LIDL GB  NOTTINGHA,10.11,,3017.63,Groceries,Nottingham,UK,10.11,debit
539,2022-02-28,DEB,SQ *NOTTINGHAM BAC,12.0,,3027.74,Entertainment,Nottingham,UK,12.0,debit
540,2022-02-28,DEB,CONFETTI CONSTELLA,8.2,,3039.74,Home Improvement,Nottingham,UK,8.2,debit
541,2022-02-28,FPO,MISS D WU,5.1,,3047.94,Services,Nottingham,UK,5.1,debit
542,2022-02-28,FPO,MISS D WU,11.0,,3053.04,Services,Nottingham,UK,11.0,debit
543,2022-02-25,DEB,SUMUP  *LTP,30.0,,3064.04,Services,Nottingham,UK,30.0,debit
544,2022-02-25,DEB,ATRIUM JUBILEE 1,2.65,,3094.04,Dine Out,Nottingham,UK,2.65,debit
545,2022-02-25,FPO,TRADING212UK,200.0,,3096.69,Investment,Nottingham,UK,200.0,debit
546,2022-02-25,FPO,TRADING212UK,1000.0,,3296.69,Investment,Nottingham,UK,1000.0,debit
547,2022-02-25,FPI,PAULINA PIPPEN,,317.0,4296.69,Supplementary Income,Nottingham,UK,317.0,credit
548,2022-02-25,DD,TALKTALK LIMITED,29.95,,3979.69,Bills,Nottingham,UK,29.95,debit
549,2022-02-25,BP,SAVE THE CHANGE,0.01,,4009.64,Savings,Nottingham,UK,0.01,debit
550,2022-02-25,BGC,UNIV OF NOTTINGHAM,,3801.83,4009.65,Paycheck,Nottingham,UK,3801.83,credit
551,2022-02-24,FPO,MISS D WU,10.0,,207.82,Services,Nottingham,UK,10.0,debit
552,2022-02-24,DEB,Audible UK,7.99,,217.82,Entertainment,Nottingham,UK,7.99,debit
553,2022-02-24,FPO,TAMBA TAM,10.0,,225.81,Services,Nottingham,UK,10.0,debit
554,2022-02-24,FPO,MISS D WU,5.6,,235.81,Services,Nottingham,UK,5.6,debit
555,2022-02-24,BP,SAVE THE CHANGE,1.15,,241.41,Savings,Nottingham,UK,1.15,debit
556,2022-02-23,DEB,UBER   *TRIP,13.31,,242.56,Travel,Unknown,Unknown,13.31,debit
557,2022-02-23,DEB,Subway 32610 Midla,10.88,,255.87,Dine Out,Nottingham,UK,10.88,debit
558,2022-02-23,DEB,ATRIUM JUBILEE 1,9.75,,266.75,Dine Out,Nottingham,UK,9.75,debit
559,2022-02-23,DEB,UBER* TRIP,7.91,,276.5,Travel,Unknown,Unknown,7.91,debit
560,2022-02-23,FPO,TRADING212UK,200.0,,284.41,Investment,Nottingham,UK,200.0,debit
561,2022-02-23,BP,SAVE THE CHANGE,0.51,,484.41,Savings,Nottingham,UK,0.51,debit
562,2022-02-22,DEB,ORIENTAL MART HYDR,17.51,,484.92,Groceries,Nottingham,UK,17.51,debit
563,2022-02-22,DEB,T K MAXX,5.98,,502.43,Other Shopping,Unknown,Unknown,5.98,debit
564,2022-02-22,BP,SAVE THE CHANGE,1.26,,508.41,Savings,Nottingham,UK,1.26,debit
565,2022-02-21,DEB,TESCO STORE 2960,35.54,,509.67,Groceries,Unknown,Unknown,35.54,debit
566,2022-02-21,DEB,HEAVENLY DESSERTS,7.2,,545.21,Dine Out,Nottingham,UK,7.2,debit
567,2022-02-21,BP,SAVE THE CHANGE,2.11,,552.41,Savings,Nottingham,UK,2.11,debit
568,2022-02-21,DEB,AMZNMktplace,9.99,,554.52,Amazon,Nottingham,UK,9.99,debit
569,2022-02-21,DEB,SAINSBURY S S/MKTS,1.69,,564.51,Groceries,Unknown,Unknown,1.69,debit
570,2022-02-21,FPI,SHEILA SMITH,,380.0,566.2,Supplementary Income,Nottingham,UK,380.0,credit
571,2022-02-21,DEB,LIDL GB  NOTTINGHA,19.65,,186.2,Groceries,Nottingham,UK,19.65,debit
572,2022-02-21,FPO,MISS D WU,36.5,,205.85,Services,Nottingham,UK,36.5,debit
573,2022-02-21,FPO,MISS D WU,10.0,,242.35,Services,Nottingham,UK,10.0,debit
574,2022-02-18,DEB,AMZNMktplace,42.43,,252.35,Amazon,Nottingham,UK,42.43,debit
575,2022-02-18,DEB,SUMUP  *LTP,15.0,,294.78,Services,Nottingham,UK,15.0,debit
576,2022-02-18,DEB,Subway 32610 Midla,6.89,,309.78,Dine Out,Nottingham,UK,6.89,debit
577,2022-02-18,DEB,ATRIUM JUBILEE 1,2.65,,316.67,Dine Out,Nottingham,UK,2.65,debit
578,2022-02-18,DEB,JUBILEE SPAR,1.59,,319.32,Others,Nottingham,UK,1.59,debit
579,2022-02-18,CPT,LNK TESCO HK R NOT,30.0,,320.91,Cash,nottingham,UK,30.0,debit
580,2022-02-17,DD,VIRGIN MEDIA PYMTS,25.5,,350.91,Bills,Nottingham,UK,25.5,debit
581,2022-02-17,BP,SAVE THE CHANGE,1.56,,376.41,Savings,Nottingham,UK,1.56,debit
582,2022-02-16,DEB,Subway 32610 Midla,6.19,,377.97,Dine Out,Nottingham,UK,6.19,debit
583,2022-02-16,DEB,ATRIUM JUBILEE 1,4.25,,384.16,Dine Out,Nottingham,UK,4.25,debit
584,2022-02-16,DD,O2,16.66,,388.41,Other Shopping,Nottingham,UK,16.66,debit
585,2022-02-16,BP,SAVE THE CHANGE,1.6,,405.07,Savings,Nottingham,UK,1.6,debit
586,2022-02-15,DEB,THE CALCUTTA CLUB,93.85,,406.67,Dine Out,Nottingham,UK,93.85,debit
587,2022-02-15,DEB,LIDL GB  NOTTINGHA,7.31,,500.52,Groceries,Nottingham,UK,7.31,debit
588,2022-02-15,DEB,HPI INSTANT INK UK,3.49,,507.83,Other Shopping,Unknown,Unknown,3.49,debit
589,2022-02-15,DEB,HEAVENLY DESSERTS,20.75,,511.32,Dine Out,Nottingham,UK,20.75,debit
590,2022-02-15,DEB,THE CALCUTTA CLUB,,9.05,532.07,Supplementary Income,Nottingham,UK,9.05,credit
591,2022-02-15,BP,SAVE THE CHANGE,1.73,,523.02,Savings,Nottingham,UK,1.73,debit
592,2022-02-14,DEB,CINEWORLD NOT CP,17.98,,524.75,Entertainment,Nottingham,UK,17.98,debit
593,2022-02-14,DEB,Subway 26377 Corne,11.68,,542.73,Dine Out,Nottingham,UK,11.68,debit
594,2022-02-14,DEB,TESCO STORES 5954,4.05,,554.41,Groceries,Unknown,Unknown,4.05,debit
595,2022-02-14,DEB,UBER   *TRIP,5.56,,558.46,Travel,Unknown,Unknown,5.56,debit
596,2022-02-14,BP,SAVE THE CHANGE,3.03,,564.02,Savings,Nottingham,UK,3.03,debit
597,2022-02-14,DEB,Kiehls since 1851,39.6,,567.05,Other Shopping,Unknown,Unknown,39.6,debit
598,2022-02-14,DEB,LIDL GB NOTTINGHAM,35.04,,606.65,Groceries,Nottingham,UK,35.04,debit
599,2022-02-14,DEB,LIDL GB NOTTINGHAM,31.26,,641.69,Groceries,Nottingham,UK,31.26,debit
600,2022-02-14,DEB,The Body Shop,12.75,,672.95,Other Shopping,Unknown,Unknown,12.75,debit
601,2022-02-14,DEB,AMZNMktplace,14.32,,685.7,Amazon,Nottingham,UK,14.32,debit
602,2022-02-14,DEB,SUMUP  *HAVANA SAL,10.0,,700.02,Services,Nottingham,UK,10.0,debit
603,2022-02-14,FPO,MISS D WU,7.0,,710.02,Services,Nottingham,UK,7.0,debit
604,2022-11-02,FPO,MISS D WU,10.0,,717.02,Services,Nottingham,UK,10.0,debit
605,2022-11-02,BP,SAVE THE CHANGE,0.94,,727.02,Savings,Nottingham,UK,0.94,debit
606,2022-10-02,DEB,LIDL GB  NOTTINGHA,20.06,,727.96,Groceries,Nottingham,UK,20.06,debit
607,2022-10-02,BP,SAVE THE CHANGE,0.73,,748.02,Savings,Nottingham,UK,0.73,debit
608,2022-09-02,DEB,AMZNMktplace,47.68,,748.75,Amazon,Nottingham,UK,47.68,debit
609,2022-09-02,DEB,AMZNMktplace,33.59,,796.43,Amazon,Nottingham,UK,33.59,debit
610,2022-09-02,BP,SAVE THE CHANGE,0.35,,830.02,Savings,Nottingham,UK,0.35,debit
611,2022-08-02,DEB,PRET A MANGER,30.65,,830.37,Dine Out,Unknown,Unknown,30.65,debit
612,2022-08-02,BP,SAVE THE CHANGE,4.02,,861.02,Savings,Nottingham,UK,4.02,debit
613,2022-07-02,DEB,EAST MIDS RAILWAY,66.5,,865.04,Travel,Unknown,Unknown,66.5,debit
614,2022-07-02,DEB,UBER   *TRIP,18.3,,931.54,Travel,Unknown,Unknown,18.3,debit
615,2022-07-02,DEB,GREGGS,10.2,,949.84,Dine Out,Unknown,Unknown,10.2,debit
616,2022-07-02,DEB,UBER   *TRIP,8.83,,960.04,Travel,Unknown,Unknown,8.83,debit
617,2022-07-02,DEB,UBER   *TRIP,8.47,,968.87,Travel,Unknown,Unknown,8.47,debit
618,2022-07-02,DEB,UBER   *TRIP,7.15,,977.34,Travel,Unknown,Unknown,7.15,debit
619,2022-07-02,DEB,UBER   *TRIP,6.0,,984.49,Travel,Unknown,Unknown,6.0,debit
620,2022-07-02,DEB,UBER   *TRIP,9.71,,990.49,Travel,Unknown,Unknown,9.71,debit
621,2022-07-02,DEB,UBER   *TRIP,8.82,,1000.2,Travel,Unknown,Unknown,8.82,debit
622,2022-07-02,BP,SAVE THE CHANGE,3.63,,1009.02,Savings,Nottingham,UK,3.63,debit
623,2022-07-02,FPO,MISS D WU,59.0,,1012.65,Services,Nottingham,UK,59.0,debit
624,2022-07-02,DEB,MUANG THAI 9 LTD,45.95,,1071.65,Dine Out,London,UK,45.95,debit
625,2022-07-02,DEB,STARBUCKS,17.64,,1117.6,Dine Out,Unknown,Unknown,17.64,debit
626,2022-07-02,DEB,BOOTSKILBURN,4.89,,1135.24,Other Shopping,London,UK,4.89,debit
627,2022-07-02,DEB,UBER   *TRIP,11.44,,1140.13,Travel,Unknown,Unknown,11.44,debit
628,2022-07-02,DEB,MCDONALDS,10.51,,1151.57,Dine Out,Unknown,Unknown,10.51,debit
629,2022-07-02,DEB,UBER   *TRIP,8.93,,1162.08,Travel,Unknown,Unknown,8.93,debit
630,2022-07-02,DEB,WELCOME BREAK-NEWP,7.75,,1171.01,Others,Nottingham,UK,7.75,debit
631,2022-07-02,DEB,TESCO STORES 5244,7.75,,1178.76,Groceries,Unknown,Unknown,7.75,debit
632,2022-07-02,DEB,UBER   *TRIP,7.4,,1186.51,Travel,Unknown,Unknown,7.4,debit
633,2022-07-02,DEB,UBER   *TRIP,1.0,,1193.91,Travel,Unknown,Unknown,1.0,debit
634,2022-07-02,DEB,LIDL GB  NOTTINGHA,7.86,,1194.91,Groceries,Nottingham,UK,7.86,debit
635,2022-04-02,DEB,ATRIUM JUBILEE 1,4.25,,1202.77,Dine Out,Nottingham,UK,4.25,debit
636,2022-04-02,DEB,BookingUK (LTD),,30.6,1207.02,Supplementary Income,Nottingham,UK,30.6,credit
637,2022-04-02,BP,SAVE THE CHANGE,0.46,,1176.42,Savings,Nottingham,UK,0.46,debit
638,2022-03-02,DEB,BookingUK (LTD),187.96,,1176.88,Travel,Unknown,Unknown,187.96,debit
639,2022-03-02,DEB,LIDL GB  NOTTINGHA,14.58,,1364.84,Groceries,Nottingham,UK,14.58,debit
640,2022-03-02,BP,SAVE THE CHANGE,1.69,,1379.42,Savings,Nottingham,UK,1.69,debit
641,2022-02-02,DEP,CLUB LLOYDS WAIVED,,3.0,1381.11,Supplementary Income,Nottingham,UK,3.0,credit
642,2022-02-02,PAY,CLUB LLOYDS FEE,3.0,,1378.11,Bills,Nottingham,UK,3.0,debit
643,2022-02-02,DEB,Subway 32610 Midla,6.19,,1381.11,Dine Out,Nottingham,UK,6.19,debit
644,2022-02-02,DEB,LIDL GB NOTTINGHAM,5.47,,1387.3,Groceries,Nottingham,UK,5.47,debit
645,2022-02-02,DEB,ATRIUM JUBILEE 1,2.65,,1392.77,Dine Out,Nottingham,UK,2.65,debit
646,2022-02-02,FPO,MISS D WU,7.0,,1395.42,Services,Nottingham,UK,7.0,debit
647,2022-02-02,CPT,LNK TESCO HK R NOT,50.0,,1402.42,Cash,nottingham,UK,50.0,debit
648,2022-02-02,FPO,TAMBA TAM,8.0,,1452.42,Services,Nottingham,UK,8.0,debit
649,2022-02-02,BP,SAVE THE CHANGE,0.35,,1460.42,Savings,Nottingham,UK,0.35,debit
650,2022-01-02,Unknown,INTEREST (GROSS),,0.48,1460.77,Interest,Nottingham,UK,0.48,credit
651,2022-01-02,DEB,AMZNMktplace,23.85,,1460.29,Amazon,Nottingham,UK,23.85,debit
652,2022-01-02,DEB,HEAVENLY DESSERTS,17.8,,1484.14,Dine Out,Nottingham,UK,17.8,debit
653,2022-01-02,TFR,R LAWRENCE,,150.0,1501.94,Supplementary Income,Nottingham,UK,150.0,credit
654,2022-01-02,DD,BARCLAYS UK MTGES,981.71,,1351.94,Bills,Nottingham,UK,981.71,debit
655,2022-01-02,DD,NOTTM CITY COUNC,157.0,,2333.65,Bills,Nottingham,UK,157.0,debit
656,2022-01-02,DD,OCTOPUS ENERGY,90.0,,2490.65,Bills,Nottingham,UK,90.0,debit
657,2022-01-02,DD,SEVERN TRENT WATER,41.89,,2580.65,Bills,Nottingham,UK,41.89,debit
658,2022-01-02,SO,ESAVINGS ACCOUNT,300.0,,2622.54,Savings,Nottingham,UK,300.0,debit
659,2022-01-02,BP,SAVE THE CHANGE,0.88,,2922.54,Savings,Nottingham,UK,0.88,debit
660,2022-01-31,DEB,UBER   *TRIP,5.12,,2923.42,Travel,Unknown,Unknown,5.12,debit
661,2022-01-31,DEB,UBER   *TRIP,1.0,,2928.54,Travel,Unknown,Unknown,1.0,debit
662,2022-01-31,BP,SAVE THE CHANGE,2.48,,2929.54,Savings,Nottingham,UK,2.48,debit
663,2022-01-31,DEB,LIDL GB NOTTINGHAM,58.54,,2932.02,Groceries,Nottingham,UK,58.54,debit
664,2022-01-31,FPO,TAMBA TAM,10.0,,2990.56,Services,Nottingham,UK,10.0,debit
665,2022-01-31,FPO,TAMBA TAM,10.0,,3000.56,Services,Nottingham,UK,10.0,debit
666,2022-01-31,DEB,CASSAL RESTAURANTS,17.0,,3010.56,Dine Out,Unknown,Unknown,17.0,debit
667,2022-01-31,DEB,AMZNMktplace,11.99,,3027.56,Amazon,Nottingham,UK,11.99,debit
668,2022-01-31,FPO,MISS D WU,10.0,,3039.55,Services,Nottingham,UK,10.0,debit
669,2022-01-31,FPO,MISS D WU,5.0,,3049.55,Services,Nottingham,UK,5.0,debit
670,2022-01-28,DEB,SUMUP  *LTP,24.0,,3054.55,Services,Nottingham,UK,24.0,debit
671,2022-01-28,DEB,Subway 32610 Midla,6.19,,3078.55,Dine Out,Nottingham,UK,6.19,debit
672,2022-01-28,DEB,ATRIUM JUBILEE 1,4.25,,3084.74,Dine Out,Nottingham,UK,4.25,debit
673,2022-01-28,DEB,TESCO STORES 5653,0.55,,3088.99,Groceries,Unknown,Unknown,0.55,debit
674,2022-01-28,FPO,TRADING212UK,1100.0,,3089.54,Investment,Nottingham,UK,1100.0,debit
675,2022-01-28,DD,TALKTALK LIMITED,26.42,,4189.54,Bills,Nottingham,UK,26.42,debit
676,2022-01-28,BP,SAVE THE CHANGE,0.77,,4215.96,Savings,Nottingham,UK,0.77,debit
677,2022-01-28,BGC,UNIV OF NOTTINGHAM,,3801.84,4216.73,Paycheck,Nottingham,UK,3801.84,credit
678,2022-01-27,DEB,LIDL GB  NOTTINGHA,17.23,,414.89,Groceries,Nottingham,UK,17.23,debit
679,2022-01-27,BP,SAVE THE CHANGE,0.92,,432.12,Savings,Nottingham,UK,0.92,debit
680,2022-01-26,DEB,Subway 32610 Midla,6.99,,433.04,Dine Out,Nottingham,UK,6.99,debit
681,2022-01-26,DEB,ATRIUM JUBILEE 1,2.65,,440.03,Dine Out,Nottingham,UK,2.65,debit
682,2022-01-26,DEB,AMZNMktplace,48.44,,442.68,Amazon,Nottingham,UK,48.44,debit
683,2022-01-26,FPO,TAMBA TAM,10.0,,491.12,Services,Nottingham,UK,10.0,debit
684,2022-01-26,BP,SAVE THE CHANGE,0.83,,501.12,Savings,Nottingham,UK,0.83,debit
685,2022-01-26,FPO,MISS D WU,7.0,,501.95,Services,Nottingham,UK,7.0,debit
686,2022-01-25,DEB,YE OLDE TRIP TO JE,21.17,,508.95,Dine Out,Nottingham,UK,21.17,debit
687,2022-01-25,FPO,TRADING212UK,200.0,,530.12,Investment,Nottingham,UK,200.0,debit
688,2022-01-25,FPO,VINOTH VINCE,5.0,,730.12,Services,Nottingham,UK,5.0,debit
689,2022-01-25,BP,SAVE THE CHANGE,1.21,,735.12,Savings,Nottingham,UK,1.21,debit
690,2022-01-24,FPI,PAULINA PIPPEN,,320.0,736.33,Supplementary Income,Nottingham,UK,320.0,credit
691,2022-01-24,DEB,Audible UK,7.99,,416.33,Entertainment,Nottingham,UK,7.99,debit
692,2022-01-24,DEB,ROLLS ROYCE LEISUR,4.5,,424.32,Entertainment,Derby,UK,4.5,debit
693,2022-01-24,DEB,ROLLS ROYCE LEISUR,4.3,,428.82,Entertainment,Derby,UK,4.3,debit
694,2022-01-24,BP,SAVE THE CHANGE,1.46,,433.12,Savings,Nottingham,UK,1.46,debit
695,2022-01-24,DEB,MOWGLI STREET FOOD,35.85,,434.58,Dine Out,Nottingham,UK,35.85,debit
696,2022-01-24,DEB,NOTTINGHAM CASTLE,19.0,,470.43,Entertainment,Nottingham,UK,19.0,debit
697,2022-01-21,DEB,LIDL GB NOTTINGHAM,18.94,,489.43,Groceries,Nottingham,UK,18.94,debit
698,2022-01-21,DEB,ATRIUM JUBILEE 1,2.3,,508.37,Dine Out,Nottingham,UK,2.3,debit
699,2022-01-21,DEB,CAFFE NERO NOTTING,9.45,,510.67,Dine Out,Nottingham,UK,9.45,debit
700,2022-01-21,CPT,LNK TESCO HK R NOT,40.0,,520.12,Cash,nottingham,UK,40.0,debit
701,2022-01-21,BP,SAVE THE CHANGE,0.57,,560.12,Savings,Nottingham,UK,0.57,debit
702,2022-01-20,FPO,TRADING212UK,300.0,,560.69,Investment,Nottingham,UK,300.0,debit
703,2022-01-20,FPI,SHEILA SMITH,,380.0,860.69,Supplementary Income,Nottingham,UK,380.0,credit
704,2022-01-20,DEB,ORIENTAL MART HYDR,9.78,,480.69,Groceries,Nottingham,UK,9.78,debit
705,2022-01-20,DEB,GREGGS,2.65,,490.47,Dine Out,Unknown,Unknown,2.65,debit
706,2022-01-20,BP,SAVE THE CHANGE,1.31,,493.12,Savings,Nottingham,UK,1.31,debit
707,2022-01-19,DEB,Subway 32610 Midla,6.19,,494.43,Dine Out,Nottingham,UK,6.19,debit
708,2022-01-19,DEB,ATRIUM JUBILEE 1,2.5,,500.62,Dine Out,Nottingham,UK,2.5,debit
709,2022-01-19,BP,SAVE THE CHANGE,0.69,,503.12,Savings,Nottingham,UK,0.69,debit
710,2022-01-18,FPO,MISS D WU,6.0,,503.81,Services,Nottingham,UK,6.0,debit
711,2022-01-18,FPO,TAMBA TAM,10.0,,509.81,Services,Nottingham,UK,10.0,debit
712,2022-01-18,DEB,LIDL GB  NOTTINGHA,17.31,,519.81,Groceries,Nottingham,UK,17.31,debit
713,2022-01-18,BP,SAVE THE CHANGE,0.1,,537.12,Savings,Nottingham,UK,0.1,debit
714,2022-01-17,DEB,CAVES,19.9,,537.22,Entertainment,Nottingham,UK,19.9,debit
715,2022-01-17,DD,VIRGIN MEDIA PYMTS,25.5,,557.12,Bills,Nottingham,UK,25.5,debit
716,2022-01-17,DD,O2,17.06,,582.62,Other Shopping,Nottingham,UK,17.06,debit
717,2022-01-17,BP,SAVE THE CHANGE,3.42,,599.68,Savings,Nottingham,UK,3.42,debit
718,2022-01-17,DEB,MUSEUM,16.4,,603.1,Entertainment,Unknown,Unknown,16.4,debit
719,2022-01-17,DEB,200 DEGREES,9.7,,619.5,Dine Out,Nottingham,UK,9.7,debit
720,2022-01-17,DEB,POUNDLAND LTD 1718,8.75,,629.2,Groceries,Nottingham,UK,8.75,debit
721,2022-01-17,FPO,TAMBA TAM,115.0,,637.95,Services,Nottingham,UK,115.0,debit
722,2022-01-17,DEB,LIDL GB  NOTTINGHA,20.45,,752.95,Groceries,Nottingham,UK,20.45,debit
723,2022-01-14,DEB,Subway 32610 Midla,6.19,,773.4,Dine Out,Nottingham,UK,6.19,debit
724,2022-01-14,DEB,ORIENTAL MART HYDR,5.1,,779.59,Groceries,Nottingham,UK,5.1,debit
725,2022-01-14,DEB,AMZNMktplace,12.99,,784.69,Amazon,Nottingham,UK,12.99,debit
726,2022-01-14,BP,SAVE THE CHANGE,0.51,,797.68,Savings,Nottingham,UK,0.51,debit
727,2022-01-14,FPO,ANTIGONI ABRAHMS,6.0,,798.19,Entertainment,London,UK,6.0,debit
728,2022-01-13,DEB,HPI INSTANT INK UK,3.49,,804.19,Other Shopping,Unknown,Unknown,3.49,debit
729,2022-01-13,BP,SAVE THE CHANGE,1.16,,807.68,Savings,Nottingham,UK,1.16,debit
730,2022-12-01,DEB,TESCO STORE 2960,12.2,,808.84,Groceries,Unknown,Unknown,12.2,debit
731,2022-12-01,DEB,Subway 32610 Midla,6.99,,821.04,Dine Out,Nottingham,UK,6.99,debit
732,2022-12-01,DEB,ATRIUM JUBILEE 1,2.65,,828.03,Dine Out,Nottingham,UK,2.65,debit
733,2022-12-01,BP,SAVE THE CHANGE,0.21,,830.68,Savings,Nottingham,UK,0.21,debit
734,2022-11-01,DEB,RAJAH FOOD STORE L,38.79,,830.89,Groceries,Nottingham,UK,38.79,debit
735,2022-11-01,BP,SAVE THE CHANGE,0.52,,869.68,Savings,Nottingham,UK,0.52,debit
736,2022-10-01,DEB,YANKEE STORE,19.48,,870.2,Other Shopping,Unknown,Unknown,19.48,debit
737,2022-10-01,BP,SAVE THE CHANGE,2.99,,889.68,Savings,Nottingham,UK,2.99,debit
738,2022-10-01,DEB,DISCO BOWL NOTTING,20.5,,892.67,Entertainment,Nottingham,UK,20.5,debit
739,2022-10-01,DEB,FUNSTATION,15.0,,913.17,Entertainment,Nottingham,UK,15.0,debit
740,2022-10-01,DEB,MCDONALDS,13.87,,928.17,Dine Out,Unknown,Unknown,13.87,debit
741,2022-10-01,DEB,POUNDLAND LTD 1718,13.0,,942.04,Groceries,Nottingham,UK,13.0,debit
742,2022-10-01,DEB,POUNDLAND LTD 1726,7.5,,955.04,Groceries,Nottingham,UK,7.5,debit
743,2022-10-01,DEB,LIDL GB NOTTINGHAM,5.67,,962.54,Groceries,Nottingham,UK,5.67,debit
744,2022-10-01,DEB,UBER   *TRIP,5.12,,968.21,Travel,Unknown,Unknown,5.12,debit
745,2022-10-01,DEB,UBER   *TRIP,1.0,,973.33,Travel,Unknown,Unknown,1.0,debit
746,2022-10-01,DEB,AMZ*Zeina Foods,,14.5,974.33,Supplementary Income,Nottingham,UK,14.5,credit
747,2022-07-01,DEB,TESCO STORE 2960,18.35,,959.83,Groceries,Unknown,Unknown,18.35,debit
748,2022-07-01,BP,SAVE THE CHANGE,3.67,,978.18,Savings,Nottingham,UK,3.67,debit
749,2022-06-01,FPO,MISS D WU,1.0,,981.85,Services,Nottingham,UK,1.0,debit
750,2022-06-01,DEB,LIDL GB  NOTTINGHA,12.54,,982.85,Groceries,Nottingham,UK,12.54,debit
751,2022-06-01,DEB,Subway 39497 Victo,6.19,,995.39,Dine Out,Nottingham,UK,6.19,debit
752,2022-06-01,DEB,TESCO STORE 2960,1.15,,1001.58,Groceries,Unknown,Unknown,1.15,debit
753,2022-06-01,DEB,AMZNMktplace,51.05,,1002.73,Amazon,Nottingham,UK,51.05,debit
754,2022-06-01,DEB,Amazon.co.uk*PU3OT,6.4,,1053.78,Amazon,Nottingham,UK,6.4,debit
755,2022-06-01,BP,SAVE THE CHANGE,0.09,,1060.18,Savings,Nottingham,UK,0.09,debit
756,2022-05-01,DEP,CLUB LLOYDS WAIVED,,3.0,1060.27,Supplementary Income,Nottingham,UK,3.0,credit
757,2022-05-01,PAY,CLUB LLOYDS FEE,3.0,,1057.27,Bills,Nottingham,UK,3.0,debit
758,2022-05-01,DEB,UBER   *TRIP,5.91,,1060.27,Travel,Unknown,Unknown,5.91,debit
759,2022-05-01,DEB,NEW STREET HCO,39.0,,1066.18,Clothes,Unknown,Unknown,39.0,debit
760,2022-05-01,BP,SAVE THE CHANGE,1.51,,1105.18,Savings,Nottingham,UK,1.51,debit
761,2022-04-01,Unknown,INTEREST (GROSS),,1.09,1106.69,Interest,Swansea,UK,1.09,credit
762,2022-04-01,FPO,ROBERT RECORD,14.0,,1105.6,Others,Nottingham,UK,14.0,debit
763,2022-04-01,DEB,BIRMINGHAM NS TVM,42.6,,1119.6,Hotels,Birmingham,UK,42.6,debit
764,2022-04-01,DEB,WAGAMAMA BIRMINGHA,24.85,,1162.2,Dine Out,Birmingham,UK,24.85,debit
765,2022-04-01,DEB,H & M,17.99,,1187.05,Clothes,Unknown,Unknown,17.99,debit
766,2022-04-01,DEB,Caffe Concerto,15.05,,1205.04,Dine Out,London/birmingham,UK,15.05,debit
767,2022-04-01,DEB,UBER   *TRIP,1.0,,1220.09,Travel,Unknown,Unknown,1.0,debit
768,2022-04-01,FPO,TRADING212UK,700.0,,1221.09,Investment,Nottingham,UK,700.0,debit
769,2022-04-01,DD,BARCLAYS UK MTGES,981.71,,1921.09,Bills,Nottingham,UK,981.71,debit
770,2022-04-01,DD,NOTTM CITY COUNC,157.0,,2902.8,Bills,Nottingham,UK,157.0,debit
771,2022-04-01,DD,OCTOPUS ENERGY,90.0,,3059.8,Bills,Nottingham,UK,90.0,debit
772,2022-04-01,DD,SEVERN TRENT WATER,41.89,,3149.8,Bills,Nottingham,UK,41.89,debit
773,2022-04-01,BP,Q WANG,,782.0,3191.69,Supplementary Income,Nottingham,UK,782.0,credit
774,2022-04-01,SO,ESAVINGS ACCOUNT,300.0,,2409.69,Savings,Nottingham,UK,300.0,debit
775,2022-04-01,BP,SAVE THE CHANGE,3.17,,2709.69,Savings,Nottingham,UK,3.17,debit
776,2022-04-01,DEB,HOLIDAY INN EXPRES,65.0,,2712.86,Hotels,Unknown,Unknown,65.0,debit
777,2022-04-01,DEB,LAS IGUANAS - TEMP,37.4,,2777.86,Dine Out,Nottingham,UK,37.4,debit
778,2022-04-01,DEB,UBER   *TRIP,24.08,,2815.26,Travel,Unknown,Unknown,24.08,debit
779,2022-04-01,DEB,AMZNMktplace,9.99,,2839.34,Amazon,Nottingham,UK,9.99,debit
780,2022-04-01,DEB,HILTON HOTELS,1.0,,2849.33,Hotels,Unknown,Unknown,1.0,debit
781,2022-04-01,DEB,AMZNMktplace,190.87,,2850.33,Amazon,Nottingham,UK,190.87,debit
782,2022-04-01,DEB,HILTON HOTELS,235.0,,3041.2,Hotels,Unknown,Unknown,235.0,debit
783,2022-04-01,DEB,VIETNAMESE STREET,31.46,,3276.2,Dine Out,Birmingham,UK,31.46,debit
784,2021-12-31,DEB,LIDL GB  NOTTINGHA,11.58,,3307.66,Groceries,Nottingham,UK,11.58,debit
785,2021-12-31,DEB,AMZNMktplace,13.45,,3319.24,Amazon,Nottingham,UK,13.45,debit
786,2021-12-31,DD,TALKTALK LIMITED,21.0,,3332.69,Bills,Nottingham,UK,21.0,debit
787,2021-12-30,BP,SAVE THE CHANGE,0.75,,3353.69,Savings,Nottingham,UK,0.75,debit
788,2021-12-29,DEB,LIDL GB  NOTTINGHA,17.28,,3354.44,Groceries,Nottingham,UK,17.28,debit
789,2021-12-29,DEB,AMZNMktplace,5.97,,3371.72,Amazon,Nottingham,UK,5.97,debit
790,2021-12-29,BP,SAVE THE CHANGE,1.25,,3377.69,Savings,Nottingham,UK,1.25,debit
791,2021-12-29,DEB,WILKO RETAIL LIMIT,13.0,,3378.94,Other Shopping,Unknown,Unknown,13.0,debit
792,2021-12-29,DEB,UBER   *TRIP,12.42,,3391.94,Travel,Nottingham,UK,12.42,debit
793,2021-12-29,DEB,UBER   *TRIP,1.0,,3404.36,Travel,Nottingham,UK,1.0,debit
794,2021-12-29,FPO,TAMBA TAM,85.0,,3405.36,Services,Nottingham,UK,85.0,debit
795,2021-12-29,DEB,AMZNMktplace,15.9,,3490.36,Amazon,Nottingham,UK,15.9,debit
796,2021-12-29,DEB,AMZNMktplace,9.99,,3506.26,Amazon,Nottingham,UK,9.99,debit
797,2021-12-29,FPO,TRADING212UK,200.0,,3516.25,Investment,Nottingham,UK,200.0,debit
798,2021-12-29,CPT,LNK 583 MANSFIELD,100.0,,3716.25,Cash,Mansfiled,UK,100.0,debit
799,2021-12-29,DEB,GOOGLE *YouTube Vi,3.49,,3816.25,Uncategorized,Nottingham,UK,3.49,debit
800,2021-12-29,FPI,PAULINA PIPPEN,,320.0,3819.74,Supplementary Income,Nottingham,UK,320.0,credit
801,2021-12-24,DEB,CINEWORLD NOT CP,31.97,,3499.74,Entertainment,Nottingham,UK,31.97,debit
802,2021-12-24,DEB,AMZNMktplace,12.99,,3531.71,Amazon,Nottingham,UK,12.99,debit
803,2021-12-24,DEB,Audible UK,7.99,,3544.7,Entertainment,Nottingham,UK,7.99,debit
804,2021-12-24,BP,SAVE THE CHANGE,2.19,,3552.69,Savings,Nottingham,UK,2.19,debit
805,2021-12-23,DEB,EAST MIDS RAILWAY,8.4,,3554.88,Travel,Nottingham,UK,8.4,debit
806,2021-12-23,DEB,Subway 39497 Victo,6.19,,3563.28,Dine Out,Nottingham,UK,6.19,debit
807,2021-12-23,DEB,AMZNMktplace,14.95,,3569.47,Amazon,Nottingham,UK,14.95,debit
808,2021-12-23,DEB,AMZNMktplace,11.27,,3584.42,Amazon,Nottingham,UK,11.27,debit
809,2021-12-23,BP,SAVE THE CHANGE,0.24,,3595.69,Savings,Nottingham,UK,0.24,debit
810,2021-12-22,DEB,LIDL GB  NOTTINGHA,10.76,,3595.93,Groceries,Nottingham,UK,10.76,debit
811,2021-12-22,FPO,TRADING212UK,1000.0,,3606.69,Investment,Nottingham,UK,1000.0,debit
812,2021-12-22,BP,SAVE THE CHANGE,0.6,,4606.69,Savings,Nottingham,UK,0.6,debit
813,2021-12-22,BGC,UNIV OF NOTTINGHAM,,3801.43,4607.29,Paycheck,Nottingham,UK,3801.43,credit
814,2021-12-21,DEB,LIDL GB  NOTTINGHA,27.61,,805.86,Groceries,Nottingham,UK,27.61,debit
815,2021-12-21,DEB,HOLLAND & BARRETT,15.98,,833.47,Groceries,Unknown,Unknown,15.98,debit
816,2021-12-21,DEB,T K MAXX,11.97,,849.45,Other Shopping,Unknown,Unknown,11.97,debit
817,2021-12-21,DEB,ORIENTAL MART HYDR,8.85,,861.42,Groceries,Nottingham,UK,8.85,debit
818,2021-12-21,DEB,AMZNMktplace,13.99,,870.27,Amazon,Nottingham,UK,13.99,debit
819,2021-12-21,FPO,TRADING212UK,100.0,,884.26,Investment,Nottingham,UK,100.0,debit
820,2021-12-21,FPO,TRADING212UK,700.0,,984.26,Investment,Nottingham,UK,700.0,debit
821,2021-12-21,FPI,Q WANG,,1000.0,1684.26,Supplementary Income,Nottingham,UK,1000.0,credit
822,2021-12-21,BP,SAVE THE CHANGE,0.6,,684.26,Savings,Nottingham,UK,0.6,debit
823,2021-12-20,FPO,TRADING212UK,300.0,,684.86,Investment,Nottingham,UK,300.0,debit
824,2021-12-20,FPI,SHEILA SMITH,,380.0,984.86,Supplementary Income,Nottingham,UK,380.0,credit
825,2021-12-20,DEB,SAINSBURYS S/MKTS,34.4,,604.86,Groceries,Unknown,Unknown,34.4,debit
826,2021-12-20,BP,SAVE THE CHANGE,1.08,,639.26,Savings,Nottingham,UK,1.08,debit
827,2021-12-20,DEB,AMZNMktplace,5.99,,640.34,Amazon,Nottingham,UK,5.99,debit
828,2021-12-17,DEB,BIRMINGHAM NS T/O,17.0,,646.33,Hotels,Birmingham,UK,17.0,debit
829,2021-12-17,DEB,ATRIUM JUBILEE 1,4.25,,663.33,Dine Out,Nottingham,UK,4.25,debit
830,2021-12-17,DEB,AMZNMktplace,31.99,,667.58,Amazon,Nottingham,UK,31.99,debit
831,2021-12-17,DEB,Amazon.co.uk*8J9B3,6.69,,699.57,Amazon,Nottingham,UK,6.69,debit
832,2021-12-17,DEB,ANTIGONI ABRAHMS,6.0,,706.26,Entertainment,London,UK,6.0,debit
833,2021-12-17,TFR,R LAWRENCE,,300.0,712.26,Supplementary Income,Nottingham,UK,300.0,credit
834,2021-12-17,FPO,MR J LITCHFIELD,340.0,,412.26,Services,Nottingham,UK,340.0,debit
835,2021-12-17,DD,VIRGIN MEDIA PYMTS,25.5,,752.26,Bills,Nottingham,UK,25.5,debit
836,2021-12-17,BP,SAVE THE CHANGE,3.0,,777.76,Savings,Nottingham,UK,3.0,debit
837,2021-12-16,DEB,COMFORT INN BIRMIN,53.1,,780.76,Hotels,Birmingham,UK,53.1,debit
838,2021-12-16,DEB,NANDOS BULLRING,39.1,,833.86,Dine Out,Birmingham,UK,39.1,debit
839,2021-12-16,DEB,EAST MIDS RAILWAY,27.5,,872.96,Travel,Nottingham,UK,27.5,debit
840,2021-12-16,DEB,WAGAMAMA BIRMINGHA,16.8,,900.46,Dine Out,Birmingham,UK,16.8,debit
841,2021-12-16,DEB,DANTER ATTRACTIONS,7.0,,917.26,Entertainment,Birmingham,UK,7.0,debit
842,2021-12-16,DEB,DANTER ATTRACTIONS,7.0,,924.26,Entertainment,Birmingham,UK,7.0,debit
843,2021-12-16,DEB,IZ *EPICURIOSITY L,5.5,,931.26,Groceries,Unknown,Unknown,5.5,debit
844,2021-12-16,DEB,STARBUCKS,4.0,,936.76,Dine Out,Unknown,Unknown,4.0,debit
845,2021-12-16,DD,O2,16.66,,940.76,Other Shopping,Nottingham,UK,16.66,debit
846,2021-12-16,BP,SAVE THE CHANGE,0.82,,957.42,Savings,Nottingham,UK,0.82,debit
847,2021-12-15,DEB,Subway 32610 Midla,6.19,,958.24,Dine Out,Nottingham,UK,6.19,debit
848,2021-12-15,DEB,AMZNMKTPLACE AMAZO,11.99,,964.43,Amazon,Nottingham,UK,11.99,debit
849,2021-12-15,CPT,LOYD LOYD 36 - 38,40.0,,976.42,Cash,Birmingham,UK,40.0,debit
850,2021-12-15,BP,SAVE THE CHANGE,1.4,,1016.42,Savings,Nottingham,UK,1.4,debit
851,2021-12-14,FPO,TAMBA TAM,10.0,,1017.82,Services,Nottingham,UK,10.0,debit
852,2021-12-14,DEB,LIDL GB  NOTTINGHA,25.12,,1027.82,Groceries,Nottingham,UK,25.12,debit
853,2021-12-14,DEB,AMZNMktplace,12.99,,1052.94,Amazon,Nottingham,UK,12.99,debit
854,2021-12-14,DEB,HPI INSTANT INK UK,3.49,,1065.93,Other Shopping,Unknown,Unknown,3.49,debit
855,2021-12-14,BP,SAVE THE CHANGE,0.5,,1069.42,Savings,Nottingham,UK,0.5,debit
856,2021-12-13,DEB,Audible UK,18.0,,1069.92,Entertainment,Nottingham,UK,18.0,debit
857,2021-12-13,DEB,SUMUP  *CODE 34,22.5,,1087.92,Services,Nottingham,UK,22.5,debit
858,2021-12-13,BP,SAVE THE CHANGE,2.78,,1110.42,Savings,Nottingham,UK,2.78,debit
859,2021-12-13,DEB,LAND ROVER SOCIAL,5.55,,1113.2,Entertainment,Solihull,UK,5.55,debit
860,2021-12-13,DEB,THE BLIND RABBIT,9.25,,1118.75,Dine Out,Nottingham,UK,9.25,debit
861,2021-12-13,DEB,THE BLIND RABBIT,7.95,,1128.0,Dine Out,Nottingham,UK,7.95,debit
862,2021-12-13,FPO,TAMBA TAM,15.0,,1135.95,Services,Nottingham,UK,15.0,debit
863,2021-12-13,DEB,No. Twelve,45.63,,1150.95,Dine Out,Nottingham,UK,45.63,debit
864,2021-12-13,DEB,ATRIUM JUBILEE 1,2.65,,1196.58,Dine Out,Nottingham,UK,2.65,debit
865,2021-10-12,DEP,CLUB LLOYDS WAIVED,,3.0,1199.23,Supplementary Income,Nottingham,UK,3.0,credit
866,2021-10-12,PAY,CLUB LLOYDS FEE,3.0,,1196.23,Bills,Nottingham,UK,3.0,debit
867,2021-10-12,DEB,Subway 32610 Midla,6.19,,1199.23,Dine Out,Nottingham,UK,6.19,debit
868,2021-10-12,DEB,ANTIGONI ABRAHMS,6.0,,1205.42,Entertainment,London,UK,6.0,debit
869,2021-09-12,BP,SAVE THE CHANGE,0.42,,1211.42,Savings,Nottingham,UK,0.42,debit
870,2021-08-12,DEB,AMZNMktplace,9.99,,1211.84,Amazon,Nottingham,UK,9.99,debit
871,2021-08-12,DEB,AMZNMktplace,8.59,,1221.83,Amazon,Nottingham,UK,8.59,debit
872,2021-08-12,BP,SAVE THE CHANGE,0.8,,1230.42,Savings,Nottingham,UK,0.8,debit
873,2021-07-12,FPO,TAMBA TAM,10.0,,1231.22,Services,Nottingham,UK,10.0,debit
874,2021-07-12,FPO,TAMBA TAM,95.0,,1241.22,Services,Nottingham,UK,95.0,debit
875,2021-07-12,DEB,LIDL GB  NOTTINGHA,17.2,,1336.22,Groceries,Nottingham,UK,17.2,debit
876,2021-07-12,BP,SAVE THE CHANGE,0.63,,1353.42,Savings,Nottingham,UK,0.63,debit
877,2021-06-12,DEB,ORIENTAL MART HYDR,27.97,,1354.05,Groceries,Nottingham,UK,27.97,debit
878,2021-06-12,DEB,TESCO STORES 6735,3.4,,1382.02,Groceries,Unknown,Unknown,3.4,debit
879,2021-06-12,BP,SAVE THE CHANGE,1.56,,1385.42,Savings,Nottingham,UK,1.56,debit
880,2021-06-12,CPT,LNK TESCO LONG ROW,40.0,,1386.98,Cash,Nottingham,UK,40.0,debit
881,2021-06-12,DEB,SUMUP  *TODO LATIN,10.0,,1426.98,Entertainment,Nottingham,UK,10.0,debit
882,2021-06-12,DEB,ATRIUM JUBILEE 1,4.25,,1436.98,Dine Out,Nottingham,UK,4.25,debit
883,2021-03-12,FPO,ANDREW MUMBI,24.0,,1441.23,Services,Nottingham,UK,24.0,debit
884,2021-03-12,DEB,Subway 32610 Midla,6.19,,1465.23,Dine Out,Nottingham,UK,6.19,debit
885,2021-03-12,BP,SAVE THE CHANGE,0.15,,1471.42,Savings,Nottingham,UK,0.15,debit
886,2021-02-12,DEB,ANTIGONI ABRAHMS,6.0,,1471.57,Entertainment,London,UK,6.0,debit
887,2021-02-12,DEB,LIDL GB  NOTTINGHA,10.85,,1477.57,Groceries,Nottingham,UK,10.85,debit
888,2021-02-12,BP,SAVE THE CHANGE,0.82,,1488.42,Savings,Nottingham,UK,0.82,debit
889,2021-01-12,Unknown,INTEREST (GROSS),,0.68,1489.24,Interest,Nottingham,UK,0.68,credit
890,2021-01-12,FPO,VINOTH VINCE,10.0,,1488.56,Services,Nottingham,UK,10.0,debit
891,2021-01-12,DEB,Amazon.co.uk*072AV,12.99,,1498.56,Amazon,Nottingham,UK,12.99,debit
892,2021-01-12,DEB,Subway 32610 Midla,6.19,,1511.55,Dine Out,Nottingham,UK,6.19,debit
893,2021-01-12,TFR,R LAWRENCE,,191.99,1517.74,Supplementary Income,Nottingham,UK,191.99,credit
894,2021-01-12,DD,BARCLAYS UK MTGES,981.71,,1325.75,Bills,Nottingham,UK,981.71,debit
895,2021-01-12,DD,NOTTM CITY COUNC,157.0,,2307.46,Bills,Nottingham,UK,157.0,debit
896,2021-01-12,DD,OCTOPUS ENERGY,90.0,,2464.46,Bills,Nottingham,UK,90.0,debit
897,2021-01-12,DD,SEVERN TRENT WATER,41.86,,2554.46,Bills,Nottingham,UK,41.86,debit
898,2021-01-12,SO,ESAVINGS ACCOUNT,300.0,,2596.32,Savings,Nottingham,UK,300.0,debit
899,2021-01-12,BP,SAVE THE CHANGE,0.34,,2896.32,Savings,Nottingham,UK,0.34,debit
900,2021-11-30,FPO,TAMBA TAM,10.0,,2896.66,Services,Nottingham,UK,10.0,debit
901,2021-11-30,DEB,RAJAH FOOD STORE L,7.66,,2906.66,Groceries,Nottingham,UK,7.66,debit
902,2021-11-30,BP,SAVE THE CHANGE,1.19,,2914.32,Savings,Nottingham,UK,1.19,debit
903,2021-11-29,DEB,REVOLUTION DE CUBA,8.75,,2915.51,Dine Out,Nottingham,UK,8.75,debit
904,2021-11-29,DEB,REVOLUTION DE CUBA,8.75,,2924.26,Dine Out,Nottingham,UK,8.75,debit
905,2021-11-29,DEB,UBER   *EATS,35.31,,2933.01,Dine Out,Unknown,Unknown,35.31,debit
906,2021-11-29,FPO,TRADING212UK,1500.0,,2968.32,Investment,Nottingham,UK,1500.0,debit
907,2021-11-29,BP,SAVE THE CHANGE,1.95,,4468.32,Savings,Nottingham,UK,1.95,debit
908,2021-11-29,BGC,UNIV OF NOTTINGHAM,,3801.83,4470.27,Paycheck,Nottingham,UK,3801.83,credit
909,2021-11-29,FPO,ANDREW MUMBI,15.0,,668.44,Services,Nottingham,UK,15.0,debit
910,2021-11-29,DEB,LIDL GB  NOTTINGHA,19.39,,683.44,Groceries,Nottingham,UK,19.39,debit
911,2021-11-29,DEB,LIDL GB  NOTTINGHA,18.99,,702.83,Groceries,Nottingham,UK,18.99,debit
912,2021-11-29,DEB,AMZNMktplace,6.49,,721.82,Amazon,Nottingham,UK,6.49,debit
913,2021-11-26,DEB,AMZNMktplace,9.99,,728.31,Amazon,Nottingham,UK,9.99,debit
914,2021-11-26,DEB,Subway 32610 Midla,6.19,,738.3,Dine Out,Nottingham,UK,6.19,debit
915,2021-11-26,FPO,TRADING212UK,400.0,,744.49,Investment,Nottingham,UK,400.0,debit
916,2021-11-26,FPI,P PROKURAT,,320.0,1144.49,Supplementary Income,Nottingham,UK,320.0,credit
917,2021-11-26,DD,TALKTALK LIMITED,21.0,,824.49,Bills,Nottingham,UK,21.0,debit
918,2021-11-25,DEB,ANTIGONI ABRAHMS,6.0,,845.49,Entertainment,London,UK,6.0,debit
919,2021-11-25,BP,SAVE THE CHANGE,0.82,,851.49,Savings,Nottingham,UK,0.82,debit
920,2021-11-24,FPO,TAMBA TAM,10.0,,852.31,Services,Nottingham,UK,10.0,debit
921,2021-11-24,FPO,MARIA DONNARUMMA,75.0,,862.31,Services,Nottingham,UK,75.0,debit
922,2021-11-24,DEB,Audible UK,7.99,,937.31,Entertainment,Nottingham,UK,7.99,debit
923,2021-11-24,DEB,Subway 32610 Midla,6.19,,945.3,Dine Out,Nottingham,UK,6.19,debit
924,2021-11-24,BP,SAVE THE CHANGE,0.94,,951.49,Savings,Nottingham,UK,0.94,debit
925,2021-11-24,BGC,GOOGLE IRELAND,,63.7,952.43,Supplementary Income,Nottingham,UK,63.7,credit
926,2021-11-23,DEB,LIDL GB  NOTTINGHA,17.19,,888.73,Groceries,Nottingham,UK,17.19,debit
927,2021-11-23,DEB,RAJAH FOOD STORE L,11.87,,905.92,Groceries,Nottingham,UK,11.87,debit
928,2021-11-23,BP,SAVE THE CHANGE,0.13,,917.79,Savings,Nottingham,UK,0.13,debit
929,2021-11-22,DEB,AMZNMktplace,17.87,,917.92,Amazon,Nottingham,UK,17.87,debit
930,2021-11-22,BP,SAVE THE CHANGE,5.4,,935.79,Savings,Nottingham,UK,5.4,debit
931,2021-11-22,DEB,LIDL GB  NOTTINGHA,23.44,,941.19,Groceries,Nottingham,UK,23.44,debit
932,2021-11-22,DEB,ORIENTAL MART HYDR,13.11,,964.63,Groceries,Nottingham,UK,13.11,debit
933,2021-11-22,DEB,AMZNMktplace,10.99,,977.74,Amazon,Nottingham,UK,10.99,debit
934,2021-11-22,DEB,WILKO RETAIL LIMIT,7.75,,988.73,Other Shopping,Unknown,Unknown,7.75,debit
935,2021-11-22,DEB,200 DEGREES,5.9,,996.48,Dine Out,Nottingham,UK,5.9,debit
936,2021-11-22,DEB,HOLLAND & BARRETT,4.35,,1002.38,Groceries,Unknown,Unknown,4.35,debit
937,2021-11-22,FPO,TAMBA TAM,10.0,,1006.73,Services,Nottingham,UK,10.0,debit
938,2021-11-22,DEB,Subway 32610 Midla,6.19,,1016.73,Dine Out,Nottingham,UK,6.19,debit
939,2021-11-22,DEB,STARBUCKS,6.1,,1022.92,Dine Out,Unknown,Unknown,6.1,debit
940,2021-11-22,FPI,SHEILA SMITH,,380.0,1029.02,Supplementary Income,Nottingham,UK,380.0,credit
941,2021-11-19,DEB,LIDL GB  NOTTINGHA,12.52,,649.02,Groceries,Nottingham,UK,12.52,debit
942,2021-11-19,DEB,ATRIUM JUBILEE 1,4.25,,661.54,Dine Out,Nottingham,UK,4.25,debit
943,2021-11-19,FPO,TRADING212UK,400.0,,665.79,Investment,Nottingham,UK,400.0,debit
944,2021-11-19,BP,SAVE THE CHANGE,0.51,,1065.79,Savings,Nottingham,UK,0.51,debit
945,2021-11-18,DEB,HPI INSTANT INK UK,3.49,,1066.3,Other Shopping,Unknown,Unknown,3.49,debit
946,2021-11-18,BP,SAVE THE CHANGE,1.72,,1069.79,Savings,Nottingham,UK,1.72,debit
947,2021-11-17,DEB,AMZNMktplace,25.44,,1071.51,Amazon,Nottingham,UK,25.44,debit
948,2021-11-17,DEB,Subway 32610 Midla,6.19,,1096.95,Dine Out,Nottingham,UK,6.19,debit
949,2021-11-17,DEB,ATRIUM JUBILEE 1,2.65,,1103.14,Dine Out,Nottingham,UK,2.65,debit
950,2021-11-17,DD,VIRGIN MEDIA PYMTS,25.5,,1105.79,Bills,Nottingham,UK,25.5,debit
951,2021-11-17,BP,SAVE THE CHANGE,1.0,,1131.29,Savings,Nottingham,UK,1.0,debit
952,2021-11-16,FPO,TAMBA TAM,10.0,,1132.29,Services,Nottingham,UK,10.0,debit
953,2021-11-16,DEB,LIDL GB  NOTTINGHA,23.9,,1142.29,Groceries,Nottingham,UK,23.9,debit
954,2021-11-16,DEB,Amazon.co.uk*Y39VW,8.1,,1166.19,Amazon,Nottingham,UK,8.1,debit
955,2021-11-16,DD,O2,16.66,,1174.29,Other Shopping,Nottingham,UK,16.66,debit
956,2021-11-15,DEB,BLEND COFFEE HOUSE,3.0,,1190.95,Dine Out,Nottingham,UK,3.0,debit
957,2021-11-15,DEB,SUMUP  *LOS TRAVIE,70.0,,1193.95,Services,Nottingham,UK,70.0,debit
958,2021-11-15,BP,SAVE THE CHANGE,2.59,,1263.95,Savings,Nottingham,UK,2.59,debit
959,2021-11-15,DEB,JURYS INN EAST MID,12.55,,1266.54,Hotels,Derby,UK,12.55,debit
960,2021-11-15,DEB,ATRIUM JUBILEE 1,4.25,,1279.09,Dine Out,Nottingham,UK,4.25,debit
961,2021-11-15,DEB,AMZNMktplace,2.77,,1283.34,Amazon,Nottingham,UK,2.77,debit
962,2021-12-11,DEB,Subway 32610 Midla,6.19,,1286.11,Dine Out,Nottingham,UK,6.19,debit
963,2021-12-11,DEB,ANTIGONI ABRAHMS,6.0,,1292.3,Entertainment,London,UK,6.0,debit
964,2021-12-11,DEB,ATRIUM JUBILEE 1,2.65,,1298.3,Dine Out,Nottingham,UK,2.65,debit
965,2021-12-11,BP,SAVE THE CHANGE,0.76,,1300.95,Savings,Nottingham,UK,0.76,debit
966,2021-11-11,DEB,LIDL GB  NOTTINGHA,20.24,,1301.71,Groceries,Nottingham,UK,20.24,debit
967,2021-11-11,FPO,TRADING212UK,400.0,,1321.95,Investment,Nottingham,UK,400.0,debit
968,2021-11-11,BP,SAVE THE CHANGE,1.16,,1721.95,Savings,Nottingham,UK,1.16,debit
969,2021-10-11,DEB,Subway 32610 Midla,6.19,,1723.11,Dine Out,Nottingham,UK,6.19,debit
970,2021-10-11,DEB,ATRIUM JUBILEE 1,2.65,,1729.3,Dine Out,Nottingham,UK,2.65,debit
971,2021-10-11,FPO,L CATATE,20.0,,1731.95,Uncategorized,Nottingham,UK,20.0,debit
972,2021-10-11,FPO,TAMBA TAM,10.0,,1751.95,Services,Nottingham,UK,10.0,debit
973,2021-09-11,BP,SAVE THE CHANGE,0.35,,1761.95,Savings,Nottingham,UK,0.35,debit
974,2021-08-11,DEB,LIDL GB  NOTTINGHA,18.9,,1762.3,Groceries,Nottingham,UK,18.9,debit
975,2021-08-11,DEB,REVOLUTION DE CUBA,8.75,,1781.2,Dine Out,Nottingham,UK,8.75,debit
976,2021-08-11,BP,SAVE THE CHANGE,2.82,,1789.95,Savings,Nottingham,UK,2.82,debit
977,2021-08-11,DEB,ORIENTAL MART HYDR,5.49,,1792.77,Groceries,Nottingham,UK,5.49,debit
978,2021-08-11,DEB,ATRIUM JUBILEE 1,4.25,,1798.26,Dine Out,Nottingham,UK,4.25,debit
979,2021-05-11,DEB,Subway 32610 Midla,6.19,,1802.51,Dine Out,Nottingham,UK,6.19,debit
980,2021-05-11,DEB,ATRIUM JUBILEE 1,4.25,,1808.7,Dine Out,Nottingham,UK,4.25,debit
981,2021-05-11,BP,SAVE THE CHANGE,0.08,,1812.95,Savings,Nottingham,UK,0.08,debit
982,2021-04-11,DEB,LIDL GB  NOTTINGHA,9.92,,1813.03,Groceries,Nottingham,UK,9.92,debit
983,2021-04-11,BP,SAVE THE CHANGE,1.16,,1822.95,Savings,Nottingham,UK,1.16,debit
984,2021-03-11,DEB,Subway 32610 Midla,6.19,,1824.11,Dine Out,Nottingham,UK,6.19,debit
985,2021-03-11,DEB,ATRIUM JUBILEE 1,2.65,,1830.3,Dine Out,Nottingham,UK,2.65,debit
986,2021-03-11,FPO,TAMBA TAM,10.0,,1832.95,Services,Nottingham,UK,10.0,debit
987,2021-03-11,BP,SAVE THE CHANGE,1.23,,1842.95,Savings,Nottingham,UK,1.23,debit
988,2021-02-11,DEP,CLUB LLOYDS WAIVED,,3.0,1844.18,Supplementary Income,Nottingham,UK,3.0,credit
989,2021-02-11,PAY,CLUB LLOYDS FEE,3.0,,1841.18,Bills,Nottingham,UK,3.0,debit
990,2021-02-11,DEB,LIDL GB  NOTTINGHA,5.12,,1844.18,Groceries,Nottingham,UK,5.12,debit
991,2021-02-11,DEB,ATRIUM JUBILEE 1,2.65,,1849.3,Dine Out,Nottingham,UK,2.65,debit
992,2021-02-11,FPO,TRADING212UK,500.0,,1851.95,Investment,Nottingham,UK,500.0,debit
993,2021-01-11,Unknown,INTEREST (GROSS),,0.78,2351.95,Interest,Nottingham,UK,0.78,credit
994,2021-01-11,FPI,Q WANG,,1000.0,2351.17,Supplementary Income,Nottingham,UK,1000.0,credit
995,2021-01-11,DD,BARCLAYS UK MTGES,981.71,,1351.17,Bills,Nottingham,UK,981.71,debit
996,2021-01-11,DD,NOTTM CITY COUNC,157.0,,2332.88,Bills,Nottingham,UK,157.0,debit
997,2021-01-11,DD,OCTOPUS ENERGY,90.0,,2489.88,Bills,Nottingham,UK,90.0,debit
998,2021-01-11,DD,SEVERN TRENT WATER,35.32,,2579.88,Bills,Nottingham,UK,35.32,debit
999,2021-01-11,SO,ESAVINGS ACCOUNT,300.0,,2615.2,Savings,Nottingham,UK,300.0,debit
1000,2021-01-11,BP,SAVE THE CHANGE,1.76,,2915.2,Savings,Nottingham,UK,1.76,debit
1001,2021-01-11,DEB,LIDL GB  NOTTINGHA,10.8,,2916.96,Groceries,Nottingham,UK,10.8,debit
1002,2021-01-11,DEB,STARBUCKS,5.6,,2927.76,Dine Out,Unknown,Unknown,5.6,debit
1003,2021-10-29,DEB,Subway 32610 Midla,6.19,,2933.36,Dine Out,Nottingham,UK,6.19,debit
1004,2021-10-29,DEB,FALAFEL,6.0,,2939.55,Dine Out,Nottingham,UK,6.0,debit
1005,2021-10-29,DEB,FALAFEL,3.0,,2945.55,Dine Out,Nottingham,UK,3.0,debit
1006,2021-10-29,DEB,ATRIUM JUBILEE 1,2.65,,2948.55,Dine Out,Nottingham,UK,2.65,debit
1007,2021-10-29,FPO,TRADING212UK,1200.0,,2951.2,Investment,Nottingham,UK,1200.0,debit
1008,2021-10-29,DD,TALKTALK LIMITED,21.0,,4151.2,Bills,Nottingham,UK,21.0,debit
1009,2021-10-29,BP,SAVE THE CHANGE,0.43,,4172.2,Savings,Nottingham,UK,0.43,debit
1010,2021-10-28,DEB,ANTIGONI ABRAHMS,6.0,,4172.63,Entertainment,London,UK,6.0,debit
1011,2021-10-28,DEB,LIDL GB  NOTTINGHA,13.57,,4178.63,Groceries,Nottingham,UK,13.57,debit
1012,2021-10-28,BP,SAVE THE CHANGE,1.16,,4192.2,Savings,Nottingham,UK,1.16,debit
1013,2021-10-28,BGC,UNIV OF NOTTINGHAM,,3801.44,4193.36,Paycheck,Nottingham,UK,3801.44,credit
1014,2021-10-27,FPO,TAMBA TAM,10.0,,391.92,Services,Nottingham,UK,10.0,debit
1015,2021-10-27,DEB,Subway 32610 Midla,6.19,,401.92,Dine Out,Nottingham,UK,6.19,debit
1016,2021-10-27,DEB,ATRIUM JUBILEE 1,1.65,,408.11,Dine Out,Nottingham,UK,1.65,debit
1017,2021-10-26,FPO,TRADING212UK,350.0,,409.76,Investment,Nottingham,UK,350.0,debit
1018,2021-10-26,BP,SAVE THE CHANGE,0.54,,759.76,Savings,Nottingham,UK,0.54,debit
1019,2021-10-25,DEB,REVOLUTION DE CUBA,9.75,,760.3,Dine Out,Nottingham,UK,9.75,debit
1020,2021-10-25,DEB,CARTWHEEL COFFEE L,6.71,,770.05,Dine Out,Nottingham,UK,6.71,debit
1021,2021-10-25,BP,SAVE THE CHANGE,2.81,,776.76,Savings,Nottingham,UK,2.81,debit
1022,2021-10-25,DEB,PRICKLY PEAR,91.5,,779.57,Dine Out,Nottingham,UK,91.5,debit
1023,2021-10-25,DEB,ORIENTAL MART HYDR,8.33,,871.07,Groceries,Nottingham,UK,8.33,debit
1024,2021-10-25,DEB,Audible UK,7.99,,879.4,Entertainment,Nottingham,UK,7.99,debit
1025,2021-10-25,DEB,LIDL GB  NOTTINGHA,21.18,,887.39,Groceries,Nottingham,UK,21.18,debit
1026,2021-10-22,DEB,Subway 32610 Midla,6.19,,908.57,Dine Out,Nottingham,UK,6.19,debit
1027,2021-10-22,FPI,PAULINA PIPPEN,,320.0,914.76,Supplementary Income,Nottingham,UK,320.0,credit
1028,2021-10-22,FPO,TRADING212UK,400.0,,594.76,Investment,Nottingham,UK,400.0,debit
1029,2021-10-22,BP,SAVE THE CHANGE,0.97,,994.76,Savings,Nottingham,UK,0.97,debit
1030,2021-10-21,FPO,ANTIGONI ABRAHMS,6.0,,995.73,Entertainment,London,UK,6.0,debit
1031,2021-10-21,DEB,SAINSBURYS S/MKTS,29.3,,1001.73,Groceries,Unknown,Unknown,29.3,debit
1032,2021-10-21,DEB,AMZNMktplace,25.73,,1031.03,Amazon,Nottingham,UK,25.73,debit
1033,2021-10-21,BP,SAVE THE CHANGE,0.81,,1056.76,Savings,Nottingham,UK,0.81,debit
1034,2021-10-20,FPI,SHEILA SMITH,,380.0,1057.57,Supplementary Income,Nottingham,UK,380.0,credit
1035,2021-10-20,DEB,Subway 32610 Midla,6.19,,677.57,Dine Out,Nottingham,UK,6.19,debit
1036,2021-10-20,FPO,TAMBA TAM,10.0,,683.76,Services,Nottingham,UK,10.0,debit
1037,2021-10-20,BP,SAVE THE CHANGE,0.71,,693.76,Savings,Nottingham,UK,0.71,debit
1038,2021-10-19,DEB,SP * HOMEDETAIL-UK,239.0,,694.47,Home Improvement,Nottingham,UK,239.0,debit
1039,2021-10-19,DEB,NON-GBP PURCH FEE,0.5,,933.47,Others,Nottingham,UK,0.5,debit
1040,2021-10-19,DEB,NON-GBP TRANS FEE,0.54,,933.97,Others,Nottingham,UK,0.54,debit
1041,2021-10-19,DEB,EB 2021 IEEE CONFE,18.29,,934.51,Travel,Nottingham,UK,18.29,debit
1042,2021-10-19,CPT,LNK NOTTINGHAM UNI,40.0,,952.8,Cash,Nottingham,UK,40.0,debit
1043,2021-10-19,FPO,TRADING212UK,200.0,,992.8,Investment,Nottingham,UK,200.0,debit
1044,2021-10-19,BP,SAVE THE CHANGE,1.42,,1192.8,Savings,Nottingham,UK,1.42,debit
1045,2021-10-18,DEB,AMZNMktplace,15.49,,1194.22,Amazon,Nottingham,UK,15.49,debit
1046,2021-10-18,DEB,AMZNMktplace,9.99,,1209.71,Amazon,Nottingham,UK,9.99,debit
1047,2021-10-18,DEB,REVOLUTION DE CUBA,8.75,,1219.7,Dine Out,Nottingham,UK,8.75,debit
1048,2021-10-18,DEB,CAFFE NERO NOTTING,3.35,,1228.45,Dine Out,Nottingham,UK,3.35,debit
1049,2021-10-18,DEB,GREGGS PLC,2.0,,1231.8,Dine Out,Unknown,Unknown,2.0,debit
1050,2021-10-18,DD,VIRGIN MEDIA PYMTS,25.5,,1233.8,Bills,Nottingham,UK,25.5,debit
1051,2021-10-18,DD,O2,16.66,,1259.3,Other Shopping,Nottingham,UK,16.66,debit
1052,2021-10-18,BP,SAVE THE CHANGE,3.19,,1275.96,Savings,Nottingham,UK,3.19,debit
1053,2021-10-18,DEB,LIDL GB  NOTTINGHA,8.87,,1279.15,Groceries,Nottingham,UK,8.87,debit
1054,2021-10-18,DEB,ATRIUM JUBILEE 1,2.65,,1288.02,Dine Out,Nottingham,UK,2.65,debit
1055,2021-10-15,DEB,Subway 32610 Midla,6.19,,1290.67,Dine Out,Nottingham,UK,6.19,debit
1056,2021-10-15,DEB,SOUTHBANK BAR,5.6,,1296.86,Dine Out,Nottingham,UK,5.6,debit
1057,2021-10-15,DEB,ATRIUM JUBILEE 1,4.25,,1302.46,Dine Out,Nottingham,UK,4.25,debit
1058,2021-10-15,DEB,TESCO STORES 6735,2.25,,1306.71,Groceries,Unknown,Unknown,2.25,debit
1059,2021-10-15,BP,SAVE THE CHANGE,0.51,,1308.96,Savings,Nottingham,UK,0.51,debit
1060,2021-10-14,FPO,ANTIGONI ABRAHMS,6.0,,1309.47,Entertainment,London,UK,6.0,debit
1061,2021-10-14,DEB,HPI INSTANT INK UK,3.49,,1315.47,Other Shopping,Unknown,Unknown,3.49,debit
1062,2021-10-14,BP,SAVE THE CHANGE,1.77,,1318.96,Savings,Nottingham,UK,1.77,debit
1063,2021-10-13,DEB,AMZNMktplace,35.04,,1320.73,Amazon,Nottingham,UK,35.04,debit
1064,2021-10-13,DEB,Subway 32610 Midla,6.19,,1355.77,Dine Out,Nottingham,UK,6.19,debit
1065,2021-10-13,TFR,R LAWRENCE,,400.0,1361.96,Supplementary Income,Nottingham,UK,400.0,credit
1066,2021-10-13,FPO,MR J LITCHFIELD,481.0,,961.96,Services,Nottingham,UK,481.0,debit
1067,2021-10-13,BP,SAVE THE CHANGE,0.03,,1442.96,Savings,Nottingham,UK,0.03,debit
1068,2021-12-10,FPO,TAMBA TAM,10.0,,1442.99,Services,Nottingham,UK,10.0,debit
1069,2021-12-10,DEB,LIDL GB  NOTTINGHA,5.97,,1452.99,Groceries,Nottingham,UK,5.97,debit
1070,2021-12-10,BP,SAVE THE CHANGE,0.25,,1458.96,Savings,Nottingham,UK,0.25,debit
1071,2021-11-10,DEB,REVOLUTION DE CUBA,8.75,,1459.21,Dine Out,Nottingham,UK,8.75,debit
1072,2021-11-10,BP,SAVE THE CHANGE,2.99,,1467.96,Savings,Nottingham,UK,2.99,debit
1073,2021-11-10,DEB,ORIENTAL MART HYDR,5.84,,1470.95,Groceries,Nottingham,UK,5.84,debit
1074,2021-11-10,DEB,SUPERDRUG STORES P,3.9,,1476.79,Other Shopping,Unknown,Unknown,3.9,debit
1075,2021-11-10,DEB,HARTLEYS SANDWICH,2.95,,1480.69,Dine Out,Leeds,UK,2.95,debit
1076,2021-11-10,DEB,PRICKLY PEAR,12.5,,1483.64,Dine Out,Nottingham,UK,12.5,debit
1077,2021-11-10,DEB,LIDL GB  NOTTINGHA,7.69,,1496.14,Groceries,Nottingham,UK,7.69,debit
1078,2021-08-10,DEB,Amazon.co.uk*8T0UU,1.19,,1503.83,Amazon,Nottingham,UK,1.19,debit
1079,2021-08-10,DEB,31K,12.0,,1505.02,Dine Out,Nottingham,UK,12.0,debit
1080,2021-08-10,DEB,STARBUCKS,7.4,,1517.02,Dine Out,Unknown,Unknown,7.4,debit
1081,2021-08-10,DEB,Subway 32610 Midla,6.89,,1524.42,Dine Out,Nottingham,UK,6.89,debit
1082,2021-08-10,DEB,ATRIUM JUBILEE 1,2.65,,1531.31,Dine Out,Nottingham,UK,2.65,debit
1083,2021-08-10,BP,SAVE THE CHANGE,2.3,,1533.96,Savings,Nottingham,UK,2.3,debit
1084,2021-07-10,FPO,ANTIGONI ABRAHMS,6.0,,1536.26,Entertainment,London,UK,6.0,debit
1085,2021-07-10,DEB,AMZNMktplace,19.99,,1542.26,Amazon,Nottingham,UK,19.99,debit
1086,2021-07-10,DEB,LIDL GB  NOTTINGHA,11.11,,1562.25,Groceries,Nottingham,UK,11.11,debit
1087,2021-07-10,DEB,AMZNMktplace,6.5,,1573.36,Amazon,Nottingham,UK,6.5,debit
1088,2021-07-10,DEB,AMZNMktplace,5.1,,1579.86,Amazon,Nottingham,UK,5.1,debit
1089,2021-07-10,BP,SAVE THE CHANGE,0.81,,1584.96,Savings,Nottingham,UK,0.81,debit
1090,2021-06-10,DEB,Subway 32610 Midla,6.19,,1585.77,Dine Out,Nottingham,UK,6.19,debit
1091,2021-06-10,BP,SAVE THE CHANGE,0.36,,1591.96,Savings,Nottingham,UK,0.36,debit
1092,2021-05-10,DEB,AMZNMktplace,23.99,,1592.32,Amazon,Nottingham,UK,23.99,debit
1093,2021-05-10,DEB,LIDL GB  NOTTINGHA,12.65,,1616.31,Groceries,Nottingham,UK,12.65,debit
1094,2021-05-10,BP,SAVE THE CHANGE,1.72,,1628.96,Savings,Nottingham,UK,1.72,debit
1095,2021-04-10,DEP,CLUB LLOYDS WAIVED,,3.0,1630.68,Supplementary Income,Nottingham,UK,3.0,credit
1096,2021-04-10,PAY,CLUB LLOYDS FEE,3.0,,1627.68,Bills,Nottingham,UK,3.0,debit
1097,2021-04-10,DEB,The Speciality Cof,22.2,,1630.68,Dine Out,Nottingham,UK,22.2,debit
1098,2021-04-10,DEB,ORIENTAL MART HYDR,12.08,,1652.88,Groceries,Nottingham,UK,12.08,debit
1099,2021-04-10,BP,SAVE THE CHANGE,2.02,,1664.96,Savings,Nottingham,UK,2.02,debit
1100,2021-04-10,DEB,AMZNMktplace,22.84,,1666.98,Amazon,Nottingham,UK,22.84,debit
1101,2021-04-10,DEB,SUMUP  *TODO LATIN,12.5,,1689.82,Entertainment,Nottingham,UK,12.5,debit
1102,2021-04-10,DEB,U CANTEEN,10.5,,1702.32,Dine Out,Nottingham,UK,10.5,debit
1103,2021-04-10,FPO,TRADING212UK,500.0,,1712.82,Investment,Nottingham,UK,500.0,debit
1104,2021-01-10,Unknown,INTEREST (GROSS),,0.79,2212.82,Interest,Nottingham,UK,0.79,credit
1105,2021-01-10,DEB,EB *SPEED DATING O,22.15,,2212.03,Entertainment,Nottingham,UK,22.15,debit
1106,2021-01-10,DEB,AMZNMktplace,8.99,,2234.18,Amazon,Nottingham,UK,8.99,debit
1107,2021-01-10,FPO,ABAYOMI ADAMS,370.0,,2243.17,Safety Deposit Return,Nottingham,UK,370.0,debit
1108,2021-01-10,DD,BARCLAYS UK MTGES,981.71,,2613.17,Bills,Nottingham,UK,981.71,debit
1109,2021-01-10,DD,NOTTM CITY COUNC,157.0,,3594.88,Bills,Nottingham,UK,157.0,debit
1110,2021-01-10,DD,OCTOPUS ENERGY,90.0,,3751.88,Bills,Nottingham,UK,90.0,debit
1111,2021-01-10,DD,SEVERN TRENT WATER,35.32,,3841.88,Bills,Nottingham,UK,35.32,debit
1112,2021-01-10,SO,Q WANG,,1000.0,3877.2,Supplementary Income,Nottingham,UK,1000.0,credit
1113,2021-01-10,SO,ESAVINGS ACCOUNT,300.0,,2877.2,Savings,Nottingham,UK,300.0,debit
1114,2021-01-10,BP,SAVE THE CHANGE,0.15,,3177.2,Savings,Nottingham,UK,0.15,debit
1115,2021-09-30,FPO,ANTIGONI ABRAHMS,6.0,,3177.35,Entertainment,London,UK,6.0,debit
1116,2021-09-30,DEB,AMZNMktplace,95.99,,3183.35,Amazon,Nottingham,UK,95.99,debit
1117,2021-09-30,DEB,LIDL GB  NOTTINGHA,16.86,,3279.34,Groceries,Nottingham,UK,16.86,debit
1118,2021-09-30,BP,SAVE THE CHANGE,0.81,,3296.2,Savings,Nottingham,UK,0.81,debit
1119,2021-09-29,DEB,Subway 32610 Midla,6.19,,3297.01,Dine Out,Nottingham,UK,6.19,debit
1120,2021-09-29,FPO,TRADING212UK,1500.0,,3303.2,Investment,Nottingham,UK,1500.0,debit
1121,2021-09-29,FPO,TAMBA TAM,10.0,,4803.2,Services,Nottingham,UK,10.0,debit
1122,2021-09-29,BP,SAVE THE CHANGE,0.23,,4813.2,Savings,Nottingham,UK,0.23,debit
1123,2021-09-29,BGC,UNIV OF NOTTINGHAM,,4091.83,4813.43,Paycheck,Nottingham,UK,4091.83,credit
1124,2021-09-28,DEB,AMZNMktplace,47.77,,721.6,Amazon,Nottingham,UK,47.77,debit
1125,2021-09-28,BP,SAVE THE CHANGE,1.28,,769.37,Savings,Nottingham,UK,1.28,debit
1126,2021-09-27,DEB,Amazon.co.uk*CM96E,22.27,,770.65,Amazon,Nottingham,UK,22.27,debit
1127,2021-09-27,DEB,REVOLUTION DE CUBA,5.45,,792.92,Dine Out,Nottingham,UK,5.45,debit
1128,2021-09-27,DEB,CAFFE NERO NOTTING,10.0,,798.37,Dine Out,Nottingham,UK,10.0,debit
1129,2021-09-27,DD,TALKTALK LIMITED,21.0,,808.37,Bills,Nottingham,UK,21.0,debit
1130,2021-09-27,BP,SAVE THE CHANGE,3.22,,829.37,Savings,Nottingham,UK,3.22,debit
1131,2021-09-27,DEB,IKEA LTD SHOP ONLI,110.0,,832.59,Other Shopping,Unknown,Unknown,110.0,debit
1132,2021-09-27,DEB,AMZNMktplace,18.99,,942.59,Amazon,Nottingham,UK,18.99,debit
1133,2021-09-27,DEB,ORIENTAL MART HYDR,13.04,,961.58,Groceries,Nottingham,UK,13.04,debit
1134,2021-09-27,DEB,IZ *BELLAPAELLA,7.0,,974.62,Dine Out,Nottingham,UK,7.0,debit
1135,2021-09-27,DEB,LIDL GB  NOTTINGHA,6.32,,981.62,Groceries,Nottingham,UK,6.32,debit
1136,2021-09-27,DEB,LIDL GB  NOTTINGHA,4.57,,987.94,Groceries,Nottingham,UK,4.57,debit
1137,2021-09-27,DEB,AMZNMktplace,3.82,,992.51,Amazon,Nottingham,UK,3.82,debit
1138,2021-09-27,FPO,TRADING212UK,400.0,,996.33,Investment,Nottingham,UK,400.0,debit
1139,2021-09-27,FPI,PAULINA PIPPEN,,320.0,1396.33,Supplementary Income,Nottingham,UK,320.0,credit
1140,2021-09-24,DEB,LIDL GB  NOTTINGHA,9.86,,1076.33,Groceries,Nottingham,UK,9.86,debit
1141,2021-09-24,DEB,Audible UK,7.99,,1086.19,Entertainment,Nottingham,UK,7.99,debit
1142,2021-09-24,DEB,Subway 32610 Midla,6.19,,1094.18,Dine Out,Nottingham,UK,6.19,debit
1143,2021-09-22,BP,SAVE THE CHANGE,1.65,,1100.37,Savings,Nottingham,UK,1.65,debit
1144,2021-09-21,FPO,TAMBA TAM,10.0,,1102.02,Services,Nottingham,UK,10.0,debit
1145,2021-09-21,DEB,LIDL GB  NOTTINGHA,7.16,,1112.02,Groceries,Nottingham,UK,7.16,debit
1146,2021-09-21,DEB,Subway 32610 Midla,6.19,,1119.18,Dine Out,Nottingham,UK,6.19,debit
1147,2021-09-21,FPO,TRADING212UK,400.0,,1125.37,Investment,Nottingham,UK,400.0,debit
1148,2021-09-21,BP,SAVE THE CHANGE,0.6,,1525.37,Savings,Nottingham,UK,0.6,debit
1149,2021-09-20,FPI,SHEILA SMITH,,380.0,1525.97,Supplementary Income,Nottingham,UK,380.0,credit
1150,2021-09-20,DEB,ESCOBAR,21.4,,1145.97,Dine Out,Nottingham,UK,21.4,debit
1151,2021-09-20,BP,SAVE THE CHANGE,1.11,,1167.37,Savings,Nottingham,UK,1.11,debit
1152,2021-09-20,DEB,AMZNMktplace,6.99,,1168.48,Amazon,Nottingham,UK,6.99,debit
1153,2021-09-20,DEB,ORIENTAL MART HYDR,6.94,,1175.47,Groceries,Nottingham,UK,6.94,debit
1154,2021-09-20,DEB,TESCO STORE 2960,3.1,,1182.41,Groceries,Unknown,Unknown,3.1,debit
1155,2021-09-20,DEB,T K MAXX,2.99,,1185.51,Other Shopping,Unknown,Unknown,2.99,debit
1156,2021-09-20,FPO,TRADING212UK,400.0,,1188.5,Investment,Nottingham,UK,400.0,debit
1157,2021-09-20,DEB,AMZNMktplace,9.99,,1588.5,Amazon,Nottingham,UK,9.99,debit
1158,2021-09-17,DEB,Subway 32610 Midla,6.89,,1598.49,Dine Out,Nottingham,UK,6.89,debit
1159,2021-09-17,DEB,Subway 32610 Midla,3.99,,1605.38,Dine Out,Nottingham,UK,3.99,debit
1160,2021-09-17,DD,VIRGIN MEDIA PYMTS,25.5,,1609.37,Bills,Nottingham,UK,25.5,debit
1161,2021-09-17,BP,SAVE THE CHANGE,1.13,,1634.87,Savings,Nottingham,UK,1.13,debit
1162,2021-09-16,FPO,ANTIGONI ABRAHMS,6.0,,1636.0,Entertainment,London,UK,6.0,debit
1163,2021-09-16,DEB,AMZNMktplace,11.99,,1642.0,Amazon,Nottingham,UK,11.99,debit
1164,2021-09-16,DEB,LIDL GB  NOTTINGHA,9.49,,1653.99,Groceries,Nottingham,UK,9.49,debit
1165,2021-09-16,DEB,AMZNMKTPLACE AMAZO,6.39,,1663.48,Amazon,Nottingham,UK,6.39,debit
1166,2021-09-16,DD,O2,16.66,,1669.87,Other Shopping,Nottingham,UK,16.66,debit
1167,2021-09-16,BP,SAVE THE CHANGE,0.81,,1686.53,Savings,Nottingham,UK,0.81,debit
1168,2021-09-15,DEB,Subway 32610 Midla,6.19,,1687.34,Dine Out,Nottingham,UK,6.19,debit
1169,2021-09-15,BP,SAVE THE CHANGE,0.56,,1693.53,Savings,Nottingham,UK,0.56,debit
1170,2021-09-14,FPO,TAMBA TAM,10.0,,1694.09,Services,Nottingham,UK,10.0,debit
1171,2021-09-14,DEB,HPI INSTANT INK UK,3.49,,1704.09,Other Shopping,Unknown,Unknown,3.49,debit
1172,2021-09-14,DEB,AMZNMktplace,14.99,,1707.58,Amazon,Nottingham,UK,14.99,debit
1173,2021-09-14,DEB,LIDL GB  NOTTINGHA,7.96,,1722.57,Groceries,Nottingham,UK,7.96,debit
1174,2021-09-14,BP,SAVE THE CHANGE,1.2,,1730.53,Savings,Nottingham,UK,1.2,debit
1175,2021-09-13,DEB,AMZNMKTPLACE AMAZO,15.9,,1731.73,Amazon,Nottingham,UK,15.9,debit
1176,2021-09-13,DEB,CAFE CHHINO,7.95,,1747.63,Dine Out,Nottingham,UK,7.95,debit
1177,2021-09-13,DEB,REVOLUTION DE CUBA,5.5,,1755.58,Dine Out,Nottingham,UK,5.5,debit
1178,2021-09-13,DEB,REVOLUTION DE CUBA,5.45,,1761.08,Dine Out,Nottingham,UK,5.45,debit
1179,2021-09-13,BP,SAVE THE CHANGE,1.38,,1766.53,Savings,Nottingham,UK,1.38,debit
1180,2021-09-13,DEB,ORIENTAL MART HYDR,6.75,,1767.91,Groceries,Nottingham,UK,6.75,debit
1181,2021-09-13,DEB,LIDL GB  NOTTINGHA,8.3,,1774.66,Groceries,Nottingham,UK,8.3,debit
1182,2021-10-09,DEB,LIDL GB  NOTTINGHA,14.68,,1782.96,Groceries,Nottingham,UK,14.68,debit
1183,2021-10-09,DEB,Subway 32610 Midla,6.89,,1797.64,Dine Out,Nottingham,UK,6.89,debit
1184,2021-10-09,BP,SAVE THE CHANGE,0.12,,1804.53,Savings,Nottingham,UK,0.12,debit
1185,2021-09-09,DEB,AMZNMktplace,10.99,,1804.65,Amazon,Nottingham,UK,10.99,debit
1186,2021-09-09,DEB,IKEA LTD SHOP ONLI,55.0,,1815.64,Other Shopping,Unknown,Unknown,55.0,debit
1187,2021-09-09,DEB,AMZNMktplace,14.89,,1870.64,Amazon,Nottingham,UK,14.89,debit
1188,2021-09-09,FPI,PAULINA PIPPEN,,320.0,1885.53,Supplementary Income,Nottingham,UK,320.0,credit
1189,2021-09-09,BP,SAVE THE CHANGE,0.02,,1565.53,Savings,Nottingham,UK,0.02,debit
1190,2021-08-09,DEB,Subway 32610 Midla,5.99,,1565.55,Dine Out,Nottingham,UK,5.99,debit
1191,2021-08-09,DEB,AMZNMktplace,3.99,,1571.54,Amazon,Nottingham,UK,3.99,debit
1192,2021-08-09,TFR,R LAWRENCE,,500.0,1575.53,Supplementary Income,Nottingham,UK,500.0,credit
1193,2021-08-09,FPO,MR J LITCHFIELD,544.84,,1075.53,Services,Nottingham,UK,544.84,debit
1194,2021-08-09,FPO,TAMBA TAM,10.0,,1620.37,Services,Nottingham,UK,10.0,debit
1195,2021-08-09,BP,SAVE THE CHANGE,0.46,,1630.37,Savings,Nottingham,UK,0.46,debit
1196,2021-07-09,DEB,LIDL GB  NOTTINGHA,9.54,,1630.83,Groceries,Nottingham,UK,9.54,debit
1197,2021-07-09,BP,SAVE THE CHANGE,0.65,,1640.37,Savings,Nottingham,UK,0.65,debit
1198,2021-06-09,DEB,SUMUP  *TODO LATIN,15.0,,1641.02,Entertainment,Nottingham,UK,15.0,debit
1199,2021-06-09,DEB,REVOLUTION DE CUBA,5.35,,1656.02,Dine Out,Nottingham,UK,5.35,debit
1200,2021-06-09,DD,PURE GYM LTD,19.99,,1661.37,Fitness,Nottingham,UK,19.99,debit
1201,2021-06-09,BP,SAVE THE CHANGE,2.8,,1681.36,Savings,Nottingham,UK,2.8,debit
1202,2021-06-09,DEB,ORIENTAL MART HYDR,6.99,,1684.16,Groceries,Nottingham,UK,6.99,debit
1203,2021-06-09,DEB,Amazon.co.uk*RJ1R7,32.21,,1691.15,Amazon,Nottingham,UK,32.21,debit
1204,2021-06-09,DEB,LIDL GB  NOTTINGHA,7.96,,1723.36,Groceries,Nottingham,UK,7.96,debit
1205,2021-03-09,DEB,No. Twelve,66.53,,1731.32,Dine Out,Nottingham,UK,66.53,debit
1206,2021-03-09,DEB,LIDL GB NOTTINGHAM,9.02,,1797.85,Groceries,Nottingham,UK,9.02,debit
1207,2021-03-09,DEB,Subway 32610 Midla,6.49,,1806.87,Dine Out,Nottingham,UK,6.49,debit
1208,2021-03-09,BP,SAVE THE CHANGE,0.46,,1813.36,Savings,Nottingham,UK,0.46,debit
1209,2021-02-09,DEP,CLUB LLOYDS WAIVED,,3.0,1813.82,Supplementary Income,Nottingham,UK,3.0,credit
1210,2021-02-09,FPO,ANTIGONI ABRAHMS,6.0,,1810.82,Entertainment,London,UK,6.0,debit
1211,2021-02-09,PAY,CLUB LLOYDS FEE,3.0,,1816.82,Bills,Nottingham,UK,3.0,debit
1212,2021-02-09,DEB,SUMUP  *TODO LATIN,15.0,,1819.82,Entertainment,Nottingham,UK,15.0,debit
1213,2021-02-09,DEB,AMZNMktplace,8.99,,1834.82,Amazon,Nottingham,UK,8.99,debit
1214,2021-02-09,DEB,REVOLUTION DE CUBA,4.55,,1843.81,Dine Out,Nottingham,UK,4.55,debit
1215,2021-02-09,BP,SAVE THE CHANGE,0.15,,1848.36,Savings,Nottingham,UK,0.15,debit
1216,2021-01-09,Unknown,INTEREST (GROSS),,0.87,1848.51,Interest,Nottingham,UK,0.87,credit
1217,2021-01-09,CPT,LNK TESCO HK R NOT,30.0,,1847.64,Cash,nottingham,UK,30.0,debit
1218,2021-01-09,DEB,SHARIF AND SONS SU,23.88,,1877.64,Groceries,Derby,UK,23.88,debit
1219,2021-01-09,DEB,Amazon.co.uk*XS1VA,11.97,,1901.52,Amazon,Nottingham,UK,11.97,debit
1220,2021-01-09,FPO,TRADING212UK,500.0,,1913.49,Investment,Nottingham,UK,500.0,debit
1221,2021-01-09,FPO,TRADING212UK,100.0,,2413.49,Investment,Nottingham,UK,100.0,debit
1222,2021-01-09,TFR,R LAWRENCE,,200.0,2513.49,Supplementary Income,Nottingham,UK,200.0,credit
1223,2021-01-09,DD,BARCLAYS UK MTGES,981.71,,2313.49,Bills,Nottingham,UK,981.71,debit
1224,2021-01-09,DD,NOTTM CITY COUNC,157.0,,3295.2,Bills,Nottingham,UK,157.0,debit
1225,2021-01-09,DD,OCTOPUS ENERGY,90.0,,3452.2,Bills,Nottingham,UK,90.0,debit
1226,2021-01-09,DD,SEVERN TRENT WATER,35.32,,3542.2,Bills,Nottingham,UK,35.32,debit
1227,2021-01-09,SO,Q WANG,,1000.0,3577.52,Supplementary Income,Nottingham,UK,1000.0,credit
1228,2021-01-09,SO,ESAVINGS ACCOUNT,300.0,,2577.52,Savings,Nottingham,UK,300.0,debit
1229,2021-08-31,BP,SAVE THE CHANGE,1.4,,2877.52,Savings,Nottingham,UK,1.4,debit
1230,2021-08-31,DEB,SAINSBURYS S/MKTS,34.18,,2878.92,Groceries,Unknown,Unknown,34.18,debit
1231,2021-08-31,DEB,ANATOLIA TURKISH R,12.0,,2913.1,Dine Out,Nottingham,UK,12.0,debit
1232,2021-08-31,DEB,LIDL GB  NOTTINGHA,13.42,,2925.1,Groceries,Nottingham,UK,13.42,debit
1233,2021-08-27,CPT,LNK TESCO HK R NOT,40.0,,2938.52,Cash,nottingham,UK,40.0,debit
1234,2021-08-27,FPO,TRADING212UK,1500.0,,2978.52,Investment,Nottingham,UK,1500.0,debit
1235,2021-08-27,DD,TALKTALK LIMITED,21.0,,4478.52,Bills,Nottingham,UK,21.0,debit
1236,2021-08-27,BGC,UNIV OF NOTTINGHAM,,3801.43,4499.52,Paycheck,Nottingham,UK,3801.43,credit
1237,2021-08-26,FPO,ANTIGONI ABRAHMS,6.0,,698.09,Entertainment,London,UK,6.0,debit
1238,2021-08-26,BP,SAVE THE CHANGE,0.81,,704.09,Savings,Nottingham,UK,0.81,debit
1239,2021-08-25,DEB,T4 TEA SALOON,14.2,,704.9,Dine Out,Nottingham,UK,14.2,debit
1240,2021-08-25,DEB,AMZNMktplace,9.99,,719.1,Amazon,Nottingham,UK,9.99,debit
1241,2021-08-25,FPO,TRADING212UK,300.0,,729.09,Investment,Nottingham,UK,300.0,debit
1242,2021-08-25,FPI,ABAYOMI ADAMS,,400.0,1029.09,Supplementary Income,Nottingham,UK,400.0,credit
1243,2021-08-25,BP,SAVE THE CHANGE,0.06,,629.09,Savings,Nottingham,UK,0.06,debit
1244,2021-08-24,FPO,TAMBA TAM,10.0,,629.15,Services,Nottingham,UK,10.0,debit
1245,2021-08-24,DEB,AMZNMktplace,18.95,,639.15,Amazon,Nottingham,UK,18.95,debit
1246,2021-08-24,DEB,Audible UK,7.99,,658.1,Entertainment,Nottingham,UK,7.99,debit
1247,2021-08-24,FPO,TRADING212UK,300.0,,666.09,Investment,Nottingham,UK,300.0,debit
1248,2021-08-24,BP,SAVE THE CHANGE,0.21,,966.09,Savings,Nottingham,UK,0.21,debit
1249,2021-08-23,DEB,LIDL GB  NOTTINGHA,15.79,,966.3,Groceries,Nottingham,UK,15.79,debit
1250,2021-08-23,DEB,Amazon.co.uk*I0899,12.0,,982.09,Amazon,Nottingham,UK,12.0,debit
1251,2021-08-23,BP,SAVE THE CHANGE,2.54,,994.09,Savings,Nottingham,UK,2.54,debit
1252,2021-08-23,DEB,T K MAXX,21.94,,996.63,Other Shopping,Unknown,Unknown,21.94,debit
1253,2021-08-23,DEB,ORIENTAL MART HYDR,11.17,,1018.57,Groceries,Nottingham,UK,11.17,debit
1254,2021-08-23,DEB,AMZNMktplace,5.99,,1029.74,Amazon,Nottingham,UK,5.99,debit
1255,2021-08-23,DEB,LIDL GB  NOTTINGHA,16.09,,1035.73,Groceries,Nottingham,UK,16.09,debit
1256,2021-08-23,DEB,AMZNMktplace,11.27,,1051.82,Amazon,Nottingham,UK,11.27,debit
1257,2021-08-20,FPO,TRADING212UK,300.0,,1063.09,Investment,Nottingham,UK,300.0,debit
1258,2021-08-20,FPI,SHEILA SMITH,,380.0,1363.09,Supplementary Income,Nottingham,UK,380.0,credit
1259,2021-08-20,BP,SAVE THE CHANGE,1.01,,983.09,Savings,Nottingham,UK,1.01,debit
1260,2021-08-19,DEB,AMZNMktplace,18.5,,984.1,Amazon,Nottingham,UK,18.5,debit
1261,2021-08-19,DEB,HPI INSTANT INK UK,3.49,,1002.6,Other Shopping,Unknown,Unknown,3.49,debit
1262,2021-08-18,FPO,TRADING212UK,400.0,,1006.09,Investment,Nottingham,UK,400.0,debit
1263,2021-08-18,BP,SAVE THE CHANGE,0.14,,1406.09,Savings,Nottingham,UK,0.14,debit
1264,2021-08-17,DEB,LIDL GB  NOTTINGHA,5.86,,1406.23,Groceries,Nottingham,UK,5.86,debit
1265,2021-08-17,DD,VIRGIN MEDIA PYMTS,25.5,,1412.09,Bills,Nottingham,UK,25.5,debit
1266,2021-08-16,FPO,TRADING212UK,500.0,,1437.59,Investment,Nottingham,UK,500.0,debit
1267,2021-08-16,DD,O2,16.66,,1937.59,Other Shopping,Nottingham,UK,16.66,debit
1268,2021-08-16,BP,SAVE THE CHANGE,0.06,,1954.25,Savings,Nottingham,UK,0.06,debit
1269,2021-08-16,DEB,AMZNMktplace,5.94,,1954.31,Amazon,Nottingham,UK,5.94,debit
1270,2021-11-08,BP,SAVE THE CHANGE,0.1,,1960.25,Savings,Nottingham,UK,0.1,debit
1271,2021-10-08,DEB,Amazon.co.uk*BV22U,7.9,,1960.35,Amazon,Nottingham,UK,7.9,debit
1272,2021-10-08,BP,SAVE THE CHANGE,0.6,,1968.25,Savings,Nottingham,UK,0.6,debit
1273,2021-09-08,DEB,Amazon.co.uk*VM9GG,14.4,,1968.85,Amazon,Nottingham,UK,14.4,debit
1274,2021-09-08,BP,SAVE THE CHANGE,0.02,,1983.25,Savings,Nottingham,UK,0.02,debit
1275,2021-06-08,DEB,AMZNMktplace,15.99,,1983.27,Amazon,Nottingham,UK,15.99,debit
1276,2021-06-08,DEB,AMZNMktplace,15.99,,1999.26,Amazon,Nottingham,UK,15.99,debit
1277,2021-06-08,DD,PURE GYM LTD,19.99,,2015.25,Fitness,Nottingham,UK,19.99,debit
1278,2021-05-08,BP,SAVE THE CHANGE,0.21,,2035.24,Savings,Nottingham,UK,0.21,debit
1279,2021-04-08,DEB,Amazon.co.uk*W99XU,25.8,,2035.45,Amazon,Nottingham,UK,25.8,debit
1280,2021-04-08,DEB,AMZNMktplace,9.99,,2061.25,Amazon,Nottingham,UK,9.99,debit
1281,2021-04-08,FPO,TRADING212UK,100.0,,2071.24,Investment,Nottingham,UK,100.0,debit
1282,2021-04-08,BP,SAVE THE CHANGE,1.08,,2171.24,Savings,Nottingham,UK,1.08,debit
1283,2021-03-08,DEP,CLUB LLOYDS WAIVED,,3.0,2172.32,Amazon,Nottingham,UK,3.0,credit
1284,2021-03-08,PAY,CLUB LLOYDS FEE,3.0,,2169.32,Bills,Nottingham,UK,3.0,debit
1285,2021-03-08,DEB,AMZNMktplace,20.99,,2172.32,Supplementary Income,Nottingham,UK,20.99,debit
1286,2021-03-08,DEB,AMZNMktplace,14.44,,2193.31,Amazon,Nottingham,UK,14.44,debit
1287,2021-03-08,DEB,AMZNMktplace,8.49,,2207.75,Amazon,Nottingham,UK,8.49,debit
1288,2021-03-08,TFR,R LAWRENCE,,150.0,2216.24,Supplementary Income,Nottingham,UK,150.0,credit
1289,2021-02-08,Unknown,INTEREST (GROSS),,0.8,2066.24,Interest,Nottingham,UK,0.8,credit
1290,2021-02-08,FPO,TRADING212UK,500.0,,2065.44,Investment,Nottingham,UK,500.0,debit
1291,2021-02-08,DD,BARCLAYS UK MTGES,981.71,,2565.44,Bills,Nottingham,UK,981.71,debit
1292,2021-02-08,DD,NOTTM CITY COUNC,157.0,,3547.15,Bills,Nottingham,UK,157.0,debit
1293,2021-02-08,DD,OCTOPUS ENERGY,90.0,,3704.15,Bills,Nottingham,UK,90.0,debit
1294,2021-02-08,DD,SEVERN TRENT WATER,35.32,,3794.15,Bills,Nottingham,UK,35.32,debit
1295,2021-02-08,SO,Q WANG,,1000.0,3829.47,Supplementary Income,Nottingham,UK,1000.0,credit
1296,2021-02-08,SO,ESAVINGS ACCOUNT,300.0,,2829.47,Savings,Nottingham,UK,300.0,debit
1297,2021-07-30,FPO,TRADING212UK,1000.0,,3129.47,Investment,Nottingham,UK,1000.0,debit
1298,2021-07-29,BP,SAVE THE CHANGE,1.19,,4129.47,Savings,Nottingham,UK,1.19,debit
1299,2021-07-29,BGC,UNIV OF NOTTINGHAM,,3756.19,4130.66,Paycheck,Nottingham,UK,3756.19,credit
1300,2021-07-28,DEB,AMZNMktplace,117.79,,374.47,Amazon,Nottingham,UK,117.79,debit
1301,2021-07-28,DEB,LIDL GB  NOTTINGHA,14.02,,492.26,Groceries,Nottingham,UK,14.02,debit
1302,2021-07-28,BP,SAVE THE CHANGE,0.66,,506.28,Savings,Nottingham,UK,0.66,debit
1303,2021-07-28,FPO,TAMBA TAM,10.0,,506.94,Services,Nottingham,UK,10.0,debit
1304,2021-07-27,DEB,UNION ROOMS,4.34,,516.94,Dine Out,Plymouth/Newcatle,UK,4.34,debit
1305,2021-07-27,DEB,CRYSTAL DRAGON,12.0,,521.28,Other Shopping,Plymouth,UK,12.0,debit
1306,2021-07-27,FPO,TRADING212UK,400.0,,533.28,Investment,Nottingham,UK,400.0,debit
1307,2021-07-27,DD,TALKTALK LIMITED,20.84,,933.28,Bills,Nottingham,UK,20.84,debit
1308,2021-07-27,BP,SAVE THE CHANGE,1.82,,954.12,Savings,Nottingham,UK,1.82,debit
1309,2021-07-26,DEB,TIGERMILK EVENTS,9.5,,955.94,Entertainment,Plymouth,UK,9.5,debit
1310,2021-07-26,DEB,UNION ROOMS,4.34,,965.44,Dine Out,Plymouth/Newcatle,UK,4.34,debit
1311,2021-07-26,DEB,UNION ROOMS,4.34,,969.78,Dine Out,Plymouth/Newcatle,UK,4.34,debit
1312,2021-07-26,FPI,ABAYOMI ADAMS,,400.0,974.12,Supplementary Income,Nottingham,UK,400.0,credit
1313,2021-07-26,BP,SAVE THE CHANGE,2.51,,574.12,Savings,Nottingham,UK,2.51,debit
1314,2021-07-26,DEB,SKECHERS PLYMOUTH,67.0,,576.63,Other Shopping,Plymouth,UK,67.0,debit
1315,2021-07-26,DEB,THE RISE BAKERY,14.75,,643.63,Dine Out,Plymouth,UK,14.75,debit
1316,2021-07-26,CPT,LNK BOOZE BUSTERS,50.0,,658.38,Cash,Nottingham,UK,50.0,debit
1317,2021-07-26,DEB,THE RISE BAKERY,11.15,,708.38,Dine Out,Plymouth,UK,11.15,debit
1318,2021-07-26,DEB,Audible UK,7.99,,719.53,Entertainment,Nottingham,UK,7.99,debit
1319,2021-07-26,DEB,PASTIES 4 YOU LTD,2.5,,727.52,Dine Out,Sheffild ,UK,2.5,debit
1320,2021-07-26,DEB,CAFFE NERO BIRMING,3.6,,730.02,Dine Out,Birmingham,UK,3.6,debit
1321,2021-07-23,DEB,THE NEW CONTINENTA,465.0,,733.62,Dine Out,Bargoed,UK,465.0,debit
1322,2021-07-23,DEB,EAST MIDS RAILWAY,155.5,,1198.62,Travel,Nottingham,UK,155.5,debit
1323,2021-07-23,BP,SAVE THE CHANGE,0.01,,1354.12,Savings,Nottingham,UK,0.01,debit
1324,2021-07-23,BGC,OPEN UNIVERSITY,,372.32,1354.13,Supplementary Income,Nottingham,UK,372.32,credit
1325,2021-07-22,DEB,AMZNMktplace,12.99,,981.81,Amazon,Nottingham,UK,12.99,debit
1326,2021-07-22,BP,SAVE THE CHANGE,0.83,,994.8,Savings,Nottingham,UK,0.83,debit
1327,2021-07-21,DEB,AMZNMktplace,12.99,,995.63,Amazon,Nottingham,UK,12.99,debit
1328,2021-07-21,DEB,LIDL GB NOTTINGHAM,8.94,,1008.62,Groceries,Nottingham,UK,8.94,debit
1329,2021-07-21,DEB,Amazon.co.uk*228N1,5.24,,1017.56,Amazon,Nottingham,UK,5.24,debit
1330,2021-07-21,FPO,TRADING212UK,200.0,,1022.8,Bills,Nottingham,UK,200.0,debit
1331,2021-07-21,BP,SAVE THE CHANGE,0.08,,1222.8,Savings,Nottingham,UK,0.08,debit
1332,2021-07-20,FPO,TAMBA TAM,10.0,,1222.88,Services,Nottingham,UK,10.0,debit
1333,2021-07-20,FPI,SHEILA SMITH,,380.0,1232.88,Supplementary Income,Nottingham,UK,380.0,credit
1334,2021-07-20,DEB,AMZNMktplace,102.94,,852.88,Amazon,Nottingham,UK,102.94,debit
1335,2021-07-20,DEB,AMZNMktplace,12.99,,955.82,Amazon,Nottingham,UK,12.99,debit
1336,2021-07-20,DEB,Amazon.co.uk*1D3K4,4.99,,968.81,Amazon,Nottingham,UK,4.99,debit
1337,2021-07-20,BP,SAVE THE CHANGE,2.05,,973.8,Savings,Nottingham,UK,2.05,debit
1338,2021-07-19,DEB,SAINSBURYS S/MKTS,21.55,,975.85,Groceries,Unknown,Unknown,21.55,debit
1339,2021-07-19,DEB,AMZNMktplace,11.11,,997.4,Amazon,Nottingham,UK,11.11,debit
1340,2021-07-19,DEB,AMZNMktplace,8.75,,1008.51,Amazon,Nottingham,UK,8.75,debit
1341,2021-07-19,DEB,AMZNMktplace,5.54,,1017.26,Amazon,Nottingham,UK,5.54,debit
1342,2021-07-19,DD,VIRGIN MEDIA PYMTS,25.5,,1022.8,Investment,Nottingham,UK,25.5,debit
1343,2021-07-19,BP,SAVE THE CHANGE,0.96,,1048.3,Savings,Nottingham,UK,0.96,debit
1344,2021-07-19,FPO,TRADING212UK,150.0,,1049.26,Investment,Nottingham,UK,150.0,debit
1345,2021-07-19,DEB,LIDL GB  NOTTINGHA,15.44,,1199.26,Groceries,Nottingham,UK,15.44,debit
1346,2021-07-19,DEB,Audible UK,18.0,,1214.7,Entertainment,Nottingham,UK,18.0,debit
1347,2021-07-19,DEB,SQ *DIVINE COFFEE,9.6,,1232.7,Dine Out,Nottingham ,UK,9.6,debit
1348,2021-07-16,DEB,TESCO STORES 6735,2.0,,1242.3,Groceries,Unknown,Unknown,2.0,debit
1349,2021-07-16,DD,O2,16.66,,1244.3,Other Shopping,Nottingham,UK,16.66,debit
1350,2021-07-15,FPO,ANTIGONI ABRAHMS,6.0,,1260.96,Entertainment,London,UK,6.0,debit
1351,2021-07-15,FPO,ALICJA ALEXANDER,30.0,,1266.96,Services/Home Improvement,Nottingham,UK,30.0,debit
1352,2021-07-15,BP,SAVE THE CHANGE,1.08,,1296.96,Savings,Nottingham,UK,1.08,debit
1353,2021-07-14,DEB,HPI INSTANT INK UK,3.49,,1298.04,Other Shopping,Unknown,Unknown,3.49,debit
1354,2021-07-14,DEB,LIDL GB NOTTINGHAM,11.44,,1301.53,Groceries,Nottingham,UK,11.44,debit
1355,2021-07-14,DEB,AMZNMktplace,8.99,,1312.97,Amazon,Nottingham,UK,8.99,debit
1356,2021-07-13,FPO,TAMBA TAM,10.0,,1321.96,Services,Nottingham,UK,10.0,debit
1357,2021-07-13,BP,SAVE THE CHANGE,0.51,,1331.96,Savings,Nottingham,UK,0.51,debit
1358,2021-12-07,DEB,GOOGLE *YouTube Vi,3.49,,1332.47,Uncategorized,Nottingham,UK,3.49,debit
1359,2021-12-07,BP,SAVE THE CHANGE,2.12,,1335.96,Savings,Nottingham,UK,2.12,debit
1360,2021-12-07,DEB,AMZNMktplace,9.34,,1338.08,Amazon,Nottingham,UK,9.34,debit
1361,2021-12-07,DEB,WILKO RETAIL LIMIT,3.5,,1347.42,Other Shopping,Unknown,Unknown,3.5,debit
1362,2021-12-07,DEB,ORIENTAL MART HYDR,3.26,,1350.92,Groceries,Nottingham,UK,3.26,debit
1363,2021-12-07,DEB,AMZNMKTPLACE AMAZO,25.99,,1354.18,Amazon,Nottingham,UK,25.99,debit
1364,2021-12-07,FPO,ROBERT RECORD,30.0,,1380.17,Others,Nottingham,UK,30.0,debit
1365,2021-12-07,DEB,SAINSBURYS S/MKTS,35.8,,1410.17,Groceries,Unknown,Unknown,35.8,debit
1366,2021-09-07,DEB,31K,12.0,,1445.97,Dine Out,Nottingham,UK,12.0,debit
1367,2021-09-07,DEB,AMZNMKTPLACE AMAZO,11.99,,1457.97,Amazon,Nottingham,UK,11.99,debit
1368,2021-09-07,BP,SAVE THE CHANGE,0.8,,1469.96,Savings,Nottingham,UK,0.8,debit
1369,2021-08-07,FPO,ANTIGONI ABRAHMS,6.0,,1470.76,Entertainment,London,UK,6.0,debit
1370,2021-08-07,DEB,RAJAH FOOD STORE L,6.2,,1476.76,Groceries,Nottingham,UK,6.2,debit
1371,2021-08-07,BP,SAVE THE CHANGE,0.88,,1482.96,Savings,Nottingham,UK,0.88,debit
1372,2021-07-07,DEB,TROPICAL SUMMER FE,114.57,,1483.84,Entertainment,Plymouth,UK,114.57,debit
1373,2021-07-07,DEB,AMZNMktplace,98.55,,1598.41,Amazon,Nottingham,UK,98.55,debit
1374,2021-07-07,BP,SAVE THE CHANGE,0.85,,1696.96,Savings,Nottingham,UK,0.85,debit
1375,2021-06-07,FPO,TAMBA TAM,10.0,,1697.81,Services,Nottingham,UK,10.0,debit
1376,2021-06-07,DEB,LIDL GB  NOTTINGHA,5.15,,1707.81,Groceries,Nottingham,UK,5.15,debit
1377,2021-06-07,DD,PURE GYM LTD,19.99,,1712.96,Fitness,Nottingham,UK,19.99,debit
1378,2021-06-07,BP,SAVE THE CHANGE,0.2,,1732.95,Savings,Nottingham,UK,0.2,debit
1379,2021-05-07,DEB,LIDL GB  NOTTINGHA,11.8,,1733.15,Groceries,Nottingham,UK,11.8,debit
1380,2021-05-07,BP,SAVE THE CHANGE,2.11,,1744.95,Savings,Nottingham,UK,2.11,debit
1381,2021-05-07,DEB,Lush UK,36.0,,1747.06,Other Shopping,Unknown,Unknown,36.0,debit
1382,2021-05-07,DEB,ORIENTAL MART HYDR,11.01,,1783.06,Groceries,Nottingham,UK,11.01,debit
1383,2021-05-07,DEB,DOUGHNOTTS BAKERY,6.5,,1794.07,Dine Out,Nottingham,UK,6.5,debit
1384,2021-05-07,DEB,LIDL GB  NOTTINGHA,18.39,,1800.57,Groceries,Nottingham,UK,18.39,debit
1385,2021-02-07,DEP,CLUB LLOYDS WAIVED,,3.0,1818.96,Amazon,Nottingham,UK,3.0,credit
1386,2021-02-07,PAY,CLUB LLOYDS FEE,3.0,,1815.96,Bills,Nottingham,UK,3.0,debit
1387,2021-02-07,DEB,AMZNMktplace,14.99,,1818.96,Supplementary Income,Nottingham,UK,14.99,debit
1388,2021-02-07,DEB,31K,12.0,,1833.95,Dine Out,Nottingham,UK,12.0,debit
1389,2021-01-07,Unknown,INTEREST (GROSS),,0.63,1845.95,Interest,Nottingham,UK,0.63,credit
1390,2021-01-07,FPO,ALICJA ALEXANDER,30.0,,1845.32,Services/Home Improvement,Nottingham,UK,30.0,debit
1391,2021-01-07,FPO,ANTIGONI ABRAHMS,6.0,,1875.32,Entertainment,London,UK,6.0,debit
1392,2021-01-07,FPO,TRADING212UK,500.0,,1881.32,Investment,Nottingham,UK,500.0,debit
1393,2021-01-07,DD,BARCLAYS UK MTGES,981.71,,2381.32,Bills,Nottingham,UK,981.71,debit
1394,2021-01-07,DD,NOTTM CITY COUNC,157.0,,3363.03,Bills,Nottingham,UK,157.0,debit
1395,2021-01-07,DD,OCTOPUS ENERGY,90.0,,3520.03,Bills,Nottingham,UK,90.0,debit
1396,2021-01-07,DD,SEVERN TRENT WATER,35.22,,3610.03,Bills,Nottingham,UK,35.22,debit
1397,2021-01-07,SO,Q WANG,,1000.0,3645.25,Supplementary Income,Nottingham,UK,1000.0,credit
1398,2021-01-07,SO,ESAVINGS ACCOUNT,300.0,,2645.25,Savings,Nottingham,UK,300.0,debit
1399,2021-01-07,BP,SAVE THE CHANGE,0.31,,2945.25,Savings,Nottingham,UK,0.31,debit
1400,2021-06-30,DEB,LIDL GB NOTTINGHAM,10.69,,2945.56,Groceries,Nottingham,UK,10.69,debit
1401,2021-06-29,FPO,TRADING212UK,1100.0,,2956.25,Investment,Nottingham,UK,1100.0,debit
1402,2021-06-29,BP,SAVE THE CHANGE,0.12,,4056.25,Savings,Nottingham,UK,0.12,debit
1403,2021-06-29,BGC,UNIV OF NOTTINGHAM,,3756.18,4056.37,Paycheck,Nottingham,UK,3756.18,credit
1404,2021-06-28,DEB,Amazon.co.uk*200PY,29.99,,300.19,Amazon,Nottingham,UK,29.99,debit
1405,2021-06-28,DEB,LIDL GB  NOTTINGHA,14.89,,330.18,Groceries,Nottingham,UK,14.89,debit
1406,2021-06-28,FPO,JOE SPENCE,26.0,,345.07,Services,Nottingham,UK,26.0,debit
1407,2021-06-28,BP,SAVE THE CHANGE,2.14,,371.07,Savings,Nottingham,UK,2.14,debit
1408,2021-06-28,DEB,ORIENTAL MART HYDR,11.21,,373.21,Groceries,Nottingham,UK,11.21,debit
1409,2021-06-28,DEB,AMZNMktplace,7.49,,384.42,Amazon,Nottingham,UK,7.49,debit
1410,2021-06-28,FPO,ROBERT RECORD,120.0,,391.91,Others,Nottingham,UK,120.0,debit
1411,2021-06-28,DEB,AMZNMktplace,39.98,,511.91,Amazon,Nottingham,UK,39.98,debit
1412,2021-06-25,DEB,STARBUCKS,8.18,,551.89,Dine Out,Unknown,Unknown,8.18,debit
1413,2021-06-25,DD,TALKTALK LIMITED,21.95,,560.07,Bills,Nottingham,UK,21.95,debit
1414,2021-06-25,BP,SAVE THE CHANGE,1.37,,582.02,Savings,Nottingham,UK,1.37,debit
1415,2021-06-24,FPO,ANTIGONI ABRAHMS,6.0,,583.39,Entertainment,London,UK,6.0,debit
1416,2021-06-24,DEB,Amazon.co.uk*284VM,39.99,,589.39,Amazon,Nottingham,UK,39.99,debit
1417,2021-06-24,DEB,LIDL GB  NOTTINGHA,15.06,,629.38,Groceries,Nottingham,UK,15.06,debit
1418,2021-06-24,DEB,AMZNMktplace,9.59,,644.44,Amazon,Nottingham,UK,9.59,debit
1419,2021-06-24,DEB,Audible UK,7.99,,654.03,Entertainment,Nottingham,UK,7.99,debit
1420,2021-06-24,FPO,TRADING212UK,300.0,,662.02,Investment,Nottingham,UK,300.0,debit
1421,2021-06-24,FPI,ABAYOMI ADAMS,,400.0,962.02,Supplementary Income,Nottingham,UK,400.0,credit
1422,2021-06-24,BP,SAVE THE CHANGE,1.08,,562.02,Savings,Nottingham,UK,1.08,debit
1423,2021-06-23,DEB,AMZNMktplace,22.33,,563.1,Amazon,Nottingham,UK,22.33,debit
1424,2021-06-23,DEB,STARBUCKS,4.59,,585.43,Dine Out,Unknown,Unknown,4.59,debit
1425,2021-06-23,FPO,TRADING212UK,100.0,,590.02,Investment,Nottingham,UK,100.0,debit
1426,2021-06-23,FPO,RAC ELECTRICAL CON,150.0,,690.02,Home Improvement,Nottingham,UK,150.0,debit
1427,2021-06-23,BP,SAVE THE CHANGE,1.02,,840.02,Savings,Nottingham,UK,1.02,debit
1428,2021-06-22,DEB,AMZNMktplace,40.08,,841.04,Amazon,Nottingham,UK,40.08,debit
1429,2021-06-22,DEB,AMZNMktplace,11.9,,881.12,Amazon,Nottingham,UK,11.9,debit
1430,2021-06-22,BP,SAVE THE CHANGE,0.49,,893.02,Savings,Nottingham,UK,0.49,debit
1431,2021-06-21,DEB,AMZNMktplace,9.99,,893.51,Amazon,Nottingham,UK,9.99,debit
1432,2021-06-21,DEB,LIDL GB  NOTTINGHA,9.52,,903.5,Groceries,Nottingham,UK,9.52,debit
1433,2021-06-21,FPO,TRADING212UK,200.0,,913.02,Investment,Nottingham,UK,200.0,debit
1434,2021-06-21,BP,SAVE THE CHANGE,2.95,,1113.02,Savings,Nottingham,UK,2.95,debit
1435,2021-06-21,FPI,SHEILA SMITH,,380.0,1115.97,Supplementary Income,Nottingham,UK,380.0,credit
1436,2021-06-21,DEB,AMZNMktplace,21.89,,735.97,Amazon,Nottingham,UK,21.89,debit
1437,2021-06-21,DEB,AMZNMktplace,19.95,,757.86,Amazon,Nottingham,UK,19.95,debit
1438,2021-06-21,DEB,ORIENTAL MART HYDR,10.37,,777.81,Groceries,Nottingham,UK,10.37,debit
1439,2021-06-21,DEB,DOUGHNOTTS BAKERY,5.5,,788.18,Dine Out,Nottingham,UK,5.5,debit
1440,2021-06-21,DEB,WILKO RETAIL LIMIT,2.5,,793.68,Other Shopping,Unknown,Unknown,2.5,debit
1441,2021-06-21,DEB,LIDL GB NOTTINGHAM,8.25,,796.18,Groceries,Nottingham,UK,8.25,debit
1442,2021-06-21,DEB,STARBUCKS,4.59,,804.43,Dine Out,Unknown,Unknown,4.59,debit
1443,2021-06-18,DEB,YOLK.,12.0,,809.02,Dine Out,Nottingham,UK,12.0,debit
1444,2021-06-18,BP,SAVE THE CHANGE,0.3,,821.02,Savings,Nottingham,UK,0.3,debit
1445,2021-06-17,FPO,ALICJA ALEXANDER,30.0,,821.32,Services/Home Improvement,Nottingham,UK,30.0,debit
1446,2021-06-17,FPO,ANTIGONI ABRAHMS,6.0,,851.32,Entertainment,London,UK,6.0,debit
1447,2021-06-17,DEB,AMZNMktplace,13.99,,857.32,Amazon,Nottingham,UK,13.99,debit
1448,2021-06-17,DEB,LIDL GB  NOTTINGHA,6.71,,871.31,Groceries,Nottingham,UK,6.71,debit
1449,2021-06-17,DD,VIRGIN MEDIA PYMTS,25.5,,878.02,Bills,Nottingham,UK,25.5,debit
1450,2021-06-17,BP,SAVE THE CHANGE,0.66,,903.52,Savings,Nottingham,UK,0.66,debit
1451,2021-06-16,DEB,AMZNMktplace,160.76,,904.18,Amazon,Nottingham,UK,160.76,debit
1452,2021-06-16,DEB,AMZNMKTPLACE AMAZO,21.99,,1064.94,Amazon,Nottingham,UK,21.99,debit
1453,2021-06-16,DEB,STARBUCKS,4.59,,1086.93,Dine Out,Unknown,Unknown,4.59,debit
1454,2021-06-16,DD,O2,19.86,,1091.52,Other Shopping,Nottingham,UK,19.86,debit
1455,2021-06-16,BP,SAVE THE CHANGE,1.87,,1111.38,Savings,Nottingham,UK,1.87,debit
1456,2021-06-15,DEB,AMZNMktplace,33.0,,1113.25,Amazon,Nottingham,UK,33.0,debit
1457,2021-06-15,DEB,SHARIF AND SONS SU,26.82,,1146.25,Groceries,Derby,UK,26.82,debit
1458,2021-06-15,DEB,SOLO GRANO,16.01,,1173.07,Dine Out,Nottingham,UK,16.01,debit
1459,2021-06-15,DEB,AMZNMktplace,4.79,,1189.08,Amazon,Nottingham,UK,4.79,debit
1460,2021-06-15,DEB,AMZNMktplace,3.51,,1193.87,Amazon,Nottingham,UK,3.51,debit
1461,2021-06-15,FPO,STEWART SCHOFIELD,150.0,,1197.38,Services,Nottingham,UK,150.0,debit
1462,2021-06-15,BP,SAVE THE CHANGE,0.73,,1347.38,Savings,Nottingham,UK,0.73,debit
1463,2021-06-14,DEB,LIDL GB  NOTTINGHA,14.79,,1348.11,Groceries,Nottingham,UK,14.79,debit
1464,2021-06-14,DEB,HPI INSTANT INK UK,4.49,,1362.9,Other Shopping,Unknown,Unknown,4.49,debit
1465,2021-06-14,DEB,ZARA NOTTINGHAM,19.99,,1367.39,Clothes,Nottingham,UK,19.99,debit
1466,2021-06-14,BP,SAVE THE CHANGE,2.04,,1387.38,Savings,Nottingham,UK,2.04,debit
1467,2021-06-14,DEB,ORIENTAL MART HYDR,11.17,,1389.42,Groceries,Nottingham,UK,11.17,debit
1468,2021-06-14,DEB,DOUGHNOTTS BAKERY,6.5,,1400.59,Dine Out,Nottingham,UK,6.5,debit
1469,2021-06-14,FPO,TRADING212UK,200.0,,1407.09,Investment,Nottingham,UK,200.0,debit
1470,2021-06-14,DEB,ECOTRICITY,139.51,,1607.09,Home Improvement,Nottingham,UK,139.51,debit
1471,2021-06-14,DEB,SAINSBURYS S/MKTS,37.78,,1746.6,Groceries,Unknown,Unknown,37.78,debit
1472,2021-11-06,FPI,SHEILA SMITH,,400.0,1784.38,Supplementary Income,Nottingham,UK,400.0,credit
1473,2021-11-06,BP,SAVE THE CHANGE,1.13,,1384.38,Savings,Nottingham,UK,1.13,debit
1474,2021-10-06,FPO,ANTIGONI ABRAHMS,6.0,,1385.51,Entertainment,London,UK,6.0,debit
1475,2021-10-06,DEB,AMZNMktplace,77.7,,1391.51,Amazon,Nottingham,UK,77.7,debit
1476,2021-10-06,DEB,LIDL GB  NOTTINGHA,12.17,,1469.21,Groceries,Nottingham,UK,12.17,debit
1477,2021-10-06,BP,SAVE THE CHANGE,1.81,,1481.38,Savings,Nottingham,UK,1.81,debit
1478,2021-09-06,DEB,AMZNMktplace,43.93,,1483.19,Amazon,Nottingham,UK,43.93,debit
1479,2021-09-06,DEB,STARBUCKS CAFE,7.18,,1527.12,Dine Out,Unknown,Unknown,7.18,debit
1480,2021-09-06,DEB,SEVERN TRENT WATER,6.34,,1534.3,Bills,Nottingham,UK,6.34,debit
1481,2021-09-06,DEB,AMZNMKTPLACE AMAZO,31.74,,1540.64,Amazon,Nottingham,UK,31.74,debit
1482,2021-08-06,BP,SAVE THE CHANGE,0.01,,1572.38,Savings,Nottingham,UK,0.01,debit
1483,2021-07-06,DEB,PureGym Limited,19.99,,1572.39,Fitness,Nottingham,UK,19.99,debit
1484,2021-07-06,BP,SAVE THE CHANGE,0.93,,1592.38,Savings,Nottingham,UK,0.93,debit
1485,2021-07-06,DEB,T K MAXX,16.99,,1593.31,Other Shopping,Unknown,Unknown,16.99,debit
1486,2021-07-06,DEB,ORIENTAL MART HYDR,9.8,,1610.3,Groceries,Nottingham,UK,9.8,debit
1487,2021-07-06,DEB,DOUGHNOTTS BAKERY,6.5,,1620.1,Dine Out,Nottingham,UK,6.5,debit
1488,2021-07-06,DEB,LIDL GB  NOTTINGHA,8.78,,1626.6,Groceries,Nottingham,UK,8.78,debit
1489,2021-04-06,DEP,CLUB LLOYDS WAIVED,,3.0,1635.38,Supplementary Income,Nottingham,UK,3.0,credit
1490,2021-04-06,PAY,CLUB LLOYDS FEE,3.0,,1632.38,Bills,Nottingham,UK,3.0,debit
1491,2021-04-06,FPO,ROBERT RECORD,30.0,,1635.38,Others,Nottingham,UK,30.0,debit
1492,2021-04-06,BP,SAVE THE CHANGE,0.16,,1665.38,Savings,Nottingham,UK,0.16,debit
1493,2021-03-06,DEB,LIDL GB  NOTTINGHA,14.84,,1665.54,Groceries,Nottingham,UK,14.84,debit
1494,2021-03-06,FPO,ALICJA ALEXANDER,30.0,,1680.38,Services/Home Improvement,Nottingham,UK,30.0,debit
1495,2021-02-06,BP,SAVE THE CHANGE,0.5,,1710.38,Savings,Nottingham,UK,0.5,debit
1496,2021-01-06,Unknown,INTEREST (GROSS),,0.62,1710.88,Interest,Nottingham,UK,0.62,credit
1497,2021-01-06,FPO,TAMBA TAM,10.0,,1710.26,Services,Nottingham,UK,10.0,debit
1498,2021-01-06,DEB,Lush UK,20.0,,1720.26,Other Shopping,Unknown,Unknown,20.0,debit
1499,2021-01-06,DEB,SUMMERS IN TIME DA,6.0,,1740.26,Others,Nottingham,UK,6.0,debit
1500,2021-01-06,DEB,PIZZAMISU,18.5,,1746.26,Dine Out,Nottingham,UK,18.5,debit
1501,2021-01-06,FPO,TRADING212UK,500.0,,1764.76,Investment,Nottingham,UK,500.0,debit
1502,2021-01-06,DD,BARCLAYS UK MTGES,981.71,,2264.76,Bills,Nottingham,UK,981.71,debit
1503,2021-01-06,DD,NOTTM CITY COUNC,157.0,,3246.47,Bills,Nottingham,UK,157.0,debit
1504,2021-01-06,DD,OCTOPUS ENERGY,90.0,,3403.47,Bills,Nottingham,UK,90.0,debit
1505,2021-01-06,SO,Q WANG,,1000.0,3493.47,Supplementary Income,Nottingham,UK,1000.0,credit
1506,2021-01-06,SO,ESAVINGS ACCOUNT,300.0,,2493.47,Savings,Nottingham,UK,300.0,debit
1507,2021-01-06,BP,SAVE THE CHANGE,3.27,,2793.47,Savings,Nottingham,UK,3.27,debit
1508,2021-01-06,DEB,LIDL GB  NOTTINGHA,12.24,,2796.74,Groceries,Nottingham,UK,12.24,debit
1509,2021-01-06,DEB,AMZNMktplace,8.68,,2808.98,Amazon,Nottingham,UK,8.68,debit
1510,2021-01-06,DEB,ORIENTAL MART HYDR,20.19,,2817.66,Groceries,Nottingham,UK,20.19,debit
1511,2021-01-06,DEB,WILKO RETAIL LIMIT,9.0,,2837.85,Other Shopping,Unknown,Unknown,9.0,debit
1512,2021-01-06,DEB,DOUGHNOTTS BAKERY,6.5,,2846.85,Dine Out,Nottingham,UK,6.5,debit
1513,2021-01-06,DEB,GREGGS PLC,2.0,,2853.35,Dine Out,Unknown,Unknown,2.0,debit
1514,2021-01-06,TFR,R LAWRENCE  29MAY21,,900.0,2855.35,Supplementary Income,Nottingham,UK,900.0,credit
1515,2021-01-06,FPO,STEWART SCHOFIELD,850.0,,1955.35,Services,Nottingham,UK,850.0,debit
1516,2021-01-06,DEB,AMZNMktplace,13.99,,2805.35,Amazon,Nottingham,UK,13.99,debit
1517,2021-01-06,DEB,AMZNMktplace,11.18,,2819.34,Amazon,Nottingham,UK,11.18,debit
1518,2021-05-28,DEB,AMZNMktplace,79.95,,2830.52,Amazon,Nottingham,UK,79.95,debit
1519,2021-05-28,DEB,SUMMERS IN TIME DA,6.0,,2910.47,Others,Nottingham,UK,6.0,debit
1520,2021-05-28,DD,TALKTALK LIMITED,21.95,,2916.47,Bills,Nottingham,UK,21.95,debit
1521,2021-05-28,BP,SAVE THE CHANGE,0.68,,2938.42,Savings,Nottingham,UK,0.68,debit
1522,2021-05-27,DEB,IZ *Nottingham Bik,50.0,,2939.1,Other Shopping,Nottingham,UK,50.0,debit
1523,2021-05-27,DEB,LIDL GB  NOTTINGHA,10.32,,2989.1,Groceries,Nottingham,UK,10.32,debit
1524,2021-05-27,FPO,TRADING212UK,1300.0,,2999.42,Investment,Nottingham,UK,1300.0,debit
1525,2021-05-27,BP,SAVE THE CHANGE,1.22,,4299.42,Savings,Nottingham,UK,1.22,debit
1526,2021-05-27,BGC,UNIV OF NOTTINGHAM,,3756.18,4300.64,Paycheck,Nottingham,UK,3756.18,credit
1527,2021-05-26,DEB,AMZNMktplace,8.9,,544.46,Amazon,Nottingham,UK,8.9,debit
1528,2021-05-26,DEB,AMZNMktplace,8.03,,553.36,Amazon,Nottingham,UK,8.03,debit
1529,2021-05-26,DEB,LIDL GB  NOTTINGHA,5.85,,561.39,Groceries,Nottingham,UK,5.85,debit
1530,2021-05-26,BP,SAVE THE CHANGE,0.01,,567.24,Savings,Nottingham,UK,0.01,debit
1531,2021-05-25,FPO,TAMBA TAM,10.0,,567.25,Services,Nottingham,UK,10.0,debit
1532,2021-05-25,DEB,AMZNMktplace,27.99,,577.25,Amazon,Nottingham,UK,27.99,debit
1533,2021-05-25,BP,SAVE THE CHANGE,0.01,,605.24,Savings,Nottingham,UK,0.01,debit
1534,2021-05-24,DEB,Audible UK,7.99,,605.25,Entertainment,Nottingham,UK,7.99,debit
1535,2021-05-24,FPO,TRADING212UK,400.0,,613.24,Savings,Nottingham,UK,400.0,debit
1536,2021-05-24,FPI,ABAYOMI ADAMS,,400.0,1013.24,Supplementary Income,Nottingham,UK,400.0,credit
1537,2021-05-24,BP,SAVE THE CHANGE,2.94,,613.24,Investment,Nottingham,UK,2.94,debit
1538,2021-05-24,DEB,LIDL GB  NOTTINGHA,13.59,,616.18,Groceries,Nottingham,UK,13.59,debit
1539,2021-05-24,DEB,DOUGHNOTTS BAKERY,6.5,,629.77,Dine Out,Nottingham,UK,6.5,debit
1540,2021-05-24,DEB,ORIENTAL MART HYDR,5.03,,636.27,Groceries,Nottingham,UK,5.03,debit
1541,2021-05-24,DEB,WILKO RETAIL LIMIT,2.5,,641.3,Other Shopping,Unknown,Unknown,2.5,debit
1542,2021-05-21,DEB,LIDL GB  NOTTINGHA,8.44,,643.8,Groceries,Nottingham,UK,8.44,debit
1543,2021-05-20,FPO,TRADING212UK,100.0,,652.24,Investment,Nottingham,UK,100.0,debit
1544,2021-05-20,FPO,ALICJA ALEXANDER,30.0,,752.24,Services/Home Improvement,Nottingham,UK,30.0,debit
1545,2021-05-20,BP,SAVE THE CHANGE,0.87,,782.24,Savings,Nottingham,UK,0.87,debit
1546,2021-05-19,DEB,AMZNMktplace,15.99,,783.11,Amazon,Nottingham,UK,15.99,debit
1547,2021-05-19,DEB,AMAZON.CO.UK*MK3GT,10.14,,799.1,Amazon,Nottingham,UK,10.14,debit
1548,2021-05-19,BP,SAVE THE CHANGE,0.32,,809.24,Savings,Nottingham,UK,0.32,debit
1549,2021-05-18,FPO,TAMBA TAM,10.0,,809.56,Services,Nottingham,UK,10.0,debit
1550,2021-05-18,DEB,LIDL GB  NOTTINGHA,15.68,,819.56,Groceries,Nottingham,UK,15.68,debit
1551,2021-05-18,DEB,SUMMERS IN TIME DA,6.0,,835.24,Others,Nottingham,UK,6.0,debit
1552,2021-05-18,CPT,LNK NOTTINGHAM UNI,40.0,,841.24,Cash,Nottingham,UK,40.0,debit
1553,2021-05-17,DD,VIRGIN MEDIA PYMTS,25.5,,881.24,Bills,Nottingham,UK,25.5,debit
1554,2021-05-17,DD,O2,16.66,,906.74,Other Shopping,Nottingham,UK,16.66,debit
1555,2021-05-17,BP,SAVE THE CHANGE,1.56,,923.4,Savings,Nottingham,UK,1.56,debit
1556,2021-05-17,DEB,ORIENTAL MART HYDR,9.77,,924.96,Groceries,Nottingham,UK,9.77,debit
1557,2021-05-17,DEB,LIDL GB  NOTTINGHA,5.27,,934.73,Groceries,Nottingham,UK,5.27,debit
1558,2021-05-14,DEB,AMZNMktplace,39.99,,940.0,Amazon,Nottingham,UK,39.99,debit
1559,2021-05-14,DEB,LIDL GB  NOTTINGHA,16.93,,979.99,Groceries,Nottingham,UK,16.93,debit
1560,2021-05-14,DEB,HPI INSTANT INK UK,3.49,,996.92,Other Shopping,Unknown,Unknown,3.49,debit
1561,2021-05-14,DEB,AMAZON.CO.UK*MK65X,9.99,,1000.41,Amazon,Nottingham,UK,9.99,debit
1562,2021-05-14,DEB,SKYPE.COM/GO/BILL,5.0,,1010.4,Bills,Nottingham,UK,5.0,debit
1563,2021-05-14,BP,SAVE THE CHANGE,0.13,,1015.4,Savings,Nottingham,UK,0.13,debit
1564,2021-05-13,DEB,AMZNMktplace,2.87,,1015.53,Amazon,Nottingham,UK,2.87,debit
1565,2021-05-13,BP,SAVE THE CHANGE,0.66,,1018.4,Savings,Nottingham,UK,0.66,debit
1566,2021-12-05,DEB,LIDL GB  NOTTINGHA,18.34,,1019.06,Groceries,Nottingham,UK,18.34,debit
1567,2021-12-05,BP,SAVE THE CHANGE,0.01,,1037.4,Savings,Nottingham,UK,0.01,debit
1568,2021-11-05,FPO,ROBERT RECORD,105.0,,1037.41,Others,Nottingham,UK,105.0,debit
1569,2021-11-05,DEB,AMZNMktplace,9.99,,1142.41,Amazon,Nottingham,UK,9.99,debit
1570,2021-11-05,FPO,PATRICIA A S LAW,300.0,,1152.4,Other Shopping,Unknown,Unknown,300.0,debit
1571,2021-11-05,BP,SAVE THE CHANGE,0.1,,1452.4,Savings,Nottingham,UK,0.1,debit
1572,2021-10-05,DEB,AMZNMktplace,13.99,,1452.5,Amazon,Nottingham,UK,13.99,debit
1573,2021-10-05,DEB,SOLO GRANO,3.91,,1466.49,Dine Out,Nottingham,UK,3.91,debit
1574,2021-10-05,BP,SAVE THE CHANGE,4.27,,1470.4,Savings,Nottingham,UK,4.27,debit
1575,2021-10-05,DEB,ORIENTAL MART HYDR,10.34,,1474.67,Groceries,Nottingham,UK,10.34,debit
1576,2021-10-05,DEB,T K MAXX,8.97,,1485.01,Other Shopping,Unknown,Unknown,8.97,debit
1577,2021-10-05,DEB,Amazon.co.uk*MK585,6.49,,1493.98,Amazon,Nottingham,UK,6.49,debit
1578,2021-10-05,DEB,PP*DOUGHNOTTS,6.0,,1500.47,Dine Out,Nottingham,UK,6.0,debit
1579,2021-10-05,FPO,ANTIGONI ABRAHMS,5.0,,1506.47,Entertainment,London,UK,5.0,debit
1580,2021-10-05,DEB,SHARIF AND SONS SU,7.29,,1511.47,Groceries,Derby,UK,7.29,debit
1581,2021-10-05,DEB,AMZNMktplace,3.03,,1518.76,Amazon,Nottingham,UK,3.03,debit
1582,2021-07-05,DEB,LIDL GB  NOTTINGHA,11.12,,1521.79,Groceries,Nottingham,UK,11.12,debit
1583,2021-07-05,DEB,AMZNMktplace,2.49,,1532.91,Amazon,Nottingham,UK,2.49,debit
1584,2021-07-05,DD,OCTOPUS ENERGY,90.0,,1535.4,Bills,Nottingham,UK,90.0,debit
1585,2021-07-05,BP,SAVE THE CHANGE,1.24,,1625.4,Savings,Nottingham,UK,1.24,debit
1586,2021-06-05,FPO,ALICJA ALEXANDER,30.0,,1626.64,Services/Home Improvement,Nottingham,UK,30.0,debit
1587,2021-06-05,DEB,CLASSIC DOORS AND,78.0,,1656.64,Home Improvement,Nottingham,UK,78.0,debit
1588,2021-06-05,DEB,Amazon.co.uk*MK78E,17.58,,1734.64,Amazon,Nottingham,UK,17.58,debit
1589,2021-06-05,DEB,LIDL GB  NOTTINGHA,11.18,,1752.22,Groceries,Nottingham,UK,11.18,debit
1590,2021-06-05,BP,SAVE THE CHANGE,0.97,,1763.4,Savings,Nottingham,UK,0.97,debit
1591,2021-05-05,DEP,CLUB LLOYDS WAIVED,,3.0,1764.37,Amazon,Nottingham,UK,3.0,credit
1592,2021-05-05,PAY,CLUB LLOYDS FEE,3.0,,1761.37,Bills,Nottingham,UK,3.0,debit
1593,2021-05-05,DEB,AMZNMktplace,29.95,,1764.37,Supplementary Income,Nottingham,UK,29.95,debit
1594,2021-05-05,DEB,AMZNMktplace,15.99,,1794.32,Amazon,Nottingham,UK,15.99,debit
1595,2021-05-05,DEB,AMAZON.CO.UK*MK9J0,15.09,,1810.31,Amazon,Nottingham,UK,15.09,debit
1596,2021-05-05,DEB,Amazon.co.uk*MK602,6.0,,1825.4,Amazon,Nottingham,UK,6.0,debit
1597,2021-05-05,BP,SAVE THE CHANGE,0.2,,1831.4,Savings,Nottingham,UK,0.2,debit
1598,2021-04-05,Unknown,INTEREST (GROSS),,0.74,1831.6,Interest,Nottingham,UK,0.74,credit
1599,2021-04-05,DEB,CAFFE NERO 650 NOT,2.8,,1830.86,Dine Out,Nottingham,UK,2.8,debit
1600,2021-04-05,FPO,TRADING212UK,600.0,,1833.66,Investment,Nottingham,UK,600.0,debit
1601,2021-04-05,TFR,R LAWRENCE,,200.0,2433.66,Supplementary Income,Nottingham,UK,200.0,credit
1602,2021-04-05,DD,BARCLAYS UK MTGES,981.71,,2233.66,Bills,Nottingham,UK,981.71,debit
1603,2021-04-05,DD,NOTTM CITY COUNC,155.06,,3215.37,Bills,Nottingham,UK,155.06,debit
1604,2021-04-05,SO,Q WANG,,1000.0,3370.43,Supplementary Income,Nottingham,UK,1000.0,credit
1605,2021-04-05,SO,ESAVINGS ACCOUNT,300.0,,2370.43,Savings,Nottingham,UK,300.0,debit
1606,2021-04-05,BP,SAVE THE CHANGE,2.23,,2670.43,Savings,Nottingham,UK,2.23,debit
1607,2021-04-05,DEB,PP*DOUGHNOTTS,6.5,,2672.66,Dine Out,Nottingham,UK,6.5,debit
1608,2021-04-05,FPO,ROBERT RECORD,45.0,,2679.16,Others,Nottingham,UK,45.0,debit
1609,2021-04-05,DEB,ORIENTAL MART HYDR,14.25,,2724.16,Groceries,Nottingham,UK,14.25,debit
1610,2021-04-05,DEB,WILKO RETAIL LIMIT,6.0,,2738.41,Other Shopping,Unknown,Unknown,6.0,debit
1611,2021-04-05,DEB,SOLO GRANO,3.47,,2744.41,Dine Out,Nottingham,UK,3.47,debit
1612,2021-04-05,DEB,LIDL GB  NOTTINGHA,12.88,,2747.88,Groceries,Nottingham,UK,12.88,debit
1613,2021-04-05,DEB,AMZNMKTPLACE AMAZO,5.67,,2760.76,Amazon,Nottingham,UK,5.67,debit
1614,2021-04-05,FPO,ANTIGONI ABRAHMS,5.0,,2766.43,Entertainment,London,UK,5.0,debit
1615,2021-04-30,DEB,AMAZON.CO.UK*MK74Z,3.0,,2771.43,Amazon,Nottingham,UK,3.0,debit
1616,2021-04-30,BP,SAVE THE CHANGE,1.51,,2774.43,Savings,Nottingham,UK,1.51,debit
1617,2021-04-29,DEB,ECOTRICITY,130.61,,2775.94,Home Improvement,Nottingham,UK,130.61,debit
1618,2021-04-29,DEB,LIDL GB  NOTTINGHA,12.19,,2906.55,Groceries,Nottingham,UK,12.19,debit
1619,2021-04-29,DEB,AMZNMKTPLACE AMAZO,2.69,,2918.74,Amazon,Nottingham,UK,2.69,debit
1620,2021-04-29,FPO,TRADING212UK,1000.0,,2921.43,Investment,Nottingham,UK,1000.0,debit
1621,2021-04-29,FPO,TRADING212UK,293.0,,3921.43,Investment,Nottingham,UK,293.0,debit
1622,2021-04-29,BGC,UNIV OF NOTTINGHAM,,3756.59,4214.43,Paycheck,Nottingham,UK,3756.59,credit
1623,2021-04-28,FPO,TRADING212UK,100.0,,457.84,Investment,Nottingham,UK,100.0,debit
1624,2021-04-28,FPO,MR IAN ELLIS,110.0,,557.84,Services,Nottingham,UK,110.0,debit
1625,2021-04-28,BP,SAVE THE CHANGE,0.35,,667.84,Savings,Nottingham,UK,0.35,debit
1626,2021-04-27,DEB,SHARIF AND SONS SU,19.65,,668.19,Groceries,Derby,UK,19.65,debit
1627,2021-04-27,DD,TALKTALK LIMITED,21.95,,687.84,Bills,Nottingham,UK,21.95,debit
1628,2021-04-26,FPO,TRADING212UK,200.0,,709.79,Investment,Nottingham,UK,200.0,debit
1629,2021-04-26,BP,SAVE THE CHANGE,3.67,,909.79,Savings,Nottingham,UK,3.67,debit
1630,2021-04-26,DEB,EAST MIDS RAILWAY,19.4,,913.46,Travel,Nottingham,UK,19.4,debit
1631,2021-04-26,DEB,LIDL GB  NOTTINGHA,9.3,,932.86,Groceries,Nottingham,UK,9.3,debit
1632,2021-04-26,DEB,AMZNMktplace,14.99,,942.16,Amazon,Nottingham,UK,14.99,debit
1633,2021-04-26,DEB,Amazon.co.uk*M40A6,10.81,,957.15,Amazon,Nottingham,UK,10.81,debit
1634,2021-04-26,DEB,Audible UK,7.99,,967.96,Entertainment,Nottingham,UK,7.99,debit
1635,2021-04-26,DEB,AMZNMktplace,3.22,,975.95,Amazon,Nottingham,UK,3.22,debit
1636,2021-04-26,DEB,AMZNMKTPLACE AMAZO,4.48,,979.17,Amazon,Nottingham,UK,4.48,debit
1637,2021-04-26,FPI,ABAYOMI ADAMS,,400.0,983.65,Supplementary Income,Nottingham,UK,400.0,credit
1638,2021-04-23,DEB,AMZNMktplace,100.8,,583.65,Amazon,Nottingham,UK,100.8,debit
1639,2021-04-23,DEB,SAINSBURYS S/MKT,38.79,,684.45,Groceries,Nottingham,Unknown,38.79,debit
1640,2021-04-23,DEB,AMAZON.CO.UK*M44AQ,26.55,,723.24,Amazon,Nottingham,UK,26.55,debit
1641,2021-04-23,BGC,GOOGLE IRELAND,,61.27,749.79,Supplementary Income,Nottingham,UK,61.27,credit
1642,2021-04-22,FPO,TRADING212UK,200.0,,688.52,Investment,Nottingham,UK,200.0,debit
1643,2021-04-22,FPI,MARK NEAL WINSTEIN,,395.51,888.52,Supplementary Income,Nottingham,UK,395.51,credit
1644,2021-04-22,BP,SAVE THE CHANGE,0.73,,493.01,Savings,Nottingham,UK,0.73,debit
1645,2021-04-21,DEB,LIDL GB  NOTTINGHA,15.27,,493.74,Groceries,Nottingham,UK,15.27,debit
1646,2021-04-20,FPO,ALICJA ALEXANDER,25.0,,509.01,Services/Home Improvement,Nottingham,UK,25.0,debit
1647,2021-04-20,BP,SAVE THE CHANGE,0.51,,534.01,Savings,Nottingham,UK,0.51,debit
1648,2021-04-19,DEB,AMZNMktplace,6.99,,534.52,Amazon,Nottingham,UK,6.99,debit
1649,2021-04-19,DEB,PP*DOUGHNOTTS,6.5,,541.51,Dine Out,Nottingham,UK,6.5,debit
1650,2021-04-19,DD,VIRGIN MEDIA PYMTS,25.5,,548.01,Bills,Nottingham,UK,25.5,debit
1651,2021-04-19,BP,SAVE THE CHANGE,1.06,,573.51,Savings,Nottingham,UK,1.06,debit
1652,2021-04-19,DEB,T K MAXX,41.96,,574.57,Other Shopping,Nottingham,Unknown,41.96,debit
1653,2021-04-19,DEB,ORIENTAL MART HYDR,7.48,,616.53,Groceries,Nottingham,UK,7.48,debit
1654,2021-04-19,DEB,WILKO RETAIL LIMIT,4.5,,624.01,Other Shopping,Nottingham,Unknown,4.5,debit
1655,2021-04-19,FPO,ANTIGONI ABRAHMS,5.0,,628.51,Entertainment,London,UK,5.0,debit
1656,2021-04-16,DD,O2,16.66,,633.51,Other Shopping,Nottingham,UK,16.66,debit
1657,2021-04-16,BP,SAVE THE CHANGE,0.91,,650.17,Savings,Nottingham,UK,0.91,debit
1658,2021-04-15,DEB,AMAZON.CO.UK*M46EG,69.09,,651.08,Amazon,Nottingham,UK,69.09,debit
1659,2021-04-15,BP,SAVE THE CHANGE,0.7,,720.17,Savings,Nottingham,UK,0.7,debit
1660,2021-04-14,DEB,LIDL GB  NOTTINGHA,16.3,,720.87,Groceries,Nottingham,UK,16.3,debit
1661,2021-04-14,FPO,MR IAN ELLIS,255.0,,737.17,Services,Nottingham,UK,255.0,debit
1662,2021-04-14,BP,SAVE THE CHANGE,0.51,,992.17,Savings,Nottingham,UK,0.51,debit
1663,2021-04-13,DEB,HPI INSTANT INK UK,3.49,,992.68,Other Shopping,Unknown,Unknown,3.49,debit
1664,2021-04-13,BP,SAVE THE CHANGE,1.6,,996.17,Savings,Nottingham,UK,1.6,debit
1665,2021-12-04,DEB,SOLO GRANO,3.05,,997.77,Dine Out,Nottingham,UK,3.05,debit
1666,2021-12-04,DEB,TESCO STORES 5954,2.0,,1000.82,Groceries,Unknown,Unknown,2.0,debit
1667,2021-12-04,DEB,CAFFE NERO 650 NOT,3.35,,1002.82,Dine Out,Nottingham,UK,3.35,debit
1668,2021-12-04,BP,SAVE THE CHANGE,1.35,,1006.17,Savings,Nottingham,UK,1.35,debit
1669,2021-12-04,DEB,ORIENTAL MART HYDR,13.91,,1007.52,Groceries,Nottingham,UK,13.91,debit
1670,2021-12-04,DEB,TESCO STORE 2960,10.09,,1021.43,Groceries,Unknown,Unknown,10.09,debit
1671,2021-12-04,DEB,WWW.DOUGHN* DOUGHN,6.8,,1031.52,Dine Out,Nottingham,UK,6.8,debit
1672,2021-12-04,FPO,ANTIGONI ABRAHMS,5.0,,1038.32,Entertainment,London,UK,5.0,debit
1673,2021-12-04,DEB,ECOTRICITY,500.0,,1043.32,Home Improvement,Nottingham,UK,500.0,debit
1674,2021-12-04,DEB,AMZNMktplace,43.99,,1543.32,Amazon,Nottingham,UK,43.99,debit
1675,2021-09-04,DEB,LIDL GB  NOTTINGHA,10.86,,1587.31,Groceries,Nottingham,UK,10.86,debit
1676,2021-09-04,BP,SAVE THE CHANGE,0.01,,1598.17,Savings,Nottingham,UK,0.01,debit
1677,2021-08-04,DEB,AMZNMktplace,6.0,,1598.18,Amazon,Nottingham,UK,6.0,debit
1678,2021-08-04,DEB,AMZNMKTPLACE AMAZO,7.99,,1604.18,Amazon,Nottingham,UK,7.99,debit
1679,2021-08-04,BP,SAVE THE CHANGE,0.2,,1612.17,Savings,Nottingham,UK,0.2,debit
1680,2021-07-04,FPO,ALICJA ALEXANDER,25.0,,1612.37,Services/Home Improvement,Nottingham,UK,25.0,debit
1681,2021-07-04,DEB,LIDL GB  NOTTINGHA,18.8,,1637.37,Groceries,Nottingham,UK,18.8,debit
1682,2021-07-04,BP,SAVE THE CHANGE,0.08,,1656.17,Savings,Nottingham,UK,0.08,debit
1683,2021-06-04,DEP,CLUB LLOYDS WAIVED,,3.0,1656.25,Amazon,Nottingham,UK,3.0,credit
1684,2021-06-04,PAY,CLUB LLOYDS FEE,3.0,,1653.25,Bills,Nottingham,UK,3.0,debit
1685,2021-06-04,DEB,AMZNMktplace,107.95,,1656.25,Supplementary Income,Nottingham,UK,107.95,debit
1686,2021-06-04,DEB,AMZNMktplace,24.98,,1764.2,Amazon,Nottingham,UK,24.98,debit
1687,2021-06-04,DEB,AMZNMktplace,19.99,,1789.18,Amazon,Nottingham,UK,19.99,debit
1688,2021-06-04,FPO,TRADING212UK,500.0,,1809.17,Investment,Nottingham,UK,500.0,debit
1689,2021-06-04,BP,SAVE THE CHANGE,3.44,,2309.17,Savings,Nottingham,UK,3.44,debit
1690,2021-06-04,DEB,SOLO GRANO,5.7,,2312.61,Dine Out,Nottingham,UK,5.7,debit
1691,2021-06-04,DEB,SOLO GRANO,3.36,,2318.31,Dine Out,Nottingham,UK,3.36,debit
1692,2021-06-04,FPI,MIAH MA,,98.5,2321.67,Supplementary Income,Nottingham,UK,98.5,credit
1693,2021-06-04,DEB,ORIENTAL MART HYDR,12.19,,2223.17,Groceries,Nottingham,UK,12.19,debit
1694,2021-06-04,DEB,WWW.DOUGHN* DOUGHN,6.8,,2235.36,Dine Out,Nottingham,UK,6.8,debit
1695,2021-06-04,DEB,WILKO RETAIL LIMIT,3.25,,2242.16,Other Shopping,Unknown,Unknown,3.25,debit
1696,2021-06-04,FPO,ANTIGONI ABRAHMS,5.0,,2245.41,Entertainment,London,UK,5.0,debit
1697,2021-06-04,DEB,AMZNMktplace,16.99,,2250.41,Amazon,Nottingham,UK,16.99,debit
1698,2021-06-04,DEB,LIDL GB  NOTTINGHA,16.74,,2267.4,Groceries,Nottingham,UK,16.74,debit
1699,2021-06-04,DEB,AMZNMktplace,8.59,,2284.14,Amazon,Nottingham,UK,8.59,debit
1700,2021-06-04,DEB,AMAZON.CO.UK*MU384,6.0,,2292.73,Amazon,Nottingham,UK,6.0,debit
1701,2021-06-04,FPO,MR IAN ELLIS,140.0,,2298.73,Services,Nottingham,UK,140.0,debit
1702,2021-06-04,DEB,AMZNMktplace,17.99,,2438.73,Amazon,Nottingham,UK,17.99,debit
1703,2021-01-04,Unknown,INTEREST (GROSS),,0.48,2456.72,Interest,Nottingham,UK,0.48,credit
1704,2021-01-04,DEB,AMZNMktplace,58.96,,2456.24,Amazon,Nottingham,UK,58.96,debit
1705,2021-01-04,DEB,AMZNMktplace,8.99,,2515.2,Amazon,Nottingham,UK,8.99,debit
1706,2021-01-04,DD,BARCLAYS UK MTGES,981.71,,2524.19,Bills,Nottingham,UK,981.71,debit
1707,2021-01-04,SO,Q WANG,,1000.0,3505.9,Supplementary Income,Nottingham,UK,1000.0,credit
1708,2021-01-04,SO,ESAVINGS ACCOUNT,300.0,,2505.9,Savings,Nottingham,UK,300.0,debit
1709,2021-01-04,BP,SAVE THE CHANGE,0.19,,2805.9,Savings,Nottingham,UK,0.19,debit
1710,2021-03-31,DEB,AMZNMktplace,16.99,,2806.09,Amazon,Nottingham,UK,16.99,debit
1711,2021-03-31,DEB,LIDL GB  NOTTINGHA,6.82,,2823.08,Groceries,Nottingham,UK,6.82,debit
1712,2021-03-31,DEB,AMZ*hzmizimi,,16.99,2829.9,Supplementary Income,Nottingham,UK,16.99,credit
1713,2021-03-31,BP,SAVE THE CHANGE,0.23,,2812.91,Savings,Nottingham,UK,0.23,debit
1714,2021-03-30,DEB,SHARIF AND SONS SU,13.77,,2813.14,Groceries,Derby,UK,13.77,debit
1715,2021-03-30,FPO,TRADING212UK,1000.0,,2826.91,Investment,Nottingham,UK,1000.0,debit
1716,2021-03-30,BP,SAVE THE CHANGE,0.95,,3826.91,Savings,Nottingham,UK,0.95,debit
1717,2021-03-30,BGC,UNIV OF NOTTINGHAM,,3665.25,3827.86,Paycheck,Nottingham,UK,3665.25,credit
1718,2021-03-29,DEB,SOLO GRANO,8.05,,162.61,Dine Out,Nottingham,UK,8.05,debit
1719,2021-03-29,BP,SAVE THE CHANGE,1.09,,170.66,Savings,Nottingham,UK,1.09,debit
1720,2021-03-29,DEB,ORIENTAL MART HYDR,12.89,,171.75,Groceries,Nottingham,UK,12.89,debit
1721,2021-03-29,DEB,WAITROSE 833,10.23,,184.64,Uncategorized,Nottingham,UK,10.23,debit
1722,2021-03-29,DEB,WWW.DOUGHN* DOUGHN,6.8,,194.87,Dine Out,Nottingham,UK,6.8,debit
1723,2021-03-29,FPO,ANTIGONI ABRAHMS,5.0,,201.67,Entertainment,London,UK,5.0,debit
1724,2021-03-29,DEB,AMZNMktplace,16.99,,206.67,Amazon,Nottingham,UK,16.99,debit
1725,2021-03-26,DD,TALKTALK LIMITED,19.95,,223.66,Bills,Nottingham,UK,19.95,debit
1726,2021-03-26,BP,SAVE THE CHANGE,0.6,,243.61,Savings,Nottingham,UK,0.6,debit
1727,2021-03-25,DEB,AMZNMktplace,16.99,,244.21,Amazon,Nottingham,UK,16.99,debit
1728,2021-03-25,DEB,LIDL GB  NOTTINGHA,4.41,,261.2,Groceries,Nottingham,UK,4.41,debit
1729,2021-03-25,FPO,TRADING212UK,200.0,,265.61,Investment,Nottingham,UK,200.0,debit
1730,2021-03-25,FPI,YEWANDE MARIAN ADE,,400.0,465.61,Supplementary Income,Nottingham,UK,400.0,credit
1731,2021-03-25,BP,SAVE THE CHANGE,0.02,,65.61,Savings,Nottingham,UK,0.02,debit
1732,2021-03-24,DEB,IKEA LTD SHOP ONLI,320.0,,65.63,Other Shopping,Unknown,Unknown,320.0,debit
1733,2021-03-24,DEB,AMZNMKTPLACE AMAZO,74.99,,385.63,Amazon,Nottingham,UK,74.99,debit
1734,2021-03-24,DEB,Audible UK,7.99,,460.62,Entertainment,Nottingham,UK,7.99,debit
1735,2021-03-24,TFR,R LAWRENCE,,50.0,468.61,Supplementary Income,Nottingham,UK,50.0,credit
1736,2021-03-23,DEB,LIDL GB  NOTTINGHA,11.1,,418.61,Groceries,Nottingham,UK,11.1,debit
1737,2021-03-23,FPO,ALICJA ALEXANDER,25.0,,429.71,Services/Home Improvement,Nottingham,UK,25.0,debit
1738,2021-03-23,BP,SAVE THE CHANGE,0.71,,454.71,Savings,Nottingham,UK,0.71,debit
1739,2021-03-22,DEB,ORIENTAL MART HYDR,22.49,,455.42,Groceries,Nottingham,UK,22.49,debit
1740,2021-03-22,DEB,WWW.DOUGHN* DOUGHN,6.8,,477.91,Dine Out,Nottingham,UK,6.8,debit
1741,2021-03-22,DEB,UBER   *TRIP,2.0,,484.71,Travel,Nottingham,UK,2.0,debit
1742,2021-03-22,BP,SAVE THE CHANGE,1.07,,486.71,Savings,Nottingham,UK,1.07,debit
1743,2021-03-22,DEB,UBER *TRIP HELP.UB,13.66,,487.78,Travel,Nottingham,UK,13.66,debit
1744,2021-03-22,FPO,ANTIGONI ABRAHMS,5.0,,501.44,Entertainment,London,UK,5.0,debit
1745,2021-03-22,DEB,Audible UK,18.0,,506.44,Entertainment,Nottingham,UK,18.0,debit
1746,2021-03-22,DEB,LIDL GB  NOTTINGHA,17.28,,524.44,Groceries,Nottingham,UK,17.28,debit
1747,2021-03-19,FPO,TRADING212UK,100.0,,541.72,Investment,Nottingham,UK,100.0,debit
1748,2021-03-19,DEB,AMZNMktplace,6.99,,641.72,Amazon,Nottingham,UK,6.99,debit
1749,2021-03-19,BP,SAVE THE CHANGE,0.26,,648.71,Savings,Nottingham,UK,0.26,debit
1750,2021-03-18,DEB,TESCO STORES 5368,3.74,,648.97,Groceries,Unknown,Unknown,3.74,debit
1751,2021-03-18,BP,SAVE THE CHANGE,0.5,,652.71,Savings,Nottingham,UK,0.5,debit
1752,2021-03-17,DEB,LIDL GB  NOTTINGHA,5.87,,653.21,Groceries,Nottingham,UK,5.87,debit
1753,2021-03-17,DEB,AMZNMktplace,3.63,,659.08,Amazon,Nottingham,UK,3.63,debit
1754,2021-03-17,DD,VIRGIN MEDIA PYMTS,25.5,,662.71,Bills,Nottingham,UK,25.5,debit
1755,2021-03-17,BP,SAVE THE CHANGE,0.8,,688.21,Savings,Nottingham,UK,0.8,debit
1756,2021-03-16,DEB,AMZNMKTPLACE AMAZO,18.2,,689.01,Amazon,Nottingham,UK,18.2,debit
1757,2021-03-16,DD,O2,16.44,,707.21,Other Shopping,Nottingham,UK,16.44,debit
1758,2021-03-16,BP,SAVE THE CHANGE,1.35,,723.65,Savings,Nottingham,UK,1.35,debit
1759,2021-03-15,DEB,SOLO GRANO,9.25,,725.0,Dine Out,Nottingham,UK,9.25,debit
1760,2021-03-15,DEB,AMZNMKTPLACE AMAZO,6.4,,734.25,Amazon,Nottingham,UK,6.4,debit
1761,2021-03-15,BP,SAVE THE CHANGE,1.7,,740.65,Savings,Nottingham,UK,1.7,debit
1762,2021-03-15,DEB,ORIENTAL MART HYDR,13.02,,742.35,Groceries,Nottingham,UK,13.02,debit
1763,2021-03-15,DEB,WWW.DOUGHNOTTSOFFI,6.8,,755.37,Dine Out,Nottingham,UK,6.8,debit
1764,2021-03-15,DEB,HPI INSTANT INK UK,7.49,,762.17,Other Shopping,Unknown,Unknown,7.49,debit
1765,2021-12-03,DEB,Amazon.co.uk*MM61F,186.99,,769.66,Amazon,Nottingham,UK,186.99,debit
1766,2021-12-03,BP,SAVE THE CHANGE,1.0,,956.65,Savings,Nottingham,UK,1.0,debit
1767,2021-11-03,DEB,AMZNMktplace,5.14,,957.65,Amazon,Nottingham,UK,5.14,debit
1768,2021-11-03,DEB,AMZNMKTPLACE AMAZO,42.86,,962.79,Amazon,Nottingham,UK,42.86,debit
1769,2021-10-03,FPO,ALICJA ALEXANDER,25.0,,1005.65,Services/Home Improvement,Nottingham,UK,25.0,debit
1770,2021-10-03,BP,SAVE THE CHANGE,0.84,,1030.65,Savings,Nottingham,UK,0.84,debit
1771,2021-09-03,DEB,Amazon Prime*MM728,79.0,,1031.49,Amazon,Nottingham,UK,79.0,debit
1772,2021-09-03,DEB,AMZNMktplace,19.92,,1110.49,Amazon,Nottingham,UK,19.92,debit
1773,2021-09-03,DEB,LIDL GB  NOTTINGHA,10.24,,1130.41,Groceries,Nottingham,UK,10.24,debit
1774,2021-09-03,BP,SAVE THE CHANGE,0.06,,1140.65,Savings,Nottingham,UK,0.06,debit
1775,2021-08-03,DEB,ORIENTAL MART HYDR,13.94,,1140.71,Groceries,Nottingham,UK,13.94,debit
1776,2021-08-03,FPO,KYLE MCDERMOTT,208.8,,1154.65,Services,Nottingham,UK,208.8,debit
1777,2021-08-03,BP,SAVE THE CHANGE,1.53,,1363.45,Savings,Nottingham,UK,1.53,debit
1778,2021-08-03,DEB,WWW.DOUGHNOTTSOFFI,6.8,,1364.98,Dine Out,Nottingham,UK,6.8,debit
1779,2021-08-03,DEB,TESCO STORE 2960,2.0,,1371.78,Groceries,Unknown,Unknown,2.0,debit
1780,2021-08-03,FPO,ANTIGONI ABRAHMS,5.0,,1373.78,Entertainment,London,UK,5.0,debit
1781,2021-08-03,DEB,Amazon.co.uk*MM82L,28.66,,1378.78,Amazon,Nottingham,UK,28.66,debit
1782,2021-05-03,FPO,ROBERT RECORD,100.0,,1407.44,Others,Nottingham,UK,100.0,debit
1783,2021-05-03,DEB,Amazon.co.uk*MM0OR,29.99,,1507.44,Amazon,Nottingham,UK,29.99,debit
1784,2021-05-03,DEB,LIDL GB  NOTTINGHA,7.02,,1537.43,Groceries,Nottingham,UK,7.02,debit
1785,2021-04-03,BP,SAVE THE CHANGE,0.75,,1544.45,Savings,Nottingham,UK,0.75,debit
1786,2021-03-03,DEB,SAINSBURYS S/MKT,22.25,,1545.2,Groceries,Unknown,Unknown,22.25,debit
1787,2021-03-03,BP,SAVE THE CHANGE,1.27,,1567.45,Savings,Nottingham,UK,1.27,debit
1788,2021-02-03,DEP,CLUB LLOYDS WAIVED,,3.0,1568.72,Supplementary Income,Nottingham,UK,3.0,credit
1789,2021-02-03,PAY,CLUB LLOYDS FEE,3.0,,1565.72,Bills,Nottingham,UK,3.0,debit
1790,2021-02-03,DEB,LIDL GB  NOTTINGHA,9.24,,1568.72,Groceries,Nottingham,UK,9.24,debit
1791,2021-02-03,DEB,AMAZON.CO.UK*MM4J6,28.49,,1577.96,Amazon,Nottingham,UK,28.49,debit
1792,2021-02-03,FPI,IISL CLIENT GBP SE,,17.77,1606.45,Supplementary Income,Nottingham,UK,17.77,credit
1793,2021-02-03,FPI,IISL CLIENT GBP SE,,15.19,1588.68,Supplementary Income,Nottingham,UK,15.19,credit
1794,2021-02-03,BP,SAVE THE CHANGE,0.45,,1573.49,Savings,Nottingham,UK,0.45,debit
1795,2021-01-03,Unknown,INTEREST (GROSS),,0.57,1573.94,Interest,Nottingham,UK,0.57,credit
1796,2021-01-03,DEB,TESCO STORES 6735,4.55,,1573.37,Groceries,Unknown,Unknown,4.55,debit
1797,2021-01-03,FPO,TRADING212UK,500.0,,1577.92,Investment,Nottingham,UK,500.0,debit
1798,2021-01-03,DD,BARCLAYS UK MTGES,981.71,,2077.92,Bills,Nottingham,UK,981.71,debit
1799,2021-01-03,SO,Q WANG,,1000.0,3059.63,Supplementary Income,Nottingham,UK,1000.0,credit
1800,2021-01-03,SO,ESAVINGS ACCOUNT,300.0,,2059.63,Savings,Nottingham,UK,300.0,debit
1801,2021-01-03,BP,SAVE THE CHANGE,1.65,,2359.63,Savings,Nottingham,UK,1.65,debit
1802,2021-01-03,DEB,ORIENTAL MART HYDR,14.31,,2361.28,Groceries,Nottingham,UK,14.31,debit
1803,2021-01-03,DEB,WWW.DOUGHNOTTSOFFI,6.8,,2375.59,Dine Out,Nottingham,UK,6.8,debit
1804,2021-01-03,FPO,ANTIGONI ABRAHMS,5.0,,2382.39,Entertainment,London,UK,5.0,debit
1805,2021-02-26,DEB,CARPETRIGHT,497.48,,2387.39,Home Improvement,Nottingham,UK,497.48,debit
1806,2021-02-26,DEB,AMZNMktplace,42.97,,2884.87,Amazon,Nottingham,UK,42.97,debit
1807,2021-02-26,DEB,LIDL GB  NOTTINGHA,5.79,,2927.84,Groceries,Nottingham,UK,5.79,debit
1808,2021-02-26,DD,TALKTALK LIMITED,19.95,,2933.63,Bills,Nottingham,UK,19.95,debit
1809,2021-02-26,BP,SAVE THE CHANGE,0.65,,2953.58,Savings,Nottingham,UK,0.65,debit
1810,2021-02-25,DEB,Trading212UK,201.4,,2954.23,Investment,Nottingham,UK,201.4,debit
1811,2021-02-25,DEB,WILKO RETAIL LIMIT,13.95,,3155.63,Other Shopping,Unknown,Unknown,13.95,debit
1812,2021-02-25,FPO,TRADING212UK,1000.0,,3169.58,Investment,Nottingham,UK,1000.0,debit
1813,2021-02-25,BP,SAVE THE CHANGE,0.01,,4169.58,Savings,Nottingham,UK,0.01,debit
1814,2021-02-25,BGC,UNIV OF NOTTINGHAM,,3665.25,4169.59,Paycheck,Nottingham,UK,3665.25,credit
1815,2021-02-24,DEB,CLASSIC DOORS AND,264.0,,504.34,Home Improvement,Nottingham,UK,264.0,debit
1816,2021-02-24,DEB,Audible UK,7.99,,768.34,Entertainment,Nottingham,UK,7.99,debit
1817,2021-02-24,BP,SAVE THE CHANGE,1.47,,776.33,Savings,Nottingham,UK,1.47,debit
1818,2021-02-23,DEB,LIDL GB  NOTTINGHA,6.11,,777.8,Groceries,Nottingham,UK,6.11,debit
1819,2021-02-23,DEB,LIDL GB  NOTTINGHA,4.42,,783.91,Groceries,Nottingham,UK,4.42,debit
1820,2021-02-23,FPI,YEWANDE MARIAN ADE,,400.0,788.33,Supplementary Income,Nottingham,UK,400.0,credit
1821,2021-02-23,TFR,R LAWRENCE,,100.0,388.33,Supplementary Income,Nottingham,UK,100.0,credit
1822,2021-02-23,FPO,ALICJA ALEXANDER,25.0,,288.33,Services/Home Improvement,Nottingham,UK,25.0,debit
1823,2021-02-23,BP,SAVE THE CHANGE,1.05,,313.33,Savings,Nottingham,UK,1.05,debit
1824,2021-02-22,DEB,AMZNMktplace,15.9,,314.38,Amazon,Nottingham,UK,15.9,debit
1825,2021-02-22,DEB,SOLO GRANO,9.05,,330.28,Dine Out,Nottingham,UK,9.05,debit
1826,2021-02-22,BP,SAVE THE CHANGE,2.99,,339.33,Savings,Nottingham,UK,2.99,debit
1827,2021-02-22,DEB,ORIENTAL MART HYDR,19.16,,342.32,Groceries,Nottingham,UK,19.16,debit
1828,2021-02-22,DEB,WWW.DOUGHNOTTSOFFI,10.05,,361.48,Dine Out,Nottingham,UK,10.05,debit
1829,2021-02-22,DEB,WWW.DOUGHNOTTSOFFI,3.55,,371.53,Dine Out,Nottingham,UK,3.55,debit
1830,2021-02-22,DEB,PRET A MANGER,2.99,,375.08,Dine Out,Unknown,Unknown,2.99,debit
1831,2021-02-22,FPO,ANTIGONI ABRAHMS,5.0,,378.07,Entertainment,London,UK,5.0,debit
1832,2021-02-22,DEB,LIDL GB  NOTTINGHA,8.26,,383.07,Groceries,Nottingham,UK,8.26,debit
1833,2021-02-19,FPO,ANTONY GRICE (PLUM,93.6,,391.33,Home Improvement,Nottingham,UK,93.6,debit
1834,2021-02-19,FPI,IISL CLIENT GBP SE,,43.51,484.93,Supplementary Income,Nottingham,UK,43.51,credit
1835,2021-02-18,BP,SAVE THE CHANGE,0.77,,441.42,Savings,Nottingham,UK,0.77,debit
1836,2021-02-17,DEB,SHARIF AND SONS SU,18.23,,442.19,Groceries,Derby,UK,18.23,debit
1837,2021-02-17,DD,VIRGIN MEDIA PYMTS,25.5,,460.42,Bills,Nottingham,UK,25.5,debit
1838,2021-02-17,BP,SAVE THE CHANGE,0.01,,485.92,Savings,Nottingham,UK,0.01,debit
1839,2021-02-16,DEB,SHARIF AND SONS SU,40.99,,485.93,Groceries,Derby,UK,40.99,debit
1840,2021-02-16,DD,O2,16.44,,526.92,Other Shopping,Nottingham,UK,16.44,debit
1841,2021-02-16,BP,SAVE THE CHANGE,1.66,,543.36,Savings,Nottingham,UK,1.66,debit
1842,2021-02-15,DEB,AMZNMktplace,23.69,,545.02,Amazon,Nottingham,UK,23.69,debit
1843,2021-02-15,DEB,TESCO STORE 2960,5.5,,568.71,Groceries,Unknown,Unknown,5.5,debit
1844,2021-02-15,DEB,SOLO GRANO,3.15,,574.21,Dine Out,Nottingham,UK,3.15,debit
1845,2021-02-15,BP,SAVE THE CHANGE,5.43,,577.36,Savings,Nottingham,UK,5.43,debit
1846,2021-02-15,DEB,ORIENTAL MART HYDR,18.88,,582.79,Groceries,Nottingham,UK,18.88,debit
1847,2021-02-15,DEB,WWW.DOUGHNOTTSOFFI,10.05,,601.67,Dine Out,Nottingham,UK,10.05,debit
1848,2021-02-15,DEB,AMZNMKTPLACE AMAZO,3.21,,611.72,Amazon,Nottingham,UK,3.21,debit
1849,2021-02-15,DEB,HPI INSTANT INK UK,6.49,,614.93,Other Shopping,Unknown,Unknown,6.49,debit
1850,2021-02-15,FPO,ANTIGONI ABRAHMS,5.0,,621.42,Entertainment,London,UK,5.0,debit
1851,2021-02-15,DEB,Trading212UK,151.05,,626.42,Investment,Nottingham,UK,151.05,debit
1852,2021-02-15,DEB,Trading212UK,151.05,,777.47,Investment,Nottingham,UK,151.05,debit
1853,2021-02-15,DEB,CLASSIC DOORS AND,66.0,,928.52,Home Improvement,Nottingham,UK,66.0,debit
1854,2021-02-15,DEB,V Spot,33.72,,994.52,Dine Out,Nottingham,UK,33.72,debit
1855,2021-12-02,DEB,Amazon.co.uk*MF1LV,15.12,,1028.24,Amazon,Nottingham,UK,15.12,debit
1856,2021-12-02,DEB,APOLLO BLINDS,415.0,,1043.36,Home Improvement,Nottingham,UK,415.0,debit
1857,2021-11-02,DEB,ADI PRO LEAK LTD,594.0,,1458.36,Home Improvement,Nottingham,UK,594.0,debit
1858,2021-11-02,FPI,S.H.S.,,240.0,2052.36,Supplementary Income,Nottingham,UK,240.0,credit
1859,2021-10-02,TFR,R LAWRENCE,,500.0,1812.36,Supplementary Income,Nottingham,UK,500.0,credit
1860,2021-10-02,BP,SAVE THE CHANGE,0.21,,1312.36,Savings,Nottingham,UK,0.21,debit
1861,2021-09-02,FPO,ALICJA ALEXANDER,25.0,,1312.57,Services/Home Improvement,Nottingham,UK,25.0,debit
1862,2021-09-02,DEB,LIDL GB  NOTTINGHA,7.79,,1337.57,Groceries,Nottingham,UK,7.79,debit
1863,2021-09-02,BP,SAVE THE CHANGE,0.97,,1345.36,Savings,Nottingham,UK,0.97,debit
1864,2021-08-02,DEB,LIDL GB  NOTTINGHA,12.03,,1346.33,Groceries,Nottingham,UK,12.03,debit
1865,2021-08-02,BP,SAVE THE CHANGE,1.66,,1358.36,Savings,Nottingham,UK,1.66,debit
1866,2021-08-02,DEB,ORIENTAL MART HYDR,24.49,,1360.02,Groceries,Nottingham,UK,24.49,debit
1867,2021-08-02,DEB,AMZNMktplace,19.96,,1384.51,Amazon,Nottingham,UK,19.96,debit
1868,2021-08-02,DEB,WWW.DOUGHNOTTSOFFI,10.05,,1404.47,Dine Out,Nottingham,UK,10.05,debit
1869,2021-08-02,FPO,ANTIGONI ABRAHMS,5.0,,1414.52,Entertainment,London,UK,5.0,debit
1870,2021-05-02,DEB,Trading212UK,553.85,,1419.52,Investment,Nottingham,UK,553.85,debit
1871,2021-05-02,DEB,AMZNMktplace,11.99,,1973.37,Amazon,Nottingham,UK,11.99,debit
1872,2021-05-02,FPI,IISL CLIENT GBP SE,,1.0,1985.36,Supplementary Income,Nottingham,UK,1.0,credit
1873,2021-04-02,DEB,Trading212UK,,1.0,1984.36,Supplementary Income,Nottingham,UK,1.0,credit
1874,2021-04-02,BP,SAVE THE CHANGE,0.87,,1983.36,Savings,Nottingham,UK,0.87,debit
1875,2021-03-02,DEB,LIDL GB  NOTTINGHA,8.13,,1984.23,Groceries,Nottingham,UK,8.13,debit
1876,2021-03-02,BP,SAVE THE CHANGE,0.5,,1992.36,Savings,Nottingham,UK,0.5,debit
1877,2021-02-02,DEP,CLUB LLOYDS WAIVED,,3.0,1992.86,Supplementary Income,Nottingham,UK,3.0,credit
1878,2021-02-02,PAY,CLUB LLOYDS FEE,3.0,,1989.86,Bills,Nottingham,UK,3.0,debit
1879,2021-02-02,DEB,Trading212UK,503.5,,1992.86,Investment,Nottingham,UK,503.5,debit
1880,2021-01-02,Unknown,INTEREST (GROSS),,0.56,2496.36,Interest,Nottingham,UK,0.56,credit
1881,2021-01-02,FPO,SHS,240.0,,2495.8,Home Improvement,Nottingham,UK,240.0,debit
1882,2021-01-02,TFR,R LAWRENCE,,128.0,2735.8,Supplementary Income,Nottingham,UK,128.0,credit
1883,2021-01-02,DD,BARCLAYS UK MTGES,981.71,,2607.8,Bills,Nottingham,UK,981.71,debit
1884,2021-01-02,SO,Q WANG,,1000.0,3589.51,Supplementary Income,Nottingham,UK,1000.0,credit
1885,2021-01-02,SO,ESAVINGS ACCOUNT,300.0,,2589.51,Savings,Nottingham,UK,300.0,debit
1886,2021-01-02,BP,SAVE THE CHANGE,2.44,,2889.51,Savings,Nottingham,UK,2.44,debit
1887,2021-01-02,DEB,ORIENTAL MART HYDR,18.71,,2891.95,Groceries,Nottingham,UK,18.71,debit
1888,2021-01-02,DEB,WWW.DOUGHNOTTSOFFI,10.05,,2910.66,Dine Out,Nottingham,UK,10.05,debit
1889,2021-01-02,DEB,LIDL GB  NOTTINGHA,4.8,,2920.71,Groceries,Nottingham,UK,4.8,debit
1890,2021-01-29,DEB,Trading212UK,1001.4,,2925.51,Investment,Nottingham,UK,1001.4,debit
1891,2021-01-29,DEB,SAINSBURYS S/MKT,15.6,,3926.91,Groceries,Unknown,Unknown,15.6,debit
1892,2021-01-29,DD,TALKTALK LIMITED,19.95,,3942.51,Bills,Nottingham,UK,19.95,debit
1893,2021-01-28,DEB,IKEA LTD SHOP ONLI,40.0,,3962.46,Other Shopping,Unknown,Unknown,40.0,debit
1894,2021-01-28,FPO,ALICJA ALEXANDER,25.0,,4002.46,Services/Home Improvement,Nottingham,UK,25.0,debit
1895,2021-01-28,FPO,PATRICIA A S LAW,220.0,,4027.46,Other Shopping,Unknown,Unknown,220.0,debit
1896,2021-01-28,BP,SAVE THE CHANGE,1.13,,4247.46,Savings,Nottingham,UK,1.13,debit
1897,2021-01-28,BGC,UNIV OF NOTTINGHAM,,3664.85,4248.59,Paycheck,Nottingham,UK,3664.85,credit
1898,2021-01-27,DEB,V Spot,23.87,,583.74,Dine Out,Nottingham,UK,23.87,debit
1899,2021-01-27,DEB,WILKO RETAIL LIMIT,2.5,,607.61,Other Shopping,Unknown,Unknown,2.5,debit
1900,2021-01-27,DEB,CO-OP GROUP 010161,1.5,,610.11,Groceries,Unknown,Unknown,1.5,debit
1901,2021-01-27,BP,SAVE THE CHANGE,0.06,,611.61,Savings,Nottingham,UK,0.06,debit
1902,2021-01-26,DEB,AMZNMktplace,47.95,,611.67,Amazon,Nottingham,UK,47.95,debit
1903,2021-01-26,DEB,AMZNMktplace,13.99,,659.62,Amazon,Nottingham,UK,13.99,debit
1904,2021-01-26,BP,SAVE THE CHANGE,0.35,,673.61,Savings,Nottingham,UK,0.35,debit
1905,2021-01-25,FPO,ROBERT RECORD,75.0,,673.96,Others,Nottingham,UK,75.0,debit
1906,2021-01-25,DEB,Trading212UK,200.0,,748.96,Investment,Nottingham,UK,200.0,debit
1907,2021-01-25,DEB,TESCO STORES 5368,5.65,,948.96,Groceries,Unknown,Unknown,5.65,debit
1908,2021-01-25,BP,SAVE THE CHANGE,2.94,,954.61,Savings,Nottingham,UK,2.94,debit
1909,2021-01-25,DEB,ORIENTAL MART HYDR,26.55,,957.55,Groceries,Nottingham,UK,26.55,debit
1910,2021-01-25,DEB,Audible UK,7.99,,984.1,Entertainment,Nottingham,UK,7.99,debit
1911,2021-01-25,DEB,WWW.DOUGHNOTTSOFFI,6.8,,992.09,Dine Out,Nottingham,UK,6.8,debit
1912,2021-01-25,DEB,TESCO STORE 2960,5.11,,998.89,Groceries,Unknown,Unknown,5.11,debit
1913,2021-01-25,DEB,IKEA LTD SHOP ONLI,,65.0,1004.0,Supplementary Income,Nottingham,UK,65.0,credit
1914,2021-01-25,FPI,YEWANDE MARIAN ADE,,400.0,939.0,Supplementary Income,Nottingham,UK,400.0,credit
1915,2021-01-25,DEB,LIDL GB  NOTTINGHA,13.33,,539.0,Groceries,Nottingham,UK,13.33,debit
1916,2021-01-22,DEB,IKEA LTD SHOP ONLI,65.0,,552.33,Other Shopping,Unknown,Unknown,65.0,debit
1917,2021-01-22,DEB,Amazon.co.uk*MV5U4,6.95,,617.33,Amazon,Nottingham,UK,6.95,debit
1918,2021-01-22,DEB,Amazon.co.uk*MV7U0,5.33,,624.28,Amazon,Nottingham,UK,5.33,debit
1919,2021-01-22,BP,SAVE THE CHANGE,1.18,,629.61,Savings,Nottingham,UK,1.18,debit
1920,2021-01-21,DEB,AMZNMktplace,60.47,,630.79,Amazon,Nottingham,UK,60.47,debit
1921,2021-01-21,DEB,AMAZON.CO.UK*MV8UG,4.6,,691.26,Amazon,Nottingham,UK,4.6,debit
1922,2021-01-21,DEB,TESCO STORES 5368,2.75,,695.86,Groceries,Unknown,Unknown,2.75,debit
1923,2021-01-21,BP,SAVE THE CHANGE,0.55,,698.61,Savings,Nottingham,UK,0.55,debit
1924,2021-01-20,DEB,TESCO STORES 5368,5.45,,699.16,Groceries,Unknown,Unknown,5.45,debit
1925,2021-01-20,BP,SAVE THE CHANGE,0.24,,704.61,Savings,Nottingham,UK,0.24,debit
1926,2021-01-19,DEB,LIDL GB  NOTTINGHA,10.76,,704.85,Groceries,Nottingham,UK,10.76,debit
1927,2021-01-19,BP,SAVE THE CHANGE,0.65,,715.61,Savings,Nottingham,UK,0.65,debit
1928,2021-01-18,DEB,STARBUCKS,7.35,,716.26,Dine Out,Unknown,Unknown,7.35,debit
1929,2021-01-18,DD,VIRGIN MEDIA PYMTS,83.0,,723.61,Bills,Nottingham,UK,83.0,debit
1930,2021-01-18,DD,O2,16.44,,806.61,Other Shopping,Nottingham,UK,16.44,debit
1931,2021-01-18,BP,SAVE THE CHANGE,0.9,,823.05,Savings,Nottingham,UK,0.9,debit
1932,2021-01-18,DEB,ORIENTAL MART HYDR,20.11,,823.95,Groceries,Nottingham,UK,20.11,debit
1933,2021-01-18,DEB,AMZNMKTPLACE AMAZO,29.99,,844.06,Amazon,Nottingham,UK,29.99,debit
1934,2021-01-18,FPO,ANTIGONI ABRAHMS,5.0,,874.05,Entertainment,London,UK,5.0,debit
1935,2021-01-15,DEB,Trading212UK,200.0,,879.05,Investment,Nottingham,UK,200.0,debit
1936,2021-01-15,BP,SAVE THE CHANGE,0.51,,1079.05,Savings,Nottingham,UK,0.51,debit
1937,2021-01-14,DEB,HP INC UK LIMITED,3.49,,1079.56,Other Shopping,Unknown,Unknown,3.49,debit
1938,2021-01-14,DEB,AMAZON.CO.UK*MV3ZD,15.0,,1083.05,Amazon,Nottingham,UK,15.0,debit
1939,2021-01-14,FPI,YEWANDE MARIAN ADE,,400.0,1098.05,Supplementary Income,Nottingham,UK,400.0,credit
1940,2021-01-14,BP,SAVE THE CHANGE,0.27,,698.05,Savings,Nottingham,UK,0.27,debit
1941,2021-01-13,DEB,LIDL GB  NOTTINGHA,18.73,,698.32,Groceries,Nottingham,UK,18.73,debit
1942,2021-12-01,FPO,ALICJA ALEXANDER,25.0,,717.05,Services/Home Improvement,Nottingham,UK,25.0,debit
1943,2021-11-01,BP,SAVE THE CHANGE,1.85,,742.05,Savings,Nottingham,UK,1.85,debit
1944,2021-11-01,DEB,ORIENTAL MART HYDR,20.39,,743.9,Groceries,Nottingham,UK,20.39,debit
1945,2021-11-01,DEB,LIDL GB  NOTTINGHA,9.12,,764.29,Groceries,Nottingham,UK,9.12,debit
1946,2021-11-01,FPO,ANTIGONI ABRAHMS,5.0,,773.41,Entertainment,London,UK,5.0,debit
1947,2021-11-01,DEB,Trading212UK,300.0,,778.41,Investment,Nottingham,UK,300.0,debit
1948,2021-11-01,DEB,AMZNMktplace,19.99,,1078.41,Amazon,Nottingham,UK,19.99,debit
1949,2021-08-01,DEB,AMAZON.CO.UK*MJ513,27.65,,1098.4,Amazon,Nottingham,UK,27.65,debit
1950,2021-08-01,BP,SAVE THE CHANGE,0.5,,1126.05,Savings,Nottingham,UK,0.5,debit
1951,2021-07-01,DEB,LIDL GB  NOTTINGHA,13.5,,1126.55,Groceries,Nottingham,UK,13.5,debit
1952,2021-06-01,FPO,MR J LITCHFIELD,370.0,,1140.05,Services,Nottingham,UK,370.0,debit
1953,2021-06-01,BP,SAVE THE CHANGE,0.49,,1510.05,Savings,Nottingham,UK,0.49,debit
1954,2021-05-01,DEP,CLUB LLOYDS WAIVED,,3.0,1510.54,Supplementary Income,Nottingham,UK,3.0,credit
1955,2021-05-01,PAY,CLUB LLOYDS FEE,3.0,,1507.54,Bills,Nottingham,UK,3.0,debit
1956,2021-05-01,DEB,Trading212UK,500.0,,1510.54,Investment,Nottingham,UK,500.0,debit
1957,2021-05-01,DEB,LIDL GB  NOTTINGHA,9.51,,2010.54,Groceries,Nottingham,UK,9.51,debit
1958,2021-04-01,Unknown,INTEREST (GROSS),,1.87,2020.05,Interest,Swansea,UK,1.87,credit
1959,2021-04-01,DD,BARCLAYS UK MTGES,981.71,,2018.18,Bills,Nottingham,UK,981.71,debit
1960,2021-04-01,SO,Q WANG,,1000.0,2999.89,Supplementary Income,Nottingham,UK,1000.0,credit
1961,2021-04-01,SO,ESAVINGS ACCOUNT,300.0,,1999.89,Savings,Nottingham,UK,300.0,debit
1962,2021-04-01,BP,SAVE THE CHANGE,0.15,,2299.89,Savings,Nottingham,UK,0.15,debit
1963,2021-04-01,DEB,IKEA LTD SHOP ONLI,296.0,,2300.04,Other Shopping,Unknown,Unknown,296.0,debit
1964,2020-12-31,DEB,LIDL GB  NOTTINGHA,15.85,,2596.04,Groceries,Nottingham,UK,15.85,debit
1965,2020-12-31,DD,TALKTALK LIMITED,18.64,,2611.89,Bills,Nottingham,UK,18.64,debit
1966,2020-12-31,BP,SAVE THE CHANGE,0.67,,2630.53,Savings,Nottingham,UK,0.67,debit
1967,2020-12-30,DEB,ORIENTAL MART HYDR,15.33,,2631.2,Groceries,Nottingham,UK,15.33,debit
1968,2020-12-30,DEB,The Body Shop,15.0,,2646.53,Other Shopping,Unknown,Unknown,15.0,debit
1969,2020-12-30,BP,SAVE THE CHANGE,0.16,,2661.53,Savings,Nottingham,UK,0.16,debit
1970,2020-12-29,FPO,SALLY GOLDSTONE,198.0,,2661.69,Others,Nottingham,UK,198.0,debit
1971,2020-12-29,DEB,AMZNMktplace,27.84,,2859.69,Amazon,Nottingham,UK,27.84,debit
1972,2020-12-29,BP,SAVE THE CHANGE,2.64,,2887.53,Savings,Nottingham,UK,2.64,debit
1973,2020-12-29,DEB,T4 TEA SALOON,13.6,,2890.17,Dine Out,Nottingham,UK,13.6,debit
1974,2020-12-29,DEB,TESCO STORES 5368,5.2,,2903.77,Groceries,Unknown,Unknown,5.2,debit
1975,2020-12-29,DEB,BLUEBIRD WHOLEFOOD,32.26,,2908.97,Groceries,Nottingham,UK,32.26,debit
1976,2020-12-24,DEB,Trading212UK,250.0,,2941.23,Investment,Nottingham,UK,250.0,debit
1977,2020-12-24,DEB,LIDL GB  NOTTINGHA,19.31,,3191.23,Groceries,Nottingham,UK,19.31,debit
1978,2020-12-24,DEB,Audible UK,7.99,,3210.54,Entertainment,Nottingham,UK,7.99,debit
1979,2020-12-24,BP,SAVE THE CHANGE,0.05,,3218.53,Savings,Nottingham,UK,0.05,debit
1980,2020-12-23,DEB,Trading212UK,230.0,,3218.58,Investment,Nottingham,UK,230.0,debit
1981,2020-12-23,DEB,AMZNMktplace,12.95,,3448.58,Amazon,Nottingham,UK,12.95,debit
1982,2020-12-23,BP,SAVE THE CHANGE,0.48,,3461.53,Savings,Nottingham,UK,0.48,debit
1983,2020-12-22,DEB,YANKEE STORE,9.72,,3462.01,Other Shopping,Unknown,Unknown,9.72,debit
1984,2020-12-22,DEB,CAFFE NERO 650 NOT,5.8,,3471.73,Dine Out,Nottingham,UK,5.8,debit
1985,2020-12-22,FPO,SHS,240.0,,3477.53,Home Improvement,Nottingham,UK,240.0,debit
1986,2020-12-22,FPO,MR J LITCHFIELD,682.0,,3717.53,Services,Nottingham,UK,682.0,debit
1987,2020-12-22,DD,THE RENEWABLE ENER,92.93,,4399.53,Bills,Nottingham,UK,92.93,debit
1988,2020-12-22,BP,SAVE THE CHANGE,0.31,,4492.46,Savings,Nottingham,UK,0.31,debit
1989,2020-12-21,DEB,AMZNMktplace,8.69,,4492.77,Amazon,Nottingham,UK,8.69,debit
1990,2020-12-21,FPO,ANTIGONI ABRAHMS,5.0,,4501.46,Entertainment,London,UK,5.0,debit
1991,2020-12-21,BP,SAVE THE CHANGE,3.55,,4506.46,Savings,Nottingham,UK,3.55,debit
1992,2020-12-21,DEB,ORIENTAL MART HYDR,17.27,,4510.01,Groceries,Nottingham,UK,17.27,debit
1993,2020-12-21,DEB,PP*DOUGHNOTTS,6.5,,4527.28,Dine Out,Nottingham,UK,6.5,debit
1994,2020-12-21,DEB,WILKO RETAIL LIMIT,1.0,,4533.78,Other Shopping,Unknown,Unknown,1.0,debit
1995,2020-12-21,DEB,Trading212UK,1000.0,,4534.78,Investment,Nottingham,UK,1000.0,debit
1996,2020-12-21,DEB,BLUEBIRD WHOLEFOOD,10.23,,5534.78,Groceries,Nottingham,UK,10.23,debit
1997,2020-12-21,DEB,WILKO RETAIL LIMIT,10.0,,5545.01,Other Shopping,Unknown,Unknown,10.0,debit
1998,2020-12-21,DEB,OZAN INTERNATIONAL,5.35,,5555.01,Groceries,Nottingham,UK,5.35,debit
1999,2020-12-18,DEB,AMZNMKTPLACE AMAZO,8.1,,5560.36,Amazon,Nottingham,UK,8.1,debit
2000,2020-12-18,BP,SAVE THE CHANGE,0.93,,5568.46,Savings,Nottingham,UK,0.93,debit
2001,2020-12-18,BGC,NCC TRADE CRED NEW,,32.44,5569.39,Supplementary Income,Nottingham,UK,32.44,credit
2002,2020-12-17,DEB,AMZNMktplace,24.07,,5536.95,Amazon,Nottingham,UK,24.07,debit
2003,2020-12-17,BP,SAVE THE CHANGE,0.04,,5561.02,Savings,Nottingham,UK,0.04,debit
2004,2020-12-17,BGC,UNIV OF NOTTINGHAM,,3665.25,5561.06,Paycheck,Nottingham,UK,3665.25,credit
2005,2020-12-16,DEB,AMZNMktplace,29.99,,1895.81,Amazon,Nottingham,UK,29.99,debit
2006,2020-12-16,DEB,AMZNMktplace,15.97,,1925.8,Amazon,Nottingham,UK,15.97,debit
2007,2020-12-16,DD,BARCLAYS UK MTGES,1005.95,,1941.77,Bills,Nottingham,UK,1005.95,debit
2008,2020-12-16,DD,O2,16.44,,2947.72,Other Shopping,Nottingham,UK,16.44,debit
2009,2020-12-16,BP,SAVE THE CHANGE,0.26,,2964.16,Savings,Nottingham,UK,0.26,debit
2010,2020-12-15,DEB,Trading212UK,750.0,,2964.42,Investment,Nottingham,UK,750.0,debit
2011,2020-12-15,DEB,LIDL GB  NOTTINGHA,8.94,,3714.42,Groceries,Nottingham,UK,8.94,debit
2012,2020-12-15,DEB,CAFFE NERO 650 NOT,3.8,,3723.36,Dine Out,Nottingham,UK,3.8,debit
2013,2020-12-15,BP,SAVE THE CHANGE,0.52,,3727.16,Savings,Nottingham,UK,0.52,debit
2014,2020-12-14,DEB,AMZNMktplace,9.99,,3727.68,Amazon,Nottingham,UK,9.99,debit
2015,2020-12-14,DEB,HP INC UK LIMITED,3.49,,3737.67,Other Shopping,Unknown,Unknown,3.49,debit
2016,2020-12-14,BP,SAVE THE CHANGE,3.38,,3741.16,Savings,Nottingham,UK,3.38,debit
2017,2020-12-14,BGC,DEPOSIT PROTECTION,,950.0,3744.54,Supplementary Income,Nottingham,UK,950.0,credit
2018,2020-12-14,BGC,SEVERN TRENT WATER,,17.6,2794.54,Supplementary Income,Nottingham,UK,17.6,credit
2019,2020-12-14,DEB,AMZNMKTPLACE AMAZO,15.9,,2776.94,Amazon,Nottingham,UK,15.9,debit
2020,2020-12-14,DEB,ORIENTAL MART HYDR,15.19,,2792.84,Groceries,Nottingham,UK,15.19,debit
2021,2020-12-14,DEB,PP*DOUGHNOTTS,6.5,,2808.03,Dine Out,Nottingham,UK,6.5,debit
2022,2020-12-14,DEB,STARBUCKS,3.95,,2814.53,Dine Out,Unknown,Unknown,3.95,debit
2023,2020-12-14,DEB,AMZNMktplace,40.29,,2818.48,Amazon,Nottingham,UK,40.29,debit
2024,2020-12-14,DEB,LIDL GB  NOTTINGHA,12.29,,2858.77,Groceries,Nottingham,UK,12.29,debit
2025,2020-12-14,DEB,AMZNMktplace,5.69,,2871.06,Amazon,Nottingham,UK,5.69,debit
2026,2020-12-14,DEB,APOLLO BLINDS,200.0,,2876.75,Home Improvement,Nottingham,UK,200.0,debit
2027,2020-11-12,DEB,AMZNMktplace,2.81,,3076.75,Amazon,Nottingham,UK,2.81,debit
2028,2020-11-12,FPI,HOWELLS LEGAL LIMI,,276.0,3079.56,Supplementary Income,Nottingham,UK,276.0,credit
2029,2020-11-12,BP,SAVE THE CHANGE,0.74,,2803.56,Savings,Nottingham,UK,0.74,debit
2030,2020-10-12,FPO,ANTIGONI ABRAHMS,5.0,,2804.3,Entertainment,London,UK,5.0,debit
2031,2020-10-12,FPO,ROBERT RECORD,310.0,,2809.3,Others,Nottingham,UK,310.0,debit
2032,2020-10-12,DEB,Trading212UK,250.0,,3119.3,Investment,Nottingham,UK,250.0,debit
2033,2020-10-12,DEB,SHARIF AND SONS SU,34.26,,3369.3,Groceries,Derby,UK,34.26,debit
2034,2020-10-12,BP,SAVE THE CHANGE,0.19,,3403.56,Savings,Nottingham,UK,0.19,debit
2035,2020-09-12,DEB,LIDL GB  NOTTINGHA,33.81,,3403.75,Groceries,Nottingham,UK,33.81,debit
2036,2020-09-12,DEB,THE LITTLE CARPET,,246.0,3437.56,Home Improvement,Nottingham,UK,246.0,credit
2037,2020-09-12,BP,SAVE THE CHANGE,1.16,,3191.56,Savings,Nottingham,UK,1.16,debit
2038,2020-08-12,DEB,AMZNMktplace,62.77,,3192.72,Amazon,Nottingham,UK,62.77,debit
2039,2020-08-12,DEB,AMZNMKTPLACE AMAZO,6.07,,3255.49,Amazon,Nottingham,UK,6.07,debit
2040,2020-07-12,BP,SAVE THE CHANGE,0.98,,3261.56,Savings,Nottingham,UK,0.98,debit
2041,2020-07-12,DEB,Trading212UK,200.0,,3262.54,Investment,Nottingham,UK,200.0,debit
2042,2020-07-12,DEB,AMZNMktplace,23.98,,3462.54,Amazon,Nottingham,UK,23.98,debit
2043,2020-04-12,DEB,BLUEBIRD WHOLEFOOD,14.04,,3486.52,Groceries,Nottingham,UK,14.04,debit
2044,2020-04-12,BP,SAVE THE CHANGE,0.92,,3500.56,Savings,Nottingham,UK,0.92,debit
2045,2020-03-12,DEB,JUBILEE SHOP,5.08,,3501.48,Others,Nottingham,UK,5.08,debit
2046,2020-03-12,BP,SAVE THE CHANGE,0.93,,3506.56,Savings,Nottingham,UK,0.93,debit
2047,2020-02-12,DEP,CLUB LLOYDS WAIVED,,3.0,3507.49,Supplementary Income,Nottingham,UK,3.0,credit
2048,2020-02-12,PAY,CLUB LLOYDS FEE,3.0,,3504.49,Bills,Nottingham,UK,3.0,debit
2049,2020-02-12,DEB,Trading212UK,500.0,,3507.49,Investment,Nottingham,UK,500.0,debit
2050,2020-02-12,DEB,LIDL GB  NOTTINGHA,12.07,,4007.49,Groceries,Nottingham,UK,12.07,debit
2051,2020-01-12,Unknown,INTEREST (GROSS),,1.48,4019.56,Interest,Nottingham,UK,1.48,credit
2052,2020-01-12,FPI,Q WANG,,1000.0,4018.08,Supplementary Income,Nottingham,UK,1000.0,credit
2053,2020-01-12,DD,NOTTM CITY COUNC,119.0,,3018.08,Bills,Nottingham,UK,119.0,debit
2054,2020-01-12,DD,SEVERN TRENT WATER,16.43,,3137.08,Bills,Nottingham,UK,16.43,debit
2055,2020-01-12,SO,ESAVINGS ACCOUNT,300.0,,3153.51,Savings,Nottingham,UK,300.0,debit
2056,2020-01-12,BP,SAVE THE CHANGE,0.87,,3453.51,Savings,Nottingham,UK,0.87,debit
2057,2020-11-30,DEB,SOLO GRANO,9.13,,3454.38,Dine Out,Nottingham,UK,9.13,debit
2058,2020-11-30,FPO,ALICJA ALEXANDER,40.0,,3463.51,Services/Home Improvement,Nottingham,UK,40.0,debit
2059,2020-11-30,BP,SAVE THE CHANGE,0.78,,3503.51,Savings,Nottingham,UK,0.78,debit
2060,2020-11-30,DEB,Trading212UK,1000.0,,3504.29,Investment,Nottingham,UK,1000.0,debit
2061,2020-11-30,DEB,THE BIKE SHOP,13.98,,4504.29,Other Shopping,Unknown,Unknown,13.98,debit
2062,2020-11-30,DEB,LIDL GB NOTTINGHAM,11.24,,4518.27,Groceries,Nottingham,UK,11.24,debit
2063,2020-11-30,FPO,BORIS REMOVALS,650.0,,4529.51,Others,Nottingham,UK,650.0,debit
2064,2020-11-27,DD,TALKTALK LIMITED,19.95,,5179.51,Bills,Nottingham,UK,19.95,debit
2065,2020-11-27,BP,SAVE THE CHANGE,0.57,,5199.46,Savings,Nottingham,UK,0.57,debit
2066,2020-11-27,BGC,UNIV OF NOTTINGHAM,,3665.25,5200.03,Paycheck,Nottingham,UK,3665.25,credit
2067,2020-11-26,DEB,JUBILEE SHOP,6.43,,1534.78,Others,Nottingham,UK,6.43,debit
2068,2020-11-26,BP,SAVE THE CHANGE,1.98,,1541.21,Savings,Nottingham,UK,1.98,debit
2069,2020-11-25,DEB,Trading212UK,1405.0,,1543.19,Investment,Nottingham,UK,1405.0,debit
2070,2020-11-25,DEB,AMZNMktplace,47.89,,2948.19,Amazon,Nottingham,UK,47.89,debit
2071,2020-11-25,DEB,Trading212UK,25.0,,2996.08,Investment,Nottingham,UK,25.0,debit
2072,2020-11-25,DEB,MOGAL EXPRESS,18.06,,3021.08,Groceries,Nottingham,UK,18.06,debit
2073,2020-11-25,DEB,LIDL GB NOTTINGHAM,7.07,,3039.14,Groceries,Nottingham,UK,7.07,debit
2074,2020-11-25,BP,SAVE THE CHANGE,0.03,,3046.21,Savings,Nottingham,UK,0.03,debit
2075,2020-11-25,BGC,GOOGLE IRELAND,,61.65,3046.24,Supplementary Income,Nottingham,UK,61.65,credit
2076,2020-11-24,DEB,AMZNMktplace,19.98,,2984.59,Amazon,Nottingham,UK,19.98,debit
2077,2020-11-24,DEB,Audible UK,7.99,,3004.57,Entertainment,Nottingham,UK,7.99,debit
2078,2020-11-24,FPI,IISL CLIENT GBP SE,,1405.69,3012.56,Supplementary Income,Nottingham,UK,1405.69,credit
2079,2020-11-23,BP,SAVE THE CHANGE,2.49,,1606.87,Savings,Nottingham,UK,2.49,debit
2080,2020-11-23,DEB,ORIENTAL MART HYDR,10.52,,1609.36,Groceries,Nottingham,UK,10.52,debit
2081,2020-11-23,DEB,STARBUCKS,7.4,,1619.88,Dine Out,Unknown,Unknown,7.4,debit
2082,2020-11-23,DEB,LIDL GB NOTTINGHAM,6.42,,1627.28,Groceries,Nottingham,UK,6.42,debit
2083,2020-11-23,DEB,PP*DOUGHNOTTS,5.5,,1633.7,Dine Out,Nottingham,UK,5.5,debit
2084,2020-11-23,DEB,Trading212UK,738.0,,1639.2,Investment,Nottingham,UK,738.0,debit
2085,2020-11-23,DEB,CO-OP GROUP 010661,11.78,,2377.2,Groceries,Unknown,Unknown,11.78,debit
2086,2020-11-23,DEB,Amazon.co.uk*M703H,6.0,,2388.98,Amazon,Nottingham,UK,6.0,debit
2087,2020-11-23,DEB,AMZNMKTPLACE AMAZO,45.89,,2394.98,Amazon,Nottingham,UK,45.89,debit
2088,2020-11-20,DEB,Trading212UK,106.0,,2440.87,Investment,Nottingham,UK,106.0,debit
2089,2020-11-20,FPI,IISL CLIENT GBP SE,,737.35,2546.87,Supplementary Income,Nottingham,UK,737.35,credit
2090,2020-11-20,BP,SAVE THE CHANGE,0.76,,1809.52,Savings,Nottingham,UK,0.76,debit
2091,2020-11-19,DEB,THE LITTLE CARPET,1174.0,,1810.28,Home Improvement,Nottingham,UK,1174.0,debit
2092,2020-11-19,DEB,AMZNMktplace,11.49,,2984.28,Amazon,Nottingham,UK,11.49,debit
2093,2020-11-19,DEB,AMAZON.CO.UK*M75IR,6.0,,2995.77,Amazon,Nottingham,UK,6.0,debit
2094,2020-11-19,DEB,ATRIUM JUBILEE 1,3.75,,3001.77,Dine Out,Nottingham,UK,3.75,debit
2095,2020-11-19,FPI,IISL CLIENT GBP SE,,105.82,3005.52,Supplementary Income,Nottingham,UK,105.82,credit
2096,2020-11-19,BP,SAVE THE CHANGE,1.35,,2899.7,Savings,Nottingham,UK,1.35,debit
2097,2020-11-18,DEB,AMZNMktplace,31.98,,2901.05,Amazon,Nottingham,UK,31.98,debit
2098,2020-11-18,DEB,AMZNMktplace,21.09,,2933.03,Amazon,Nottingham,UK,21.09,debit
2099,2020-11-18,DEB,LIDL GB NOTTINGHAM,7.58,,2954.12,Groceries,Nottingham,UK,7.58,debit
2100,2020-11-18,FPO,ALICJA ALEXANDER,25.0,,2961.7,Services/Home Improvement,Nottingham,UK,25.0,debit
2101,2020-11-17,DEB,Trading212UK,860.0,,2986.7,Investment,Nottingham,UK,860.0,debit
2102,2020-11-17,BP,SAVE THE CHANGE,1.06,,3846.7,Savings,Nottingham,UK,1.06,debit
2103,2020-11-16,DEB,LIDL GB NOTTINGHAM,13.49,,3847.76,Groceries,Nottingham,UK,13.49,debit
2104,2020-11-16,DEB,AMAZON.CO.UK*M7959,10.45,,3861.25,Amazon,Nottingham,UK,10.45,debit
2105,2020-11-16,FPI,IISL CLIENT GBP SE,,100.0,3871.7,Supplementary Income,Nottingham,UK,100.0,credit
2106,2020-11-16,FPI,IISL CLIENT GBP SE,,760.39,3771.7,Supplementary Income,Nottingham,UK,760.39,credit
2107,2020-11-16,DD,O2,16.63,,3011.31,Other Shopping,Nottingham,UK,16.63,debit
2108,2020-11-16,BP,SAVE THE CHANGE,2.85,,3027.94,Savings,Nottingham,UK,2.85,debit
2109,2020-11-16,DEB,ORIENTAL MART HYDR,15.24,,3030.79,Groceries,Nottingham,UK,15.24,debit
2110,2020-11-16,DEB,AMZNMktplace,13.73,,3046.03,Amazon,Nottingham,UK,13.73,debit
2111,2020-11-16,DEB,HOLLAND & BARRETT,9.49,,3059.76,Groceries,Unknown,Unknown,9.49,debit
2112,2020-11-16,DEB,ORIENTAL MART HYDR,0.79,,3069.25,Groceries,Nottingham,UK,0.79,debit
2113,2020-11-16,DEB,Trading212UK,1333.0,,3070.04,Investment,Nottingham,UK,1333.0,debit
2114,2020-11-16,DEB,Trading212UK,100.0,,4403.04,Investment,Nottingham,UK,100.0,debit
2115,2020-11-16,CPT,LNK 36 CLUMBER STR,40.0,,4503.04,Cash,Nottingham,UK,40.0,debit
2116,2020-11-13,DEB,POST OFFICE COUNTE,47.99,,4543.04,Others,Nottingham,UK,47.99,debit
2117,2020-11-13,DEB,AMZNMktplace,11.49,,4591.03,Amazon,Nottingham,UK,11.49,debit
2118,2020-11-13,DEB,Amazon.co.uk*M768X,3.42,,4602.52,Amazon,Nottingham,UK,3.42,debit
2119,2020-11-13,FPI,IISL CLIENT GBP SE,,1333.06,4605.94,Supplementary Income,Nottingham,UK,1333.06,credit
2120,2020-11-13,BP,SAVE THE CHANGE,0.03,,3272.88,Savings,Nottingham,UK,0.03,debit
2121,2020-12-11,DEB,AMZNMktplace,16.97,,3272.91,Amazon,Nottingham,UK,16.97,debit
2122,2020-11-11,FPI,ALHARBI M,,1000.0,3289.88,Supplementary Income,Nottingham,UK,1000.0,credit
2123,2020-11-11,BP,SAVE THE CHANGE,0.35,,2289.88,Savings,Nottingham,UK,0.35,debit
2124,2020-10-11,DEB,LIDL GB NOTTINGHAM,33.65,,2290.23,Groceries,Nottingham,UK,33.65,debit
2125,2020-10-11,BP,SAVE THE CHANGE,0.87,,2323.88,Savings,Nottingham,UK,0.87,debit
2126,2020-09-11,DEB,Amazon.co.uk*M73C5,3.64,,2324.75,Amazon,Nottingham,UK,3.64,debit
2127,2020-09-11,DEB,HOLLAND & BARRETT,5.49,,2328.39,Groceries,Unknown,Unknown,5.49,debit
2128,2020-09-11,FPO,TRISTRAMS LETTINGS,825.0,,2333.88,Home Improvement,Nottingham,UK,825.0,debit
2129,2020-09-11,BP,SAVE THE CHANGE,1.96,,3158.88,Savings,Nottingham,UK,1.96,debit
2130,2020-09-11,DEB,ORIENTAL MART HYDR,14.74,,3160.84,Groceries,Nottingham,UK,14.74,debit
2131,2020-09-11,DEB,LIDL GB NOTTINGHAM,11.07,,3175.58,Groceries,Nottingham,UK,11.07,debit
2132,2020-09-11,DEB,STARBUCKS,3.95,,3186.65,Dine Out,Unknown,Unknown,3.95,debit
2133,2020-09-11,DEB,POUNDSTRETCHER 63,2.28,,3190.6,Groceries,Unknown,Unknown,2.28,debit
2134,2020-09-11,DEB,Trading212UK,1328.0,,3192.88,Investment,Nottingham,UK,1328.0,debit
2135,2020-09-11,DEB,Amazon.co.uk*M78CB,16.0,,4520.88,Amazon,Nottingham,UK,16.0,debit
2136,2020-06-11,DEB,Audible UK,18.0,,4536.88,Entertainment,Nottingham,UK,18.0,debit
2137,2020-06-11,DEB,AMAZON.CO.UK*M74IF,15.0,,4554.88,Amazon,Nottingham,UK,15.0,debit
2138,2020-06-11,FPI,IISL CLIENT GBP SE,,1328.0,4569.88,Supplementary Income,Nottingham,UK,1328.0,credit
2139,2020-06-11,BP,SAVE THE CHANGE,0.5,,3241.88,Savings,Nottingham,UK,0.5,debit
2140,2020-05-11,DEB,CO-OP GROUP 010661,9.5,,3242.38,Groceries,Unknown,Unknown,9.5,debit
2141,2020-05-11,BP,SAVE THE CHANGE,0.46,,3251.88,Savings,Nottingham,UK,0.46,debit
2142,2020-04-11,FPO,ALICJA ALEXANDER,25.0,,3252.34,Services/Home Improvement,Nottingham,UK,25.0,debit
2143,2020-04-11,DEB,AMZNMktplace,19.54,,3277.34,Amazon,Nottingham,UK,19.54,debit
2144,2020-04-11,DEB,Trading212UK,1.0,,3296.88,Investment,Nottingham,UK,1.0,debit
2145,2020-04-11,BP,SAVE THE CHANGE,0.82,,3297.88,Savings,Nottingham,UK,0.82,debit
2146,2020-03-11,DEP,CLUB LLOYDS WAIVED,,3.0,3298.7,Supplementary Income,Nottingham,UK,3.0,credit
2147,2020-03-11,FPO,TAMBA TAM,10.0,,3295.7,Services,Nottingham,UK,10.0,debit
2148,2020-03-11,PAY,CLUB LLOYDS FEE,3.0,,3305.7,Bills,Nottingham,UK,3.0,debit
2149,2020-03-11,DEB,LIDL GB NOTTINGHAM,14.18,,3308.7,Groceries,Nottingham,UK,14.18,debit
2150,2020-03-11,SO,TRISTRAMS LETTINGS,825.0,,3322.88,Home Improvement,Nottingham,UK,825.0,debit
2151,2020-03-11,BP,SAVE THE CHANGE,0.58,,4147.88,Savings,Nottingham,UK,0.58,debit
2152,2020-02-11,Unknown,INTEREST (GROSS),,1.71,4148.46,Interest,Nottingham,UK,1.71,credit
2153,2020-02-11,DEB,CO-OP GROUP 010661,4.92,,4146.75,Groceries,Unknown,Unknown,4.92,debit
2154,2020-02-11,DEB,PP*DOUGHNOTTS,5.5,,4151.67,Dine Out,Nottingham,UK,5.5,debit
2155,2020-02-11,DD,NOTTM CITY COUNC,119.0,,4157.17,Bills,Nottingham,UK,119.0,debit
2156,2020-02-11,DD,SEVERN TRENT WATER,25.7,,4276.17,Bills,Nottingham,UK,25.7,debit
2157,2020-02-11,SO,ESAVINGS ACCOUNT,300.0,,4301.87,Savings,Nottingham,UK,300.0,debit
2158,2020-02-11,BP,SAVE THE CHANGE,0.29,,4601.87,Savings,Nottingham,UK,0.29,debit
2159,2020-02-11,DEB,ORIENTAL MART HYDR,14.72,,4602.16,Groceries,Nottingham,UK,14.72,debit
2160,2020-02-11,DEB,T K MAXX,8.99,,4616.88,Other Shopping,Unknown,Unknown,8.99,debit
2161,2020-02-11,DEB,CO-OP GROUP 010661,4.0,,4625.87,Groceries,Unknown,Unknown,4.0,debit
2162,2020-10-30,DEB,Trading212UK,1100.0,,4629.87,Investment,Nottingham,UK,1100.0,debit
2163,2020-10-30,DEB,DANCE IN TIME BOUT,5.0,,5729.87,Clothes,Unknown,Unknown,5.0,debit
2164,2020-10-30,BP,SAVE THE CHANGE,1.36,,5734.87,Savings,Nottingham,UK,1.36,debit
2165,2020-10-29,DEB,Trading212UK,1756.0,,5736.23,Investment,Nottingham,UK,1756.0,debit
2166,2020-10-29,DEB,LIDL GB NOTTINGHAM,17.14,,7492.23,Groceries,Nottingham,UK,17.14,debit
2167,2020-10-29,DEB,IZ *Secret Burger,8.5,,7509.37,Dine Out,Nottingham,UK,8.5,debit
2168,2020-10-29,FPO,LAURA FOGLIATA,7.0,,7517.87,Services,Nottingham,UK,7.0,debit
2169,2020-10-29,DD,THE RENEWABLE ENER,100.65,,7524.87,Bills,Nottingham,UK,100.65,debit
2170,2020-10-29,BP,SAVE THE CHANGE,0.9,,7625.52,Savings,Nottingham,UK,0.9,debit
2171,2020-10-29,BGC,UNIV OF NOTTINGHAM,,3664.85,7626.42,Paycheck,Nottingham,UK,3664.85,credit
2172,2020-10-28,DEB,AMZNMktplace,15.1,,3961.57,Amazon,Nottingham,UK,15.1,debit
2173,2020-10-28,FPI,IISL CLIENT GBP SE,,1756.0,3976.67,Supplementary Income,Nottingham,UK,1756.0,credit
2174,2020-10-27,DD,TALKTALK LIMITED,19.95,,2220.67,Bills,Nottingham,UK,19.95,debit
2175,2020-10-27,BP,SAVE THE CHANGE,0.45,,2240.62,Savings,Nottingham,UK,0.45,debit
2176,2020-10-26,DEB,STARBUCKS,3.55,,2241.07,Dine Out,Unknown,Unknown,3.55,debit
2177,2020-10-26,BP,SAVE THE CHANGE,2.15,,2244.62,Savings,Nottingham,UK,2.15,debit
2178,2020-10-26,DEB,ORIENTAL MART HYDR,13.28,,2246.77,Groceries,Nottingham,UK,13.28,debit
2179,2020-10-26,DEB,PP*DOUGHNOTTS,5.5,,2260.05,Dine Out,Nottingham,UK,5.5,debit
2180,2020-10-26,DEB,Audible UK,7.99,,2265.55,Entertainment,Nottingham,UK,7.99,debit
2181,2020-10-26,DEB,JUBILEE SHOP,5.08,,2273.54,Others,Nottingham,UK,5.08,debit
2182,2020-10-23,DEB,Trading212UK,1326.0,,2278.62,Investment,Nottingham,UK,1326.0,debit
2183,2020-10-23,DEB,Amazon.co.uk*XB9UV,15.0,,3604.62,Amazon,Nottingham,UK,15.0,debit
2184,2020-10-23,BP,SAVE THE CHANGE,0.14,,3619.62,Savings,Nottingham,UK,0.14,debit
2185,2020-10-22,DEB,LIDL GB NOTTINGHAM,12.86,,3619.76,Groceries,Nottingham,UK,12.86,debit
2186,2020-10-22,FPO,LAURA FOGLIATA,7.0,,3632.62,Services,Nottingham,UK,7.0,debit
2187,2020-10-22,FPO,ALICJA ALEXANDER,25.0,,3639.62,Services/Home Improvement,Nottingham,UK,25.0,debit
2188,2020-10-22,FPI,IISL CLIENT GBP SE,,1326.0,3664.62,Supplementary Income,Nottingham,UK,1326.0,credit
2189,2020-10-22,BP,SAVE THE CHANGE,0.51,,2338.62,Savings,Nottingham,UK,0.51,debit
2190,2020-10-21,DEB,Amazon.co.uk*840ZD,3.49,,2339.13,Amazon,Nottingham,UK,3.49,debit
2191,2020-10-21,BP,SAVE THE CHANGE,0.72,,2342.62,Savings,Nottingham,UK,0.72,debit
2192,2020-10-20,DEB,CO-OP GROUP 010661,10.29,,2343.34,Groceries,Unknown,Unknown,10.29,debit
2193,2020-10-20,DEB,AMZNMKTPLACE AMAZO,5.99,,2353.63,Amazon,Nottingham,UK,5.99,debit
2194,2020-10-20,BP,SAVE THE CHANGE,0.53,,2359.62,Savings,Nottingham,UK,0.53,debit
2195,2020-10-19,DEB,T K MAXX,11.97,,2360.15,Other Shopping,Unknown,Unknown,11.97,debit
2196,2020-10-19,DEB,PP*DOUGHNOTTS,6.5,,2372.12,Dine Out,Nottingham,UK,6.5,debit
2197,2020-10-19,BP,SAVE THE CHANGE,2.89,,2378.62,Savings,Nottingham,UK,2.89,debit
2198,2020-10-19,DEB,Amazon.co.uk*EZ8KJ,16.0,,2381.51,Amazon,Nottingham,UK,16.0,debit
2199,2020-10-19,DEB,SOLO GRANO,13.31,,2397.51,Dine Out,Nottingham,UK,13.31,debit
2200,2020-10-19,DEB,ORIENTAL MART HYDR,10.38,,2410.82,Groceries,Nottingham,UK,10.38,debit
2201,2020-10-19,DEB,JUBILEE SHOP,5.08,,2421.2,Others,Nottingham,UK,5.08,debit
2202,2020-10-19,DEB,STARBUCKS,3.35,,2426.28,Dine Out,Unknown,Unknown,3.35,debit
2203,2020-10-16,DEB,Trading212UK,926.0,,2429.63,Investment,Nottingham,UK,926.0,debit
2204,2020-10-16,DEB,Trading212UK,75.0,,3355.63,Investment,Nottingham,UK,75.0,debit
2205,2020-10-16,DEB,AMZNMktplace,33.99,,3430.63,Amazon,Nottingham,UK,33.99,debit
2206,2020-10-16,DD,O2,17.18,,3464.62,Other Shopping,Nottingham,UK,17.18,debit
2207,2020-10-16,BP,SAVE THE CHANGE,1.7,,3481.8,Savings,Nottingham,UK,1.7,debit
2208,2020-10-15,FPO,LAURA FOGLIATA,3.0,,3483.5,Services,Nottingham,UK,3.0,debit
2209,2020-10-15,FPO,LAURA FOGLIATA,7.0,,3486.5,Services,Nottingham,UK,7.0,debit
2210,2020-10-15,DEB,LIDL GB NOTTINGHAM,21.11,,3493.5,Groceries,Nottingham,UK,21.11,debit
2211,2020-10-15,DEB,JUBILEE SHOP,6.19,,3514.61,Others,Nottingham,UK,6.19,debit
2212,2020-10-15,FPI,IISL CLIENT GBP SE,,926.0,3520.8,Supplementary Income,Nottingham,UK,926.0,credit
2213,2020-10-15,BP,SAVE THE CHANGE,0.01,,2594.8,Savings,Nottingham,UK,0.01,debit
2214,2020-10-14,DEB,AMZNMktplace,3.99,,2594.81,Amazon,Nottingham,UK,3.99,debit
2215,2020-10-14,BP,SAVE THE CHANGE,0.01,,2598.8,Savings,Nottingham,UK,0.01,debit
2216,2020-10-13,FPO,TAMBA TAM,20.0,,2598.81,Services,Nottingham,UK,20.0,debit
2217,2020-10-13,DEB,AMZNMktplace,79.99,,2618.81,Amazon,Nottingham,UK,79.99,debit
2218,2020-10-13,BP,SAVE THE CHANGE,1.8,,2698.8,Savings,Nottingham,UK,1.8,debit
2219,2020-12-10,DEB,PP*DOUGHNOTTS,4.5,,2700.6,Dine Out,Nottingham,UK,4.5,debit
2220,2020-12-10,DEB,CAFFE NERO NOTTING,3.3,,2705.1,Dine Out,Nottingham,UK,3.3,debit
2221,2020-12-10,DEB,WILKO RETAIL LIMIT,2.4,,2708.4,Other Shopping,Unknown,Unknown,2.4,debit
2222,2020-12-10,BP,SAVE THE CHANGE,0.96,,2710.8,Savings,Nottingham,UK,0.96,debit
2223,2020-12-10,DEB,ORIENTAL MART HYDR,16.7,,2711.76,Groceries,Nottingham,UK,16.7,debit
2224,2020-12-10,DEB,STARBUCKS,3.35,,2728.46,Dine Out,Unknown,Unknown,3.35,debit
2225,2020-12-10,DEB,AMZNMKTPLACE AMAZO,11.99,,2731.81,Amazon,Nottingham,UK,11.99,debit
2226,2020-09-10,BP,SAVE THE CHANGE,0.32,,2743.8,Savings,Nottingham,UK,0.32,debit
2227,2020-08-10,FPO,ALICJA ALEXANDER,25.0,,2744.12,Services/Home Improvement,Nottingham,UK,25.0,debit
2228,2020-08-10,FPO,LAURA FOGLIATA,7.0,,2769.12,Services,Nottingham,UK,7.0,debit
2229,2020-08-10,DEB,LIDL GB NOTTINGHAM,17.68,,2776.12,Groceries,Nottingham,UK,17.68,debit
2230,2020-07-10,DEB,Trading212UK,866.0,,2793.8,Investment,Nottingham,UK,866.0,debit
2231,2020-06-10,FPO,TAMBA TAM,10.0,,3659.8,Services,Nottingham,UK,10.0,debit
2232,2020-06-10,TFR,R LAWRENCE,200.0,,3669.8,Uncategorized,Unknown,Unknown,200.0,debit
2233,2020-06-10,FPI,IISL CLIENT GBP SE,,866.0,3869.8,Supplementary Income,Nottingham,UK,866.0,credit
2234,2020-06-10,BP,SAVE THE CHANGE,0.3,,3003.8,Savings,Nottingham,UK,0.3,debit
2235,2020-05-10,DEB,AMZNMktplace,7.99,,3004.1,Amazon,Nottingham,UK,7.99,debit
2236,2020-05-10,DEB,CO-OP GROUP 010661,4.71,,3012.09,Groceries,Unknown,Unknown,4.71,debit
2237,2020-05-10,SO,TRISTRAMS LETTINGS,825.0,,3016.8,Home Improvement,Nottingham,UK,825.0,debit
2238,2020-05-10,BP,SAVE THE CHANGE,1.09,,3841.8,Savings,Nottingham,UK,1.09,debit
2239,2020-05-10,DEB,MOGAL EXPRESS,11.77,,3842.89,Groceries,Nottingham,UK,11.77,debit
2240,2020-05-10,DEB,ORIENTAL MART HYDR,7.96,,3854.66,Groceries,Nottingham,UK,7.96,debit
2241,2020-05-10,DEB,ONEBELOW,3.0,,3862.62,Other Shopping,Unknown,Unknown,3.0,debit
2242,2020-05-10,CPT,LNK 49-51 CLUMBER,40.0,,3865.62,Cash,Nottingham,UK,40.0,debit
2243,2020-02-10,DEP,CLUB LLOYDS WAIVED,,3.0,3905.62,Amazon,Nottingham,UK,3.0,credit
2244,2020-02-10,PAY,CLUB LLOYDS FEE,3.0,,3902.62,Bills,Nottingham,UK,3.0,debit
2245,2020-02-10,DEB,AMZNMktplace,46.18,,3905.62,Supplementary Income,Nottingham,UK,46.18,debit
2246,2020-02-10,BP,SAVE THE CHANGE,0.23,,3951.8,Savings,Nottingham,UK,0.23,debit
2247,2020-01-10,Unknown,INTEREST (GROSS),,2.39,3952.03,Interest,Nottingham,UK,2.39,credit
2248,2020-01-10,FPO,LAURA FOGLIATA,7.0,,3949.64,Services,Nottingham,UK,7.0,debit
2249,2020-01-10,DEB,LIDL GB NOTTINGHAM,26.77,,3956.64,Groceries,Nottingham,UK,26.77,debit
2250,2020-01-10,DD,NOTTM CITY COUNC,119.0,,3983.41,Bills,Nottingham,UK,119.0,debit
2251,2020-01-10,DD,SEVERN TRENT WATER,25.7,,4102.41,Bills,Nottingham,UK,25.7,debit
2252,2020-01-10,SO,ESAVINGS ACCOUNT,300.0,,4128.11,Savings,Nottingham,UK,300.0,debit
2253,2020-01-10,BP,SAVE THE CHANGE,0.2,,4428.11,Savings,Nottingham,UK,0.2,debit
2254,2020-09-30,DEB,Trading212UK,1000.0,,4428.31,Investment,Nottingham,UK,1000.0,debit
2255,2020-09-30,DEB,AMZNMktplace,2.8,,5428.31,Amazon,Nottingham,UK,2.8,debit
2256,2020-09-30,DD,TALKTALK LIMITED,19.95,,5431.11,Bills,Nottingham,UK,19.95,debit
2257,2020-09-30,BP,SAVE THE CHANGE,0.32,,5451.06,Savings,Nottingham,UK,0.32,debit
2258,2020-09-29,DEB,AMAZON.CO.UK*JX79R,5.68,,5451.38,Amazon,Nottingham,UK,5.68,debit
2259,2020-09-29,FPO,TAMBA TAM,10.0,,5457.06,Services,Nottingham,UK,10.0,debit
2260,2020-09-29,DD,THE RENEWABLE ENER,74.3,,5467.06,Bills,Nottingham,UK,74.3,debit
2261,2020-09-29,BP,SAVE THE CHANGE,1.53,,5541.36,Savings,Nottingham,UK,1.53,debit
2262,2020-09-29,BGC,UNIV OF NOTTINGHAM,,3665.25,5542.89,Paycheck,Nottingham,UK,3665.25,credit
2263,2020-09-28,DEB,GHOUSIA FOODS,13.28,,1877.64,Groceries,Nottingham,UK,13.28,debit
2264,2020-09-28,DEB,CO-OP GROUP 010661,5.19,,1890.92,Groceries,Unknown,Unknown,5.19,debit
2265,2020-09-28,BP,SAVE THE CHANGE,0.21,,1896.11,Savings,Nottingham,UK,0.21,debit
2266,2020-09-28,DEB,Amazon.co.uk*KS7R7,6.0,,1896.32,Amazon,Nottingham,UK,6.0,debit
2267,2020-09-28,DEB,THE ORGAN GRINDER,1.8,,1902.32,Dine Out,Nottingham,UK,1.8,debit
2268,2020-09-25,DEB,AMZNMktplace,14.99,,1904.12,Amazon,Nottingham,UK,14.99,debit
2269,2020-09-25,DEB,CO-OP GROUP 010661,7.0,,1919.11,Groceries,Unknown,Unknown,7.0,debit
2270,2020-09-25,DEB,NBX*AT1.SPACE,175.0,,1926.11,Fitness,Nottingham,UK,175.0,debit
2271,2020-09-25,BP,SAVE THE CHANGE,0.86,,2101.11,Savings,Nottingham,UK,0.86,debit
2272,2020-09-24,FPO,LAURA FOGLIATA,7.0,,2101.97,Services,Nottingham,UK,7.0,debit
2273,2020-09-24,DEB,LIDL GB NOTTINGHAM,12.15,,2108.97,Groceries,Nottingham,UK,12.15,debit
2274,2020-09-24,DEB,Audible UK,7.99,,2121.12,Entertainment,Nottingham,UK,7.99,debit
2275,2020-09-24,FPO,ALICJA ALEXANDER,25.0,,2129.11,Services/Home Improvement,Nottingham,UK,25.0,debit
2276,2020-09-22,FPO,TAMBA TAM,10.0,,2154.11,Services,Nottingham,UK,10.0,debit
2277,2020-09-22,FPO,EDWARD HANDS & LEW,350.0,,2164.11,Uncategorized,Unknown,Unknown,350.0,debit
2278,2020-09-22,BP,SAVE THE CHANGE,0.02,,2514.11,Savings,Nottingham,UK,0.02,debit
2279,2020-09-21,TFR,R LAWRENCE,300.0,,2514.13,Uncategorized,Unknown,Unknown,300.0,debit
2280,2020-09-21,DEB,AMAZON.CO.UK*MY0NW,12.99,,2814.13,Amazon,Nottingham,UK,12.99,debit
2281,2020-09-21,DEB,AMZNMKTPLACE AMAZO,10.99,,2827.12,Amazon,Nottingham,UK,10.99,debit
2282,2020-09-21,FPI,ROTHERAS /CLI,,350.0,2838.11,Supplementary Income,Nottingham,UK,350.0,credit
2283,2020-09-21,BP,SAVE THE CHANGE,1.39,,2488.11,Savings,Nottingham,UK,1.39,debit
2284,2020-09-21,DEB,ORIENTAL MART HYDR,19.41,,2489.5,Groceries,Nottingham,UK,19.41,debit
2285,2020-09-21,DEB,HOLLAND & BARRETT,10.98,,2508.91,Groceries,Unknown,Unknown,10.98,debit
2286,2020-09-21,DEB,GHOUSIA FOODS,17.98,,2519.89,Groceries,Nottingham,UK,17.98,debit
2287,2020-09-21,DEB,LIDL GB NOTTINGHAM,17.24,,2537.87,Groceries,Nottingham,UK,17.24,debit
2288,2020-09-17,DEB,Trading212UK,420.0,,2555.11,Investment,Nottingham,UK,420.0,debit
2289,2020-09-17,BP,SAVE THE CHANGE,0.26,,2975.11,Savings,Nottingham,UK,0.26,debit
2290,2020-09-16,DEB,Trading212UK,391.0,,2975.37,Investment,Nottingham,UK,391.0,debit
2291,2020-09-16,DEB,AMZNMktplace,11.99,,3366.37,Amazon,Nottingham,UK,11.99,debit
2292,2020-09-16,DEB,CO-OP GROUP 010661,9.75,,3378.36,Groceries,Unknown,Unknown,9.75,debit
2293,2020-09-16,DD,O2,16.63,,3388.11,Other Shopping,Nottingham,UK,16.63,debit
2294,2020-09-15,FPO,TAMBA TAM,10.0,,3404.74,Services,Nottingham,UK,10.0,debit
2295,2020-09-15,FPI,IISL CLIENT GBP SE,,391.0,3414.74,Supplementary Income,Nottingham,UK,391.0,credit
2296,2020-09-14,FPO,LAURA FOGLIATA,7.0,,3023.74,Services,Nottingham,UK,7.0,debit
2297,2020-09-14,BP,SAVE THE CHANGE,1.88,,3030.74,Savings,Nottingham,UK,1.88,debit
2298,2020-09-14,DEB,HOLLAND & BARRETT,4.99,,3032.62,Groceries,Unknown,Unknown,4.99,debit
2299,2020-09-14,DEB,ORIENTAL MART HYDR,2.5,,3037.61,Groceries,Nottingham,UK,2.5,debit
2300,2020-09-14,DEB,AMZNMKTPLACE AMAZO,33.24,,3040.11,Amazon,Nottingham,UK,33.24,debit
2301,2020-09-14,DEB,LIDL GB NOTTINGHAM,9.39,,3073.35,Groceries,Nottingham,UK,9.39,debit
2302,2020-11-09,FPO,ALICJA ALEXANDER,25.0,,3082.74,Services/Home Improvement,Nottingham,UK,25.0,debit
2303,2020-09-09,BP,SAVE THE CHANGE,0.16,,3107.74,Savings,Nottingham,UK,0.16,debit
2304,2020-08-09,FPO,TAMBA TAM,10.0,,3107.9,Services,Nottingham,UK,10.0,debit
2305,2020-08-09,DEB,LIDL GB NOTTINGHAM,15.87,,3117.9,Groceries,Nottingham,UK,15.87,debit
2306,2020-08-09,DEB,T K MAXX,9.97,,3133.77,Other Shopping,Unknown,Unknown,9.97,debit
2307,2020-08-09,BP,SAVE THE CHANGE,0.65,,3143.74,Savings,Nottingham,UK,0.65,debit
2308,2020-07-09,DEB,AMZNMktplace,34.9,,3144.39,Amazon,Nottingham,UK,34.9,debit
2309,2020-07-09,DEB,ORIENTAL MART HYDR,14.46,,3179.29,Groceries,Nottingham,UK,14.46,debit
2310,2020-07-09,DEB,HOLLAND & BARRETT,4.99,,3193.75,Groceries,Unknown,Unknown,4.99,debit
2311,2020-07-09,BP,SAVE THE CHANGE,0.86,,3198.74,Savings,Nottingham,UK,0.86,debit
2312,2020-07-09,DEB,AMAZON.CO.UK*921DE,16.15,,3199.6,Amazon,Nottingham,UK,16.15,debit
2313,2020-07-09,DEB,AMZNMktplace,10.99,,3215.75,Amazon,Nottingham,UK,10.99,debit
2314,2020-04-09,BP,SAVE THE CHANGE,0.86,,3226.74,Savings,Nottingham,UK,0.86,debit
2315,2020-03-09,DEB,LIDL GB NOTTINGHAM,16.14,,3227.6,Groceries,Nottingham,UK,16.14,debit
2316,2020-03-09,DEB,AMZNMktplace,,5.11,3243.74,Supplementary Income,Nottingham,UK,5.11,credit
2317,2020-03-09,SO,TRISTRAMS LETTINGS,825.0,,3238.63,Home Improvement,Nottingham,UK,825.0,debit
2318,2020-03-09,BP,SAVE THE CHANGE,1.6,,4063.63,Savings,Nottingham,UK,1.6,debit
2319,2020-02-09,DEP,CLUB LLOYDS WAIVED,,3.0,4065.23,Amazon,Nottingham,UK,3.0,credit
2320,2020-02-09,PAY,CLUB LLOYDS FEE,3.0,,4062.23,Bills,Nottingham,UK,3.0,debit
2321,2020-02-09,DEB,AMZNMktplace,31.29,,4065.23,Supplementary Income,Nottingham,UK,31.29,debit
2322,2020-02-09,DEB,AMZNMktplace,5.11,,4096.52,Amazon,Nottingham,UK,5.11,debit
2323,2020-02-09,BP,SAVE THE CHANGE,0.02,,4101.63,Savings,Nottingham,UK,0.02,debit
2324,2020-01-09,Unknown,INTEREST (GROSS),,2.42,4101.65,Interest,Nottingham,UK,2.42,credit
2325,2020-01-09,DEB,AMZNMktplace,43.99,,4099.23,Amazon,Nottingham,UK,43.99,debit
2326,2020-01-09,DEB,AMZNMKTPLACE AMAZO,10.99,,4143.22,Amazon,Nottingham,UK,10.99,debit
2327,2020-01-09,DD,NOTTM CITY COUNC,119.0,,4154.21,Bills,Nottingham,UK,119.0,debit
2328,2020-01-09,DD,THE RENEWABLE ENER,68.52,,4273.21,Bills,Nottingham,UK,68.52,debit
2329,2020-01-09,DD,SEVERN TRENT WATER,25.7,,4341.73,Bills,Nottingham,UK,25.7,debit
2330,2020-01-09,SO,ESAVINGS ACCOUNT,300.0,,4367.43,Savings,Nottingham,UK,300.0,debit
2331,2020-01-09,DEB,Trading212UK,1000.0,,4667.43,Investment,Nottingham,UK,1000.0,debit
2332,2020-08-28,FPO,TAMBA TAM,10.0,,5667.43,Services,Nottingham,UK,10.0,debit
2333,2020-08-28,DD,UCU B ACCOUNT,24.76,,5677.43,Others,Nottingham,UK,24.76,debit
2334,2020-08-28,DD,TALKTALK LIMITED,19.95,,5702.19,Bills,Nottingham,UK,19.95,debit
2335,2020-08-28,DD,UCU B ACCOUNT,10.0,,5722.14,Others,Nottingham,UK,10.0,debit
2336,2020-08-28,BP,SAVE THE CHANGE,0.01,,5732.14,Savings,Nottingham,UK,0.01,debit
2337,2020-08-27,DEB,AMZNMktplace,25.99,,5732.15,Amazon,Nottingham,UK,25.99,debit
2338,2020-08-27,BGC,UNIV OF NOTTINGHAM,,3665.25,5758.14,Paycheck,Nottingham,UK,3665.25,credit
2339,2020-08-26,FPO,ALICJA ALEXANDER,25.0,,2092.89,Services/Home Improvement,Nottingham,UK,25.0,debit
2340,2020-08-25,DEB,LIDL GB NOTTINGHAM,9.0,,2117.89,Groceries,Nottingham,UK,9.0,debit
2341,2020-08-25,BP,SAVE THE CHANGE,0.05,,2126.89,Savings,Nottingham,UK,0.05,debit
2342,2020-08-24,DEB,AMZNMktplace,31.96,,2126.94,Amazon,Nottingham,UK,31.96,debit
2343,2020-08-24,DEB,Audible UK,7.99,,2158.9,Entertainment,Nottingham,UK,7.99,debit
2344,2020-08-24,BP,SAVE THE CHANGE,2.81,,2166.89,Savings,Nottingham,UK,2.81,debit
2345,2020-08-24,DEB,ONEBELOW,11.16,,2169.7,Other Shopping,Unknown,Unknown,11.16,debit
2346,2020-08-24,DEB,ORIENTAL MART HYDR,10.18,,2180.86,Groceries,Nottingham,UK,10.18,debit
2347,2020-08-24,DEB,GREGGS PLC,1.0,,2191.04,Dine Out,Unknown,Unknown,1.0,debit
2348,2020-08-21,DEB,LIDL GB NOTTINGHAM,29.59,,2192.04,Groceries,Nottingham,UK,29.59,debit
2349,2020-08-21,DEB,AMZNMktplace,23.99,,2221.63,Amazon,Nottingham,UK,23.99,debit
2350,2020-08-21,DEB,AMAZON.CO.UK*8L7P1,10.27,,2245.62,Amazon,Nottingham,UK,10.27,debit
2351,2020-08-21,BP,SAVE THE CHANGE,0.26,,2255.89,Savings,Nottingham,UK,0.26,debit
2352,2020-08-20,DEB,AMZNMktplace,12.74,,2256.15,Amazon,Nottingham,UK,12.74,debit
2353,2020-08-20,DEB,NBX*AT1.SPACE,30.0,,2268.89,Fitness,Nottingham,UK,30.0,debit
2354,2020-08-20,BP,SAVE THE CHANGE,0.5,,2298.89,Savings,Nottingham,UK,0.5,debit
2355,2020-08-19,DEB,SUMUP  *THE PLANT,6.5,,2299.39,Uncategorized,Unknown,Unknown,6.5,debit
2356,2020-08-19,BP,SAVE THE CHANGE,0.05,,2305.89,Savings,Nottingham,UK,0.05,debit
2357,2020-08-18,DEB,AMZNMktplace,7.95,,2305.94,Amazon,Nottingham,UK,7.95,debit
2358,2020-08-18,BP,SAVE THE CHANGE,0.32,,2313.89,Savings,Nottingham,UK,0.32,debit
2359,2020-08-17,DEB,CAFFE NERO NOTTING,3.7,,2314.21,Dine Out,Nottingham,UK,3.7,debit
2360,2020-08-17,DEB,WHEELHOUSE,13.98,,2317.91,Dine Out,Nottingham,UK,13.98,debit
2361,2020-08-17,DD,O2,19.44,,2331.89,Other Shopping,Nottingham,UK,19.44,debit
2362,2020-08-17,BP,SAVE THE CHANGE,1.52,,2351.33,Savings,Nottingham,UK,1.52,debit
2363,2020-08-17,DEB,ORIENTAL MART HYDR,5.0,,2352.85,Groceries,Nottingham,UK,5.0,debit
2364,2020-08-17,DEB,HOLLAND & BARRETT,4.0,,2357.85,Groceries,Unknown,Unknown,4.0,debit
2365,2020-08-17,DEB,GREGGS PLC,2.0,,2361.85,Dine Out,Unknown,Unknown,2.0,debit
2366,2020-08-17,DEB,AMZNMktplace,8.28,,2363.85,Amazon,Nottingham,UK,8.28,debit
2367,2020-08-17,DEB,AMAZON.CO.UK*TU7DO,3.47,,2372.13,Amazon,Nottingham,UK,3.47,debit
2368,2020-08-14,DEB,DANCE IN TIME BOUT,5.0,,2375.6,Clothes,Unknown,Unknown,5.0,debit
2369,2020-08-14,DEB,AMZNMKTPLACE AMAZO,74.73,,2380.6,Amazon,Nottingham,UK,74.73,debit
2370,2020-08-14,FPO,ALICJA ALEXANDER,25.0,,2455.33,Services/Home Improvement,Nottingham,UK,25.0,debit
2371,2020-08-14,BP,SAVE THE CHANGE,1.04,,2480.33,Savings,Nottingham,UK,1.04,debit
2372,2020-08-13,DEB,Trading212UK,250.0,,2481.37,Investment,Nottingham,UK,250.0,debit
2373,2020-08-13,DEB,LIDL GB NOTTINGHAM,30.35,,2731.37,Groceries,Nottingham,UK,30.35,debit
2374,2020-08-13,DEB,AMAZON.CO.UK*9S008,6.61,,2761.72,Amazon,Nottingham,UK,6.61,debit
2375,2020-11-08,BP,SAVE THE CHANGE,0.95,,2768.33,Savings,Nottingham,UK,0.95,debit
2376,2020-10-08,DEB,AMZNMktplace,9.05,,2769.28,Amazon,Nottingham,UK,9.05,debit
2377,2020-10-08,BP,SAVE THE CHANGE,1.44,,2778.33,Savings,Nottingham,UK,1.44,debit
2378,2020-10-08,DEB,ORIENTAL MART HYDR,11.49,,2779.77,Groceries,Nottingham,UK,11.49,debit
2379,2020-10-08,DEB,HOLLAND & BARRETT,4.99,,2791.26,Groceries,Unknown,Unknown,4.99,debit
2380,2020-10-08,DEB,STARBUCKS,3.5,,2796.25,Dine Out,Unknown,Unknown,3.5,debit
2381,2020-10-08,DEB,AMZNMKTPLACE AMAZO,49.96,,2799.75,Amazon,Nottingham,UK,49.96,debit
2382,2020-10-08,DEB,GHOUSIA FOODS,14.62,,2849.71,Groceries,Nottingham,UK,14.62,debit
2383,2020-07-08,CPT,LNK PO MIDDLETONBO,40.0,,2864.33,Cash,Middleton,UK,40.0,debit
2384,2020-07-08,DEB,DANCE IN TIME BOUT,5.0,,2904.33,Clothes,Unknown,Unknown,5.0,debit
2385,2020-05-08,DEB,AMZ*momox co uk,,14.63,2909.33,Supplementary Income,Nottingham,UK,14.63,credit
2386,2020-04-08,DEP,CLUB LLOYDS WAIVED,,3.0,2894.7,Supplementary Income,Nottingham,UK,3.0,credit
2387,2020-04-08,PAY,CLUB LLOYDS FEE,3.0,,2891.7,Bills,Nottingham,UK,3.0,debit
2388,2020-04-08,BP,SAVE THE CHANGE,0.15,,2894.7,Savings,Nottingham,UK,0.15,debit
2389,2020-03-08,Unknown,INTEREST (GROSS),,2.25,2894.85,Interest,Nottingham,UK,2.25,credit
2390,2020-03-08,DEB,COSTA COFFEE 43038,2.85,,2892.6,Dine Out,Unknown,Unknown,2.85,debit
2391,2020-03-08,FPO,TAMBA TAM,10.0,,2895.45,Services,Nottingham,UK,10.0,debit
2392,2020-03-08,DD,NOTTM CITY COUNC,119.0,,2905.45,Bills,Nottingham,UK,119.0,debit
2393,2020-03-08,DD,SEVERN TRENT WATER,25.7,,3024.45,Bills,Nottingham,UK,25.7,debit
2394,2020-03-08,SO,TRISTRAMS LETTINGS,825.0,,3050.15,Home Improvement,Nottingham,UK,825.0,debit
2395,2020-03-08,SO,ESAVINGS ACCOUNT,300.0,,3875.15,Savings,Nottingham,UK,300.0,debit
2396,2020-03-08,BP,SAVE THE CHANGE,1.16,,4175.15,Savings,Nottingham,UK,1.16,debit
2397,2020-03-08,DEB,GHOUSIA FOODS,8.53,,4176.31,Groceries,Nottingham,UK,8.53,debit
2398,2020-03-08,DEB,ORIENTAL MART HYDR,5.94,,4184.84,Groceries,Nottingham,UK,5.94,debit
2399,2020-03-08,DEB,HOLLAND & BARRETT,4.99,,4190.78,Groceries,Unknown,Unknown,4.99,debit
2400,2020-03-08,DEB,Trading212UK,1000.0,,4195.77,Investment,Nottingham,UK,1000.0,debit
2401,2020-03-08,DEB,AMZNMktplace,19.99,,5195.77,Amazon,Nottingham,UK,19.99,debit
2402,2020-03-08,DEB,AMAZON.CO.UK AMAZO,,3.47,5215.76,Supplementary Income,Nottingham,UK,3.47,credit
2403,2020-07-31,DEB,LIDL GB NOTTINGHAM,21.39,,5212.29,Groceries,Nottingham,UK,21.39,debit
2404,2020-07-31,DD,UCU B ACCOUNT,24.76,,5233.68,Others,Nottingham,UK,24.76,debit
2405,2020-07-31,BP,SAVE THE CHANGE,0.5,,5258.44,Savings,Nottingham,UK,0.5,debit
2406,2020-07-30,DEB,Amazon.co.uk*7C4AV,4.5,,5258.94,Amazon,Nottingham,UK,4.5,debit
2407,2020-07-30,DD,THE RENEWABLE ENER,23.25,,5263.44,Bills,Nottingham,UK,23.25,debit
2408,2020-07-30,BGC,UNIV OF NOTTINGHAM,,3924.85,5286.69,Paycheck,Nottingham,UK,3924.85,credit
2409,2020-07-29,FPO,ALICJA ALEXANDER,25.0,,1361.84,Services/Home Improvement,Nottingham,UK,25.0,debit
2410,2020-07-29,BP,SAVE THE CHANGE,0.18,,1386.84,Savings,Nottingham,UK,0.18,debit
2411,2020-07-28,DEB,AMZNMktplace,10.82,,1387.02,Amazon,Nottingham,UK,10.82,debit
2412,2020-07-28,BP,SAVE THE CHANGE,0.21,,1397.84,Savings,Nottingham,UK,0.21,debit
2413,2020-07-27,DEB,AMZNMktplace,12.79,,1398.05,Amazon,Nottingham,UK,12.79,debit
2414,2020-07-27,FPO,ROTHERAS SOLICITOR,350.0,,1410.84,Services,Nottingham,UK,350.0,debit
2415,2020-07-27,DD,TALKTALK LIMITED,19.95,,1760.84,Bills,Nottingham,UK,19.95,debit
2416,2020-07-27,BP,SAVE THE CHANGE,1.11,,1780.79,Savings,Nottingham,UK,1.11,debit
2417,2020-07-27,DEB,ORIENTAL MART HYDR,6.85,,1781.9,Groceries,Nottingham,UK,6.85,debit
2418,2020-07-27,DEB,CAFFE NERO 650 NOT,3.05,,1788.75,Dine Out,Nottingham,UK,3.05,debit
2419,2020-07-24,DEB,Audible UK,7.99,,1791.8,Entertainment,Nottingham,UK,7.99,debit
2420,2020-07-24,BP,SAVE THE CHANGE,0.04,,1799.79,Savings,Nottingham,UK,0.04,debit
2421,2020-07-23,DEB,AMZNMktplace,44.98,,1799.83,Amazon,Nottingham,UK,44.98,debit
2422,2020-07-23,DEB,AMZNMktplace,23.98,,1844.81,Amazon,Nottingham,UK,23.98,debit
2423,2020-07-22,BP,SAVE THE CHANGE,0.62,,1868.79,Savings,Nottingham,UK,0.62,debit
2424,2020-07-21,DEB,CO-OP GROUP 010661,22.38,,1869.41,Groceries,Unknown,Unknown,22.38,debit
2425,2020-07-21,BP,SAVE THE CHANGE,0.97,,1891.79,Savings,Nottingham,UK,0.97,debit
2426,2020-07-20,DEB,AMZNMKTPLACE AMAZO,18.99,,1892.76,Amazon,Nottingham,UK,18.99,debit
2427,2020-07-20,DEB,AMZNMktplace,13.99,,1911.75,Amazon,Nottingham,UK,13.99,debit
2428,2020-07-20,DEB,CAFFE NERO 650 NOT,3.05,,1925.74,Dine Out,Nottingham,UK,3.05,debit
2429,2020-07-20,BP,SAVE THE CHANGE,1.49,,1928.79,Savings,Nottingham,UK,1.49,debit
2430,2020-07-20,DEB,ORIENTAL MART HYDR,8.9,,1930.28,Groceries,Nottingham,UK,8.9,debit
2431,2020-07-20,DEB,HOLLAND & BARRETT,6.49,,1939.18,Groceries,Unknown,Unknown,6.49,debit
2432,2020-07-20,DEB,AMZNMktplace,45.49,,1945.67,Amazon,Nottingham,UK,45.49,debit
2433,2020-07-17,DEB,AMZNMktplace,25.93,,1991.16,Amazon,Nottingham,UK,25.93,debit
2434,2020-07-17,DEB,GHOUSIA FOODS,18.7,,2017.09,Groceries,Nottingham,UK,18.7,debit
2435,2020-07-17,BP,SAVE THE CHANGE,1.11,,2035.79,Savings,Nottingham,UK,1.11,debit
2436,2020-07-16,DEB,AMZNMktplace,22.62,,2036.9,Amazon,Nottingham,UK,22.62,debit
2437,2020-07-16,DEB,GHOUSIA FOODS,21.27,,2059.52,Groceries,Nottingham,UK,21.27,debit
2438,2020-07-16,DD,O2,16.44,,2080.79,Other Shopping,Nottingham,UK,16.44,debit
2439,2020-07-15,FPO,ALICJA ALEXANDER,25.0,,2097.23,Services/Home Improvement,Nottingham,UK,25.0,debit
2440,2020-07-15,BP,SAVE THE CHANGE,1.2,,2122.23,Savings,Nottingham,UK,1.2,debit
2441,2020-07-14,DEB,Amazon.co.uk*K27LK,32.15,,2123.43,Amazon,Nottingham,UK,32.15,debit
2442,2020-07-14,DEB,LIDL GB NOTTINGHAM,7.65,,2155.58,Groceries,Nottingham,UK,7.65,debit
2443,2020-07-14,BP,SAVE THE CHANGE,0.01,,2163.23,Savings,Nottingham,UK,0.01,debit
2444,2020-07-13,DEB,AMZNMKTPLACE AMAZO,17.99,,2163.24,Amazon,Nottingham,UK,17.99,debit
2445,2020-07-13,BP,SAVE THE CHANGE,0.92,,2181.23,Savings,Nottingham,UK,0.92,debit
2446,2020-07-13,DEB,Audible UK,18.0,,2182.15,Entertainment,Nottingham,UK,18.0,debit
2447,2020-07-13,DEB,ORIENTAL MART HYDR,10.95,,2200.15,Groceries,Nottingham,UK,10.95,debit
2448,2020-07-13,DEB,GREGGS PLC,2.0,,2211.1,Dine Out,Unknown,Unknown,2.0,debit
2449,2020-07-13,DEB,LIDL GB NOTTINGHAM,15.14,,2213.1,Groceries,Nottingham,UK,15.14,debit
2450,2020-07-13,DEB,AMAZON.CO.UK*HR2BI,12.99,,2228.24,Amazon,Nottingham,UK,12.99,debit
2451,2020-09-07,FPO,SALLY GOLDSTONE,321.0,,2241.23,Others,Nottingham,UK,321.0,debit
2452,2020-09-07,BP,SAVE THE CHANGE,0.07,,2562.23,Savings,Nottingham,UK,0.07,debit
2453,2020-08-07,DEB,LIDL GB NOTTINGHAM,14.93,,2562.3,Groceries,Nottingham,UK,14.93,debit
2454,2020-07-07,BP,SAVE THE CHANGE,0.47,,2577.23,Savings,Nottingham,UK,0.47,debit
2455,2020-06-07,DEB,DISNEY STORE NOTTI,13.0,,2577.7,Other Shopping,Nottingham,UK,13.0,debit
2456,2020-06-07,DEB,ONEBELOW,7.53,,2590.7,Other Shopping,Unknown,Unknown,7.53,debit
2457,2020-06-07,DEB,GREGGS PLC,2.0,,2598.23,Dine Out,Unknown,Unknown,2.0,debit
2458,2020-06-07,BP,SAVE THE CHANGE,1.07,,2600.23,Savings,Nottingham,UK,1.07,debit
2459,2020-06-07,DEB,STARBUCKS,3.55,,2601.3,Dine Out,Unknown,Unknown,3.55,debit
2460,2020-03-07,DEB,AMZNMktplace,31.97,,2604.85,Amazon,Nottingham,UK,31.97,debit
2461,2020-03-07,DEB,LIDL GB NOTTINGHAM,20.62,,2636.82,Groceries,Nottingham,UK,20.62,debit
2462,2020-03-07,DEB,AMZNMktplace,16.79,,2657.44,Amazon,Nottingham,UK,16.79,debit
2463,2020-03-07,SO,TRISTRAMS LETTINGS,825.0,,2674.23,Home Improvement,Nottingham,UK,825.0,debit
2464,2020-02-07,DEP,CLUB LLOYDS WAIVED,,3.0,3499.23,Supplementary Income,Nottingham,UK,3.0,credit
2465,2020-02-07,PAY,CLUB LLOYDS FEE,3.0,,3496.23,Bills,Nottingham,UK,3.0,debit
2466,2020-02-07,DEB,Trading212UK,1000.0,,3499.23,Investment,Nottingham,UK,1000.0,debit
2467,2020-02-07,BP,SAVE THE CHANGE,0.01,,4499.23,Savings,Nottingham,UK,0.01,debit
2468,2020-01-07,Unknown,INTEREST (GROSS),,1.58,4499.24,Interest,Nottingham,UK,1.58,credit
2469,2020-01-07,DEB,Trading212UK,6000.0,,4497.66,Investment,Nottingham,UK,6000.0,debit
2470,2020-01-07,DEB,AMZNMKTPLACE AMAZO,17.99,,10497.66,Amazon,Nottingham,UK,17.99,debit
2471,2020-01-07,FPO,ALICJA ALEXANDER,25.0,,10515.65,Services/Home Improvement,Nottingham,UK,25.0,debit
2472,2020-01-07,DD,NOTTM CITY COUNC,119.0,,10540.65,Bills,Nottingham,UK,119.0,debit
2473,2020-01-07,DD,SEVERN TRENT WATER,25.7,,10659.65,Bills,Nottingham,UK,25.7,debit
2474,2020-01-07,SO,ESAVINGS ACCOUNT,300.0,,10685.35,Savings,Nottingham,UK,300.0,debit
2475,2020-01-07,BP,SAVE THE CHANGE,0.68,,10985.35,Savings,Nottingham,UK,0.68,debit
2476,2020-06-30,DEB,Amazon.co.uk*7R62C,5.32,,10986.03,Amazon,Nottingham,UK,5.32,debit
2477,2020-06-30,DD,UCU B ACCOUNT,24.76,,10991.35,Others,Nottingham,UK,24.76,debit
2478,2020-06-29,DD,THE RENEWABLE ENER,88.54,,11016.11,Bills,Nottingham,UK,88.54,debit
2479,2020-06-29,BP,SAVE THE CHANGE,1.52,,11104.65,Savings,Nottingham,UK,1.52,debit
2480,2020-06-29,BGC,UNIV OF NOTTINGHAM,,9996.45,11106.17,Paycheck,Nottingham,UK,9996.45,credit
2481,2020-06-29,DEB,ONEBELOW,13.27,,1109.72,Other Shopping,Unknown,Unknown,13.27,debit
2482,2020-06-29,DEB,HOLLAND & BARRETT,9.67,,1122.99,Groceries,Unknown,Unknown,9.67,debit
2483,2020-06-29,DEB,ORIENTAL MART HYDR,2.6,,1132.66,Groceries,Nottingham,UK,2.6,debit
2484,2020-06-29,DEB,GREGGS PLC,2.0,,1135.26,Dine Out,Unknown,Unknown,2.0,debit
2485,2020-06-26,DEB,LIDL GB NOTTINGHAM,19.94,,1137.26,Groceries,Nottingham,UK,19.94,debit
2486,2020-06-26,DD,TALKTALK LIMITED,11.85,,1157.2,Bills,Nottingham,UK,11.85,debit
2487,2020-06-26,BP,SAVE THE CHANGE,0.91,,1169.05,Savings,Nottingham,UK,0.91,debit
2488,2020-06-25,DEB,GHOUSIA FOODS,22.09,,1169.96,Groceries,Nottingham,UK,22.09,debit
2489,2020-06-25,BP,SAVE THE CHANGE,0.01,,1192.05,Savings,Nottingham,UK,0.01,debit
2490,2020-06-24,DEB,Audible UK,7.99,,1192.06,Entertainment,Nottingham,UK,7.99,debit
2491,2020-06-24,BP,SAVE THE CHANGE,0.05,,1200.05,Savings,Nottingham,UK,0.05,debit
2492,2020-06-24,BGC,GOOGLE IRELAND,,65.41,1200.1,Supplementary Income,Nottingham,UK,65.41,credit
2493,2020-06-23,DEB,Amazon.co.uk*UK1KA,9.95,,1134.69,Amazon,Nottingham,UK,9.95,debit
2494,2020-06-23,BP,SAVE THE CHANGE,0.61,,1144.64,Savings,Nottingham,UK,0.61,debit
2495,2020-06-22,DEB,LIDL GB NOTTINGHAM,12.39,,1145.25,Groceries,Nottingham,UK,12.39,debit
2496,2020-06-22,DEB,GREGGS PLC,3.0,,1157.64,Dine Out,Unknown,Unknown,3.0,debit
2497,2020-06-22,BP,SAVE THE CHANGE,0.54,,1160.64,Savings,Nottingham,UK,0.54,debit
2498,2020-06-22,DEB,T K MAXX,18.97,,1161.18,Other Shopping,Unknown,Unknown,18.97,debit
2499,2020-06-22,CPT,LNK INTU VICTORIA,40.0,,1180.15,Cash,Nottingham,UK,40.0,debit
2500,2020-06-19,FPO,ALICJA ALEXANDER,25.0,,1220.15,Services/Home Improvement,Nottingham,UK,25.0,debit
2501,2020-06-19,DEB,AMZNMktplace,9.49,,1245.15,Amazon,Nottingham,UK,9.49,debit
2502,2020-06-19,BP,SAVE THE CHANGE,0.49,,1254.64,Savings,Nottingham,UK,0.49,debit
2503,2020-06-18,DEB,LIDL GB NOTTINGHAM,10.51,,1255.13,Groceries,Nottingham,UK,10.51,debit
2504,2020-06-18,BP,SAVE THE CHANGE,1.22,,1265.64,Savings,Nottingham,UK,1.22,debit
2505,2020-06-17,DEB,GHOUSIA FOODS,18.68,,1266.86,Groceries,Nottingham,UK,18.68,debit
2506,2020-06-17,DEB,CO-OP GROUP 010661,11.1,,1285.54,Groceries,Unknown,Unknown,11.1,debit
2507,2020-06-16,DD,O2,16.44,,1296.64,Other Shopping,Nottingham,UK,16.44,debit
2508,2020-06-16,BP,SAVE THE CHANGE,0.15,,1313.08,Savings,Nottingham,UK,0.15,debit
2509,2020-06-15,FPO,SALLY GOLDSTONE,155.0,,1313.23,Others,Nottingham,UK,155.0,debit
2510,2020-06-15,DEB,AMZNMktplace,64.85,,1468.23,Amazon,Nottingham,UK,64.85,debit
2511,2020-06-15,BP,SAVE THE CHANGE,1.47,,1533.08,Savings,Nottingham,UK,1.47,debit
2512,2020-06-15,DEB,LIDL GB NOTTINGHAM,26.18,,1534.55,Groceries,Nottingham,UK,26.18,debit
2513,2020-12-06,DEB,Amazon.co.uk*OS1EB,10.99,,1560.73,Amazon,Nottingham,UK,10.99,debit
2514,2020-12-06,DEB,AMAZON.CO.UK*Z401P,14.36,,1571.72,Amazon,Nottingham,UK,14.36,debit
2515,2020-11-06,BP,SAVE THE CHANGE,0.36,,1586.08,Savings,Nottingham,UK,0.36,debit
2516,2020-10-06,DEB,GHOUSIA FOODS,13.64,,1586.44,Groceries,Nottingham,UK,13.64,debit
2517,2020-10-06,BP,SAVE THE CHANGE,1.11,,1600.08,Savings,Nottingham,UK,1.11,debit
2518,2020-09-06,Unknown,INTEREST (GROSS),,3.17,1601.19,Interest,Nottingham,UK,3.17,credit
2519,2020-09-06,DEB,AMZNMktplace,177.87,,1598.02,Amazon,Nottingham,UK,177.87,debit
2520,2020-09-06,DEB,AMZNMKTPLACE AMAZO,3.02,,1775.89,Amazon,Nottingham,UK,3.02,debit
2521,2020-08-06,BP,SAVE THE CHANGE,1.14,,1778.91,Savings,Nottingham,UK,1.14,debit
2522,2020-08-06,DEB,ORIENTAL MART HYDR,26.23,,1780.05,Groceries,Nottingham,UK,26.23,debit
2523,2020-08-06,DEB,LIDL GB NOTTINGHAM,24.63,,1806.28,Groceries,Nottingham,UK,24.63,debit
2524,2020-05-06,DEB,Trading212UK,520.0,,1830.91,Investment,Nottingham,UK,520.0,debit
2525,2020-05-06,BGC,INFORMA UK LTD,,75.0,2350.91,Supplementary Income,Nottingham,UK,75.0,credit
2526,2020-04-06,DEB,FARM FRESH NOTTING,18.0,,2275.91,Dine Out,Nottingham,UK,18.0,debit
2527,2020-04-06,BP,SAVE THE CHANGE,0.64,,2293.91,Savings,Nottingham,UK,0.64,debit
2528,2020-03-06,DEB,Trading212UK,320.0,,2294.55,Investment,Nottingham,UK,320.0,debit
2529,2020-03-06,DEB,GHOUSIA FOODS,29.36,,2614.55,Groceries,Nottingham,UK,29.36,debit
2530,2020-03-06,SO,TRISTRAMS LETTINGS,825.0,,2643.91,Home Improvement,Nottingham,UK,825.0,debit
2531,2020-03-06,BP,SAVE THE CHANGE,0.01,,3468.91,Savings,Nottingham,UK,0.01,debit
2532,2020-02-06,DEP,CLUB LLOYDS WAIVED,,3.0,3468.92,Supplementary Income,Nottingham,UK,3.0,credit
2533,2020-02-06,PAY,CLUB LLOYDS FEE,3.0,,3465.92,Bills,Nottingham,UK,3.0,debit
2534,2020-02-06,DEB,Trading212UK,1000.0,,3468.92,Investment,Nottingham,UK,1000.0,debit
2535,2020-02-06,DEB,AMZNMktplace,15.99,,4468.92,Amazon,Nottingham,UK,15.99,debit
2536,2020-02-06,FPO,ALICJA ALEXANDER,25.0,,4484.91,Services/Home Improvement,Nottingham,UK,25.0,debit
2537,2020-01-06,DD,NOTTM CITY COUNC,119.0,,4509.91,Bills,Nottingham,UK,119.0,debit
2538,2020-01-06,DD,THE RENEWABLE ENER,29.55,,4628.91,Bills,Nottingham,UK,29.55,debit
2539,2020-01-06,DD,SEVERN TRENT WATER,25.77,,4658.46,Bills,Nottingham,UK,25.77,debit
2540,2020-01-06,SO,ESAVINGS ACCOUNT,300.0,,4684.23,Savings,Nottingham,UK,300.0,debit
2541,2020-01-06,BP,SAVE THE CHANGE,2.41,,4984.23,Savings,Nottingham,UK,2.41,debit
2542,2020-05-29,DEB,Trading212UK,1000.0,,4986.64,Investment,Nottingham,UK,1000.0,debit
2543,2020-05-29,DEB,LIDL GB NOTTINGHAM,23.31,,5986.64,Groceries,Nottingham,UK,23.31,debit
2544,2020-05-29,DEB,AMZNMKTPLACE AMAZO,20.08,,6009.95,Amazon,Nottingham,UK,20.08,debit
2545,2020-05-29,DEB,AMAZON.CO.UK*BZ9XP,9.2,,6030.03,Amazon,Nottingham,UK,9.2,debit
2546,2020-05-29,DD,UCU B ACCOUNT,24.76,,6039.23,Others,Nottingham,UK,24.76,debit
2547,2020-05-28,BP,SAVE THE CHANGE,1.29,,6063.99,Savings,Nottingham,UK,1.29,debit
2548,2020-05-28,BGC,UNIV OF NOTTINGHAM,,3578.45,6065.28,Paycheck,Nottingham,UK,3578.45,credit
2549,2020-05-27,DEB,AMZN Mktp US*M74TR,10.56,,2486.83,Amazon,Nottingham,UK,10.56,debit
2550,2020-05-27,DEB,CO-OP GROUP 010661,7.65,,2497.39,Groceries,Unknown,Unknown,7.65,debit
2551,2020-05-27,DEB,Amazon.co.uk*EE5SK,2.5,,2505.04,Amazon,Nottingham,UK,2.5,debit
2552,2020-05-26,BP,SAVE THE CHANGE,1.23,,2507.54,Savings,Nottingham,UK,1.23,debit
2553,2020-05-26,DEB,CO-OP GROUP 010661,14.25,,2508.77,Groceries,Unknown,Unknown,14.25,debit
2554,2020-05-26,DEB,Audible UK,7.99,,2523.02,Entertainment,Nottingham,UK,7.99,debit
2555,2020-05-26,DEB,GHOUSIA FOODS,13.53,,2531.01,Groceries,Nottingham,UK,13.53,debit
2556,2020-05-22,FPO,SALLY GOLDSTONE,45.0,,2544.54,Others,Nottingham,UK,45.0,debit
2557,2020-05-22,BP,SAVE THE CHANGE,0.1,,2589.54,Savings,Nottingham,UK,0.1,debit
2558,2020-05-21,DEB,AMZNMKTPLACE AMAZO,14.9,,2589.64,Amazon,Nottingham,UK,14.9,debit
2559,2020-05-21,FPO,ALICJA ALEXANDER,25.0,,2604.54,Services/Home Improvement,Nottingham,UK,25.0,debit
2560,2020-05-19,DEB,Trading212UK,500.0,,2629.54,Investment,Nottingham,UK,500.0,debit
2561,2020-05-19,BP,SAVE THE CHANGE,0.34,,3129.54,Savings,Nottingham,UK,0.34,debit
2562,2020-05-18,DEB,HOLLAND & BARRETT,21.66,,3129.88,Groceries,Unknown,Unknown,21.66,debit
2563,2020-05-18,DD,O2,16.44,,3151.54,Other Shopping,Nottingham,UK,16.44,debit
2564,2020-05-18,BP,SAVE THE CHANGE,0.41,,3167.98,Savings,Nottingham,UK,0.41,debit
2565,2020-05-18,DEB,ORIENTAL MART HYDR,19.84,,3168.39,Groceries,Nottingham,UK,19.84,debit
2566,2020-05-18,DEB,Amazon.co.uk*W52CT,10.75,,3188.23,Amazon,Nottingham,UK,10.75,debit
2567,2020-05-18,CPT,LOYD LOYD LOWER PA,40.0,,3198.98,Cash,Nottingham,UK,40.0,debit
2568,2020-05-15,DEB,AMZNMKTPLACE AMAZO,,12.14,3238.98,Supplementary Income,Nottingham,UK,12.14,credit
2569,2020-05-15,BP,SAVE THE CHANGE,1.51,,3226.84,Savings,Nottingham,UK,1.51,debit
2570,2020-05-14,DEB,AMZN Mktp US*MC8CK,25.35,,3228.35,Amazon,Nottingham,UK,25.35,debit
2571,2020-05-14,DEB,AMZNMKTPLACE AMAZO,12.14,,3253.7,Amazon,Nottingham,UK,12.14,debit
2572,2020-05-14,BP,SAVE THE CHANGE,0.42,,3265.84,Savings,Nottingham,UK,0.42,debit
2573,2020-05-13,DEB,CO-OP GROUP 010661,12.58,,3266.26,Groceries,Unknown,Unknown,12.58,debit
2574,2020-05-13,DEB,Trading212UK,500.0,,3278.84,Investment,Nottingham,UK,500.0,debit
2575,2020-11-05,BP,SAVE THE CHANGE,1.56,,3778.84,Savings,Nottingham,UK,1.56,debit
2576,2020-11-05,DEB,AMAZON.CO.UK AMAZO,,23.96,3780.4,Supplementary Income,Nottingham,UK,23.96,credit
2577,2020-11-05,DEB,AMZ*Amazon.co.uk,,23.96,3756.44,Supplementary Income,Nottingham,UK,23.96,credit
2578,2020-11-05,DEB,AMZNMktplace,68.46,,3732.48,Amazon,Nottingham,UK,68.46,debit
2579,2020-11-05,DEB,GHOUSIA FOODS,39.03,,3800.94,Groceries,Nottingham,UK,39.03,debit
2580,2020-11-05,DEB,AMZNMktplace,7.95,,3839.97,Amazon,Nottingham,UK,7.95,debit
2581,2020-07-05,BP,SAVE THE CHANGE,0.67,,3847.92,Savings,Nottingham,UK,0.67,debit
2582,2020-06-05,DEB,AMZNMKTPLACE AMAZO,23.71,,3848.59,Amazon,Nottingham,UK,23.71,debit
2583,2020-06-05,DEB,LIDL GB NOTTINGHAM,22.62,,3872.3,Groceries,Nottingham,UK,22.62,debit
2584,2020-06-05,DEB,AMAZON.CO.UK*WS0FS,15.0,,3894.92,Amazon,Nottingham,UK,15.0,debit
2585,2020-05-05,FPO,ALICJA ALEXANDER,25.0,,3909.92,Services/Home Improvement,Nottingham,UK,25.0,debit
2586,2020-05-05,BP,SAVE THE CHANGE,0.06,,3934.92,Savings,Nottingham,UK,0.06,debit
2587,2020-04-05,DEP,CLUB LLOYDS WAIVED,,3.0,3934.98,Amazon,Nottingham,UK,3.0,credit
2588,2020-04-05,PAY,CLUB LLOYDS FEE,3.0,,3931.98,Bills,Nottingham,UK,3.0,debit
2589,2020-04-05,DEB,AMZNMKTPLACE AMAZO,23.94,,3934.98,Supplementary Income,Nottingham,UK,23.94,debit
2590,2020-04-05,SO,TRISTRAMS LETTINGS,825.0,,3958.92,Home Improvement,Nottingham,UK,825.0,debit
2591,2020-04-05,BP,SAVE THE CHANGE,2.07,,4783.92,Savings,Nottingham,UK,2.07,debit
2592,2020-04-05,DEB,AMZNMktplace,7.57,,4785.99,Amazon,Nottingham,UK,7.57,debit
2593,2020-04-05,DEB,AMZNMKTPLACE AMAZO,14.45,,4793.56,Amazon,Nottingham,UK,14.45,debit
2594,2020-04-05,DEB,AMZNMKTPLACE AMAZO,2.82,,4808.01,Amazon,Nottingham,UK,2.82,debit
2595,2020-04-05,DEB,AMZNMKTPLACE AMAZO,14.1,,4810.83,Amazon,Nottingham,UK,14.1,debit
2596,2020-04-05,DEB,AMZNMKTPLACE AMAZO,12.99,,4824.93,Amazon,Nottingham,UK,12.99,debit
2597,2020-01-05,Unknown,INTEREST (GROSS),,3.36,4837.92,Interest,Nottingham,UK,3.36,credit
2598,2020-01-05,DEB,Trading212UK,1000.0,,4834.56,Investment,Nottingham,UK,1000.0,debit
2599,2020-01-05,DD,NOTTM CITY COUNC,119.0,,5834.56,Bills,Nottingham,UK,119.0,debit
2600,2020-01-05,DD,SEVERN TRENT WATER,15.37,,5953.56,Bills,Nottingham,UK,15.37,debit
2601,2020-01-05,SO,ESAVINGS ACCOUNT,300.0,,5968.93,Savings,Nottingham,UK,300.0,debit
2602,2020-04-30,DD,UCU B ACCOUNT,24.76,,6268.93,Others,Nottingham,UK,24.76,debit
2603,2020-04-29,BP,SAVE THE CHANGE,0.01,,6293.69,Savings,Nottingham,UK,0.01,debit
2604,2020-04-29,BGC,UNIV OF NOTTINGHAM,,3578.85,6293.7,Paycheck,Nottingham,UK,3578.85,credit
2605,2020-04-28,DEB,AMZNMktplace,26.99,,2714.85,Amazon,Nottingham,UK,26.99,debit
2606,2020-04-28,BP,SAVE THE CHANGE,0.05,,2741.84,Savings,Nottingham,UK,0.05,debit
2607,2020-04-27,DEB,LIDL GB NOTTINGHAM,18.95,,2741.89,Groceries,Nottingham,UK,18.95,debit
2608,2020-04-27,BP,SAVE THE CHANGE,0.01,,2760.84,Savings,Nottingham,UK,0.01,debit
2609,2020-04-27,DEB,WWW.III.CO.UK DE,40.0,,2760.85,Investment,Nottingham,UK,40.0,debit
2610,2020-04-24,DEB,AMAZON.CO.UK*PR1TB,79.0,,2800.85,Amazon,Nottingham,UK,79.0,debit
2611,2020-04-24,DEB,Audible UK,7.99,,2879.85,Entertainment,Nottingham,UK,7.99,debit
2612,2020-04-23,FPO,ALICJA ALEXANDER,25.0,,2887.84,Services/Home Improvement,Nottingham,UK,25.0,debit
2613,2020-04-23,BP,SAVE THE CHANGE,0.04,,2912.84,Savings,Nottingham,UK,0.04,debit
2614,2020-04-22,DEB,Amazon.co.uk*SE9IM,23.96,,2912.88,Amazon,Nottingham,UK,23.96,debit
2615,2020-04-22,BP,SAVE THE CHANGE,0.7,,2936.84,Savings,Nottingham,UK,0.7,debit
2616,2020-04-21,DEB,LIDL GB NOTTINGHAM,25.3,,2937.54,Groceries,Nottingham,UK,25.3,debit
2617,2020-04-20,BP,SAVE THE CHANGE,1.33,,2962.84,Savings,Nottingham,UK,1.33,debit
2618,2020-04-20,DEB,GHOUSIA FOODS,22.69,,2964.17,Groceries,Nottingham,UK,22.69,debit
2619,2020-04-20,DEB,ECOTRICITY,126.81,,2986.86,Home Improvement,Nottingham,UK,126.81,debit
2620,2020-04-20,DEB,AMZNMKTPLACE AMAZO,3.58,,3113.67,Amazon,Nottingham,UK,3.58,debit
2621,2020-04-17,DEB,AMZNMKTPLACE AMAZO,2.59,,3117.25,Amazon,Nottingham,UK,2.59,debit
2622,2020-04-17,BP,SAVE THE CHANGE,0.75,,3119.84,Savings,Nottingham,UK,0.75,debit
2623,2020-04-16,DEB,AMZNMKTPLACE AMAZO,61.25,,3120.59,Amazon,Nottingham,UK,61.25,debit
2624,2020-04-16,DD,O2,19.59,,3181.84,Other Shopping,Nottingham,UK,19.59,debit
2625,2020-04-16,BP,SAVE THE CHANGE,0.82,,3201.43,Savings,Nottingham,UK,0.82,debit
2626,2020-04-15,DEB,WWW.SO.ENERGY,199.56,,3202.25,Bills,Nottingham,UK,199.56,debit
2627,2020-04-15,DEB,AMZNMKTPLACE AMAZO,25.0,,3401.81,Amazon,Nottingham,UK,25.0,debit
2628,2020-04-15,DEB,LIDL GB NOTTINGHAM,18.62,,3426.81,Groceries,Nottingham,UK,18.62,debit
2629,2020-04-14,DD,VIRGIN MEDIA PYMTS,14.43,,3445.43,Bills,Nottingham,UK,14.43,debit
2630,2020-04-14,BP,SAVE THE CHANGE,1.63,,3459.86,Savings,Nottingham,UK,1.63,debit
2631,2020-04-14,DEB,AMAZON.CO.UK*7V4G4,38.32,,3461.49,Amazon,Nottingham,UK,38.32,debit
2632,2020-04-14,DEB,Audible UK,8.2,,3499.81,Entertainment,Nottingham,UK,8.2,debit
2633,2020-04-14,DEB,WWW.III.CO.UK DE,1000.0,,3508.01,Investment,Nottingham,UK,1000.0,debit
2634,2020-04-14,DEB,WWW.III.CO.UK DE,500.0,,4508.01,Investment,Nottingham,UK,500.0,debit
2635,2020-09-04,DEB,WWW.III.CO.UK DE,1000.0,,5008.01,Investment,Nottingham,UK,1000.0,debit
2636,2020-09-04,DEB,LIDL GB NOTTINGHAM,26.85,,6008.01,Groceries,Nottingham,UK,26.85,debit
2637,2020-09-04,BP,SAVE THE CHANGE,0.36,,6034.86,Savings,Nottingham,UK,0.36,debit
2638,2020-08-04,DEB,WWW.III.CO.UK DE,2000.0,,6035.22,Investment,Nottingham,UK,2000.0,debit
2639,2020-08-04,DEB,AMZNMktplace,26.72,,8035.22,Amazon,Nottingham,UK,26.72,debit
2640,2020-08-04,DEB,AMZNMktplace,25.92,,8061.94,Amazon,Nottingham,UK,25.92,debit
2641,2020-07-04,FPO,ALICJA ALEXANDER,25.0,,8087.86,Services/Home Improvement,Nottingham,UK,25.0,debit
2642,2020-07-04,BP,SAVE THE CHANGE,0.05,,8112.86,Savings,Nottingham,UK,0.05,debit
2643,2020-06-04,DEB,GHOUSIA FOODS,30.95,,8112.91,Groceries,Nottingham,UK,30.95,debit
2644,2020-06-04,BP,SAVE THE CHANGE,2.4,,8143.86,Savings,Nottingham,UK,2.4,debit
2645,2020-06-04,DEB,AMAZON.CO.UK*6Z8T6,25.76,,8146.26,Amazon,Nottingham,UK,25.76,debit
2646,2020-06-04,DEB,AMZNMKTPLACE AMAZO,11.15,,8172.02,Amazon,Nottingham,UK,11.15,debit
2647,2020-06-04,CPT,LNK UNIVERSITY PAR,40.0,,8183.17,Cash,Nottingham,UK,40.0,debit
2648,2020-06-04,DEB,AMZNMKTPLACE AMAZO,30.25,,8223.17,Amazon,Nottingham,UK,30.25,debit
2649,2020-06-04,DEB,LIDL GB NOTTINGHAM,25.44,,8253.42,Groceries,Nottingham,UK,25.44,debit
2650,2020-03-04,SO,TRISTRAMS LETTINGS,825.0,,8278.86,Home Improvement,Nottingham,UK,825.0,debit
2651,2020-02-04,DEP,CLUB LLOYDS WAIVED,,3.0,9103.86,Supplementary Income,Nottingham,UK,3.0,credit
2652,2020-02-04,PAY,CLUB LLOYDS FEE,3.0,,9100.86,Bills,Nottingham,UK,3.0,debit
2653,2020-02-04,BP,SAVE THE CHANGE,0.01,,9103.86,Savings,Nottingham,UK,0.01,debit
2654,2020-01-04,Unknown,INTEREST (GROSS),,4.71,9103.87,Interest,Nottingham,UK,4.71,credit
2655,2020-01-04,DEB,AMZNMktplace,21.99,,9099.16,Amazon,Nottingham,UK,21.99,debit
2656,2020-01-04,DD,NOTTM CITY COUNC,115.47,,9121.15,Bills,Nottingham,UK,115.47,debit
2657,2020-01-04,DD,SEVERN TRENT WATER,15.31,,9236.62,Bills,Nottingham,UK,15.31,debit
2658,2020-01-04,SO,ESAVINGS ACCOUNT,300.0,,9251.93,Savings,Nottingham,UK,300.0,debit
2659,2020-03-31,DD,UCU B ACCOUNT,24.76,,9551.93,Others,Nottingham,UK,24.76,debit
2660,2020-03-31,DD,TALKTALK LIMITED,19.95,,9576.69,Bills,Nottingham,UK,19.95,debit
2661,2020-03-30,BP,SAVE THE CHANGE,0.15,,9596.64,Savings,Nottingham,UK,0.15,debit
2662,2020-03-30,BGC,UNIV OF NOTTINGHAM,,4336.21,9596.79,Paycheck,Nottingham,UK,4336.21,credit
2663,2020-03-30,DEB,AMZNMktplace,21.0,,5260.58,Amazon,Nottingham,UK,21.0,debit
2664,2020-03-30,DEB,LIDL GB NOTTINGHAM,20.85,,5281.58,Groceries,Nottingham,UK,20.85,debit
2665,2020-03-27,BP,SAVE THE CHANGE,0.87,,5302.43,Savings,Nottingham,UK,0.87,debit
2666,2020-03-26,DEB,LIDL GB NOTTINGHAM,8.24,,5303.3,Groceries,Nottingham,UK,8.24,debit
2667,2020-03-26,DEB,AMAZON.CO.UK*MC22D,7.89,,5311.54,Amazon,Nottingham,UK,7.89,debit
2668,2020-03-25,BP,SAVE THE CHANGE,1.24,,5319.43,Savings,Nottingham,UK,1.24,debit
2669,2020-03-24,DEB,AMZNMktplace,33.98,,5320.67,Amazon,Nottingham,UK,33.98,debit
2670,2020-03-24,DEB,ORIENTAL MART,19.6,,5354.65,Groceries,Nottingham,UK,19.6,debit
2671,2020-03-24,DEB,LIDL GB NOTTINGHAM,14.19,,5374.25,Groceries,Nottingham,UK,14.19,debit
2672,2020-03-24,DEB,Audible UK,7.99,,5388.44,Entertainment,Nottingham,UK,7.99,debit
2673,2020-03-24,FPO,ALICJA ALEXANDER,25.0,,5396.43,Services/Home Improvement,Nottingham,UK,25.0,debit
2674,2020-03-24,BP,SAVE THE CHANGE,0.76,,5421.43,Savings,Nottingham,UK,0.76,debit
2675,2020-03-23,DEB,YANKEE STORE,12.24,,5422.19,Other Shopping,Unknown,Unknown,12.24,debit
2676,2020-03-23,DD,HARLANDS,25.0,,5434.43,Fitness,Nottingham,UK,25.0,debit
2677,2020-03-23,BP,SAVE THE CHANGE,1.38,,5459.43,Savings,Nottingham,UK,1.38,debit
2678,2020-03-23,DEB,HOLLAND & BARRETT,24.68,,5460.81,Groceries,Unknown,Unknown,24.68,debit
2679,2020-03-23,DEB,AMAZON.CO.UK*425LQ,7.75,,5485.49,Amazon,Nottingham,UK,7.75,debit
2680,2020-03-20,DEB,AMAZON.CO.UK*GF4UX,13.99,,5493.24,Amazon,Nottingham,UK,13.99,debit
2681,2020-03-20,DEB,TESCO STORES 6735,7.2,,5507.23,Groceries,Unknown,Unknown,7.2,debit
2682,2020-03-20,CPT,LNK NOTTINGHAM UNI,40.0,,5514.43,Cash,Nottingham,UK,40.0,debit
2683,2020-03-20,BP,SAVE THE CHANGE,0.5,,5554.43,Savings,Nottingham,UK,0.5,debit
2684,2020-03-19,DEB,WWW.III.CO.UK DE,4000.0,,5554.93,Investment,Nottingham,UK,4000.0,debit
2685,2020-03-19,DEB,LIDL GB NOTTINGHAM,8.5,,9554.93,Groceries,Nottingham,UK,8.5,debit
2686,2020-03-19,BP,SAVE THE CHANGE,0.39,,9563.43,Savings,Nottingham,UK,0.39,debit
2687,2020-03-19,BGC,DWR CYMRU WELSH WA,,180.29,9563.82,Supplementary Income,Nottingham,UK,180.29,credit
2688,2020-03-18,DEB,GHOUSIA FOODS,28.61,,9383.53,Groceries,Nottingham,UK,28.61,debit
2689,2020-03-18,TFR,R LAWRENCE,,4350.57,9412.14,Supplementary Income,Nottingham,UK,4350.57,credit
2690,2020-03-18,BP,SAVE THE CHANGE,0.01,,5061.57,Savings,Nottingham,UK,0.01,debit
2691,2020-03-17,DEB,AMZNMktplace,13.99,,5061.58,Amazon,Nottingham,UK,13.99,debit
2692,2020-03-17,DEB,AMZ*Amazon.co.uk,,5.0,5075.57,Supplementary Income,Nottingham,UK,5.0,credit
2693,2020-03-16,FPI,ANMF CREDIT,,959.1,5070.57,Supplementary Income,Nottingham,UK,959.1,credit
2694,2020-03-16,DD,O2,14.72,,4111.47,Other Shopping,Nottingham,UK,14.72,debit
2695,2020-03-16,BP,SAVE THE CHANGE,0.72,,4126.19,Savings,Nottingham,UK,0.72,debit
2696,2020-03-16,DEB,IZ *BIRD & BLEND T,15.0,,4126.91,Dine Out,Nottingham,UK,15.0,debit
2697,2020-03-16,DEB,LIDL GB NOTTINGHAM,10.29,,4141.91,Groceries,Nottingham,UK,10.29,debit
2698,2020-03-16,FPI,Q WANG   14MAR20,,300.0,4152.2,Supplementary Income,Nottingham,UK,300.0,credit
2699,2020-03-16,CPT,LNK TESCO LONG ROW,40.0,,3852.2,Cash,Nottingham,UK,40.0,debit
2700,2020-03-13,DEB,WWW.III.CO.UK DE,5000.0,,3892.2,Investment,Nottingham,UK,5000.0,debit
2701,2020-03-13,DEB,HARLANDS GROUP,110.0,,8892.2,Fitness,Nottingham,UK,110.0,debit
2702,2020-03-13,DEB,AMZNMktplace,31.99,,9002.2,Amazon,Nottingham,UK,31.99,debit
2703,2020-12-03,CPT,LNK NOTTINGHAM UNI,40.0,,9034.19,Cash,Nottingham,UK,40.0,debit
2704,2020-12-03,FPO,ALICJA ALEXANDER,25.0,,9074.19,Services/Home Improvement,Nottingham,UK,25.0,debit
2705,2020-12-03,BP,SAVE THE CHANGE,0.01,,9099.19,Savings,Nottingham,UK,0.01,debit
2706,2020-11-03,DEB,AMZNMktplace,12.99,,9099.2,Amazon,Nottingham,UK,12.99,debit
2707,2020-11-03,BGC,GOOD ENERGY LTD,,290.18,9112.19,Supplementary Income,Nottingham,UK,290.18,credit
2708,2020-10-03,FPO,TRISTRAMS LETTINGS,825.0,,8822.01,Home Improvement,Nottingham,UK,825.0,debit
2709,2020-09-03,DEB,Amazon Prime*2S40E,79.0,,9647.01,Amazon,Nottingham,UK,79.0,debit
2710,2020-09-03,CPT,LNK H&T NOTTINGHAM,50.0,,9726.01,Cash,Nottingham,UK,50.0,debit
2711,2020-06-03,CPT,LNK NOTTINGHAM UNI,50.0,,9776.01,Cash,Nottingham,UK,50.0,debit
2712,2020-06-03,FPO,SALLY GOLDSTONE,231.0,,9826.01,Others,Nottingham,UK,231.0,debit
2713,2020-06-03,TFR,R LAWRENCE,84000.0,,10057.01,Account transfer,Nottingham,UK,84000.0,debit
2714,2020-06-03,BP,SAVE THE CHANGE,0.17,,94057.01,Savings,Nottingham,UK,0.17,debit
2715,2020-05-03,DEB,CO-OP GROUP 010661,8.83,,94057.18,Groceries,Unknown,Unknown,8.83,debit
2716,2020-03-03,DEP,CLUB LLOYDS WAIVED,,3.0,94066.01,Supplementary Income,Nottingham,UK,3.0,credit
2717,2020-03-03,PAY,CLUB LLOYDS FEE,3.0,,94063.01,Bills,Nottingham,UK,3.0,debit
2718,2020-03-03,TFR,F/FLOW HOWELLS LEG,,83840.54,94066.01,Supplementary Income,Nottingham,UK,83840.54,credit
2719,2020-03-03,CPT,LNK NOTTINGHAM UNI,40.0,,10225.47,Cash,Nottingham,UK,40.0,debit
2720,2020-03-03,BP,SAVE THE CHANGE,0.48,,10265.47,Savings,Nottingham,UK,0.48,debit
2721,2020-02-03,Unknown,INTEREST (GROSS),,4.56,10265.95,Interest,Nottingham,UK,4.56,credit
2722,2020-02-03,DEB,WWW.III.CO.UK DE,5000.0,,10261.39,Investment,Nottingham,UK,5000.0,debit
2723,2020-02-03,DEB,EB *REGGEATON WORK,13.52,,15261.39,Entertainment,London,UK,13.52,debit
2724,2020-02-03,DD,SANTANDER MORTGAGE,959.1,,15274.91,Mortgage,Nottingham,UK,959.1,debit
2725,2020-02-03,DD,DWR CYMRU W WATER,32.5,,16234.01,Bills,Nottingham,UK,32.5,debit
2726,2020-02-03,SO,ESAVINGS ACCOUNT,300.0,,16266.51,Savings,Nottingham,UK,300.0,debit
2727,2020-02-03,BP,SAVE THE CHANGE,0.37,,16566.51,Savings,Nottingham,UK,0.37,debit
2728,2020-02-03,DEB,WWW.III.CO.UK DE,5000.0,,16566.88,Investment,Nottingham,UK,5000.0,debit
2729,2020-02-03,DEB,LIDL GB NOTTINGHAM,8.74,,21566.88,Groceries,Nottingham,UK,8.74,debit
2730,2020-02-03,TFR,R LAWRENCE  01MAR20,,5000.0,21575.62,Supplementary Income,Nottingham,UK,5000.0,credit
2731,2020-02-03,DEB,LIDL GB NOTTINGHAM,7.89,,16575.62,Groceries,Nottingham,UK,7.89,debit
2732,2020-02-03,CPT,LNK SAINSBURYS BAN,40.0,,16583.51,Cash,Unknown,Unknown,40.0,debit
2733,2020-02-03,TFR,R LAWRENCE  29FEB20,,5000.0,16623.51,Supplementary Income,Nottingham,UK,5000.0,credit
2734,2020-02-28,DD,UCU B ACCOUNT,24.76,,11623.51,Others,Nottingham,UK,24.76,debit
2735,2020-02-28,DD,TALKTALK LIMITED,19.3,,11648.27,Bills,Nottingham,UK,19.3,debit
2736,2020-02-28,BP,SAVE THE CHANGE,0.52,,11667.57,Savings,Nottingham,UK,0.52,debit
2737,2020-02-27,DEB,AMZNMktplace,18.99,,11668.09,Amazon,Nottingham,UK,18.99,debit
2738,2020-02-27,DEB,AMZNMKTPLACE AMAZO,6.49,,11687.08,Amazon,Nottingham,UK,6.49,debit
2739,2020-02-27,BGC,UNIV OF NOTTINGHAM,,3436.27,11693.57,Paycheck,Nottingham,UK,3436.27,credit
2740,2020-02-26,DEB,WWW.FATSOMA.COM,8.0,,8257.3,Entertainment,Nottingham,UK,8.0,debit
2741,2020-02-26,CPT,LNK NOTTINGHAM UNI,40.0,,8265.3,Cash,Nottingham,UK,40.0,debit
2742,2020-02-26,BP,SAVE THE CHANGE,0.36,,8305.3,Savings,Nottingham,UK,0.36,debit
2743,2020-02-25,DEB,AMZNMktplace,26.64,,8305.66,Amazon,Nottingham,UK,26.64,debit
2744,2020-02-25,BP,SAVE THE CHANGE,0.01,,8332.3,Savings,Nottingham,UK,0.01,debit
2745,2020-02-24,DEB,Audible UK,7.99,,8332.31,Entertainment,Nottingham,UK,7.99,debit
2746,2020-02-24,BP,SAVE THE CHANGE,0.42,,8340.3,Savings,Nottingham,UK,0.42,debit
2747,2020-02-24,DEB,TIMPSON LTD,20.0,,8340.72,Other Shopping,Unknown,Unknown,20.0,debit
2748,2020-02-24,DEB,LIDL GB NOTTINGHAM,7.58,,8360.72,Groceries,Nottingham,UK,7.58,debit
2749,2020-02-24,DEB,WWW.SU.NOTTINGHAM.,44.0,,8368.3,Entertainment,Nottingham,UK,44.0,debit
2750,2020-02-21,DEB,WWW.III.CO.UK DE,1100.0,,8412.3,Investment,Nottingham,UK,1100.0,debit
2751,2020-02-21,CPT,LNK UNIVERSITY PAR,40.0,,9512.3,Cash,Nottingham,UK,40.0,debit
2752,2020-02-21,BP,SAVE THE CHANGE,0.69,,9552.3,Savings,Nottingham,UK,0.69,debit
2753,2020-02-20,DEB,CO-OP GROUP 010661,13.31,,9552.99,Groceries,Unknown,Unknown,13.31,debit
2754,2020-02-20,BP,SAVE THE CHANGE,0.04,,9566.3,Savings,Nottingham,UK,0.04,debit
2755,2020-02-19,DEB,AMZNMktplace,43.96,,9566.34,Amazon,Nottingham,UK,43.96,debit
2756,2020-02-19,BP,SAVE THE CHANGE,0.12,,9610.3,Savings,Nottingham,UK,0.12,debit
2757,2020-02-18,DEB,LIDL GB NOTTINGHAM,9.88,,9610.42,Groceries,Nottingham,UK,9.88,debit
2758,2020-02-18,FPO,TRISTRAMS,22.5,,9620.3,Home Improvement,Nottingham,UK,22.5,debit
2759,2020-02-17,CPT,LNK NOTTINGHAM UNI,40.0,,9642.8,Cash,Nottingham,UK,40.0,debit
2760,2020-02-17,DD,O2,18.94,,9682.8,Other Shopping,Nottingham,UK,18.94,debit
2761,2020-02-17,BP,SAVE THE CHANGE,1.25,,9701.74,Savings,Nottingham,UK,1.25,debit
2762,2020-02-17,BGC,C C SWANSEA,,224.71,9702.99,Supplementary Income,Nottingham,UK,224.71,credit
2763,2020-02-17,DEB,ATRIUM JUBILEE 1,3.4,,9478.28,Dine Out,Nottingham,UK,3.4,debit
2764,2020-02-17,DEB,Audible UK,18.0,,9481.68,Entertainment,Nottingham,UK,18.0,debit
2765,2020-02-17,DEB,LIDL GB NOTTINGHAM,12.35,,9499.68,Groceries,Nottingham,UK,12.35,debit
2766,2020-02-14,CPT,LNK NOTTINGHAM UNI,40.0,,9512.03,Cash,Nottingham,UK,40.0,debit
2767,2020-02-14,BP,SAVE THE CHANGE,0.83,,9552.03,Savings,Nottingham,UK,0.83,debit
2768,2020-02-13,DEB,CO-OP GROUP 010661,11.17,,9552.86,Groceries,Unknown,Unknown,11.17,debit
2769,2020-11-02,BP,SAVE THE CHANGE,0.45,,9564.03,Savings,Nottingham,UK,0.45,debit
2770,2020-10-02,DEB,TIMPSON LTD,15.0,,9564.48,Other Shopping,Unknown,Unknown,15.0,debit
2771,2020-10-02,DEB,GHOUSIA FOODS,36.55,,9579.48,Groceries,Nottingham,UK,36.55,debit
2772,2020-10-02,CPT,LNK NOTTINGHAM UNI,40.0,,9616.03,Cash,Nottingham,UK,40.0,debit
2773,2020-10-02,BP,SAVE THE CHANGE,0.7,,9656.03,Savings,Nottingham,UK,0.7,debit
2774,2020-10-02,DEB,CO-OP GROUP 010661,8.3,,9656.73,Groceries,Unknown,Unknown,8.3,debit
2775,2020-06-02,BP,SAVE THE CHANGE,0.01,,9665.03,Savings,Nottingham,UK,0.01,debit
2776,2020-05-02,DEB,POST OFFICE COUNTE,46.99,,9665.04,Others,Nottingham,UK,46.99,debit
2777,2020-05-02,FPO,BORIS REMOVALS,1100.0,,9712.03,Others,Nottingham,UK,1100.0,debit
2778,2020-05-02,BP,SAVE THE CHANGE,0.6,,10812.03,Savings,Nottingham,UK,0.6,debit
2779,2020-04-02,DEP,CLUB LLOYDS WAIVED,,3.0,10812.63,Supplementary Income,Nottingham,UK,3.0,credit
2780,2020-04-02,PAY,CLUB LLOYDS FEE,3.0,,10809.63,Bills,Nottingham,UK,3.0,debit
2781,2020-04-02,DEB,SAINSBURYS S/MKTS,30.4,,10812.63,Groceries,Unknown,Unknown,30.4,debit
2782,2020-04-02,BP,SAVE THE CHANGE,0.75,,10843.03,Savings,Nottingham,UK,0.75,debit
2783,2020-03-02,Unknown,INTEREST (GROSS),,5.21,10843.78,Interest,Nottingham,UK,5.21,credit
2784,2020-03-02,DEB,ZINCO LOUNGE,16.25,,10838.57,Dine Out,Swansea,UK,16.25,debit
2785,2020-03-02,DEB,SQ *TIKI BAR,5.0,,10854.82,Dine Out,Nottingham,UK,5.0,debit
2786,2020-03-02,CPT,LNK PO THE CITYOFS,50.0,,10859.82,Cash,Unknown,Unknown,50.0,debit
2787,2020-03-02,DD,SANTANDER MORTGAGE,959.09,,10909.82,Mortgage,Nottingham,UK,959.09,debit
2788,2020-03-02,DD,GOOD ENERGY LTD,50.0,,11868.91,Bills,Nottingham,UK,50.0,debit
2789,2020-03-02,DD,DWR CYMRU W WATER,32.5,,11918.91,Bills,Nottingham,UK,32.5,debit
2790,2020-03-02,SO,ESAVINGS ACCOUNT,300.0,,11951.41,Savings,Nottingham,UK,300.0,debit
2791,2020-03-02,BP,SAVE THE CHANGE,0.4,,12251.41,Savings,Nottingham,UK,0.4,debit
2792,2020-03-02,DEB,WILKO RETAIL LIMIT,18.0,,12251.81,Other Shopping,Unknown,Unknown,18.0,debit
2793,2020-03-02,DEB,Brontosaurus Vegan,16.62,,12269.81,Dine Out,Swansea,UK,16.62,debit
2794,2020-03-02,DEB,CORGI HOMEPLAN,24.98,,12286.43,Home Improvement,Nottingham,UK,24.98,debit
2795,2020-01-31,CPT,LNK M&S SWANSEA,50.0,,12311.41,Cash,Swansea,UK,50.0,debit
2796,2020-01-31,FPO,TRISTRAMS,1585.0,,12361.41,Home Improvement,Nottingham,UK,1585.0,debit
2797,2020-01-31,DD,UCU B ACCOUNT,24.76,,13946.41,Others,Nottingham,UK,24.76,debit
2798,2020-01-31,BGC,SWANSEA UNI - PAY,,3288.72,13971.17,Paycheck,Swansea,UK,3288.72,credit
2799,2020-01-30,BGC,UNIV OF NOTTINGHAM,,3412.29,10682.45,Paycheck,Nottingham,UK,3412.29,credit
2800,2020-01-29,BP,SAVE THE CHANGE,0.11,,7270.16,Savings,Nottingham,UK,0.11,debit
2801,2020-01-28,DEB,AMZNMktplace,65.89,,7270.27,Amazon,Nottingham,UK,65.89,debit
2802,2020-01-28,DD,TALKTALK LIMITED,19.95,,7336.16,Bills,Swansea,UK,19.95,debit
2803,2020-01-27,FPO,BORIS REMOVALS,600.0,,7356.11,Others,Nottingham,UK,600.0,debit
2804,2020-01-27,BP,SAVE THE CHANGE,0.35,,7956.11,Savings,Nottingham,UK,0.35,debit
2805,2020-01-27,DEB,GRAPE TREE,27.66,,7956.46,Groceries,Leicester,UK,27.66,debit
2806,2020-01-27,DEP,LOYD 802 OXFORD ST,,35.6,7984.12,Supplementary Income,Nottingham,UK,35.6,credit
2807,2020-01-27,CPT,LOYD LOYD 802 OXFO,40.0,,7948.52,Cash,Swansea,UK,40.0,debit
2808,2020-01-24,DEB,Audible UK,7.99,,7988.52,Entertainment,Nottingham,UK,7.99,debit
2809,2020-01-24,CPT,LNK TESCO FABIAN W,40.0,,7996.51,Cash,Swansea,UK,40.0,debit
2810,2020-01-24,BP,SAVE THE CHANGE,0.48,,8036.51,Savings,Nottingham,UK,0.48,debit
2811,2020-01-24,BGC,CARDIFF MET EX A/C,,22.2,8036.99,Supplementary Income,Nottingham,UK,22.2,credit
2812,2020-01-23,DEB,TESCO STORES 4628,5.52,,8014.79,Groceries,Unknown,Unknown,5.52,debit
2813,2020-01-22,DD,CORGI HOMEPLAN,18.0,,8020.31,Home Improvement,Nottingham,UK,18.0,debit
2814,2020-01-21,BP,SAVE THE CHANGE,0.2,,8038.31,Savings,Nottingham,UK,0.2,debit
2815,2020-01-20,DEB,MOWGLI STREET FOOD,35.8,,8038.51,Dine Out,Nottingham,UK,35.8,debit
2816,2020-01-20,FPO,TRISTRAMS LETTINGS,190.0,,8074.31,Home Improvement,Nottingham,UK,190.0,debit
2817,2020-01-20,BP,SAVE THE CHANGE,0.02,,8264.31,Savings,Nottingham,UK,0.02,debit
2818,2020-01-20,CPT,LNK 49-51 CLUMBER,40.0,,8264.33,Cash,Nottingham,UK,40.0,debit
2819,2020-01-20,DEB,BUNNEYS BIKES LIMI,21.98,,8304.33,Other Shopping,Nottingham,UK,21.98,debit
2820,2020-01-17,BP,SAVE THE CHANGE,0.9,,8326.31,Savings,Nottingham,UK,0.9,debit
2821,2020-01-16,DEB,TFW RAIL SERVICES,98.2,,8327.21,Travel,Unknown,Unknown,98.2,debit
2822,2020-01-16,DEB,TESCO STORES 5660,34.9,,8425.41,Groceries,Unknown,Unknown,34.9,debit
2823,2020-01-16,DD,O2,18.55,,8460.31,Other Shopping,Nottingham,UK,18.55,debit
2824,2020-01-15,CPT,LNK ARRIVA TRAINS,40.0,,8478.86,Cash,Unknown,Unknown,40.0,debit
2825,2020-01-15,BP,SAVE THE CHANGE,0.01,,8518.86,Savings,Nottingham,UK,0.01,debit
2826,2020-01-14,DEB,AMZNMktplace,9.99,,8518.87,Amazon,Nottingham,UK,9.99,debit
2827,2020-01-14,BP,SAVE THE CHANGE,0.24,,8528.86,Savings,Nottingham,UK,0.24,debit
2828,2020-01-13,DEB,WM MORRISONS STORE,15.8,,8529.1,Groceries,Unknown,Unknown,15.8,debit
2829,2020-01-13,DEB,T K MAXX,13.96,,8544.9,Other Shopping,Unknown,Unknown,13.96,debit
2830,2020-01-13,CPT,LNK SAINSBURYS BAN,80.0,,8558.86,Cash,Unknown,Unknown,80.0,debit
2831,2020-01-13,CPT,LNK PO THE CITYOFS,50.0,,8638.86,Cash,Unknown,Unknown,50.0,debit
2832,2020-10-01,DEB,Audible UK,18.0,,8688.86,Entertainment,Swansea,UK,18.0,debit
2833,2020-10-01,CPT,LNK TESCO FABIAN W,40.0,,8706.86,Cash,Swansea,UK,40.0,debit
2834,2020-10-01,BP,SAVE THE CHANGE,0.95,,8746.86,Savings,Nottingham,UK,0.95,debit
2835,2020-09-01,DEB,Amazon.co.uk*4L6WG,63.1,,8747.81,Amazon,Nottingham,UK,63.1,debit
2836,2020-09-01,DEB,AMZNMktplace,19.99,,8810.91,Amazon,Nottingham,UK,19.99,debit
2837,2020-09-01,DEB,Amazon.co.uk*AJ1IW,18.96,,8830.9,Amazon,Nottingham,UK,18.96,debit
2838,2020-09-01,BP,SAVE THE CHANGE,0.03,,8849.86,Savings,Nottingham,UK,0.03,debit
2839,2020-08-01,DEB,HOWELLS SOLICITORS,180.0,,8849.89,Bills,Swansea,UK,180.0,debit
2840,2020-08-01,DEB,AMZNMktplace,3.97,,9029.89,Amazon,Nottingham,UK,3.97,debit
2841,2020-08-01,CPT,LOYD LOYD 802 OXFO,40.0,,9033.86,Cash,Swansea,UK,40.0,debit
2842,2020-08-01,BP,SAVE THE CHANGE,0.13,,9073.86,Savings,Nottingham,UK,0.13,debit
2843,2020-07-01,DEB,AIRBNB * HM9YBKEXN,469.87,,9073.99,Hotels,Unknown,Unknown,469.87,debit
2844,2020-07-01,DD,THE GYM LTD,14.99,,9543.86,Fitness,Swansea,UK,14.99,debit
2845,2020-06-01,BP,SAVE THE CHANGE,0.46,,9558.85,Savings,Nottingham,UK,0.46,debit
2846,2020-06-01,CPT,LNK M&S SWANSEA,50.0,,9559.31,Cash,Swansea,UK,50.0,debit
2847,2020-03-01,DEP,CLUB LLOYDS WAIVED,,3.0,9609.31,Supplementary Income,Nottingham,UK,3.0,credit
2848,2020-03-01,PAY,CLUB LLOYDS FEE,3.0,,9606.31,Bills,Swansea,UK,3.0,debit
2849,2020-03-01,DEB,NON-GBP PURCH FEE,0.5,,9609.31,Others,Nottingham,UK,0.5,debit
2850,2020-03-01,DEB,NON-GBP TRANS FEE,2.22,,9609.81,Others,Nottingham,UK,2.22,debit
2851,2020-03-01,DEB,ATHLEAN-X,74.54,,9612.03,Entertainment,Swansea,UK,74.54,debit
2852,2020-03-01,DD,ZURICH,24.82,,9686.57,Insurance,Swansea,UK,24.82,debit
2853,2020-02-01,Unknown,INTEREST (GROSS),,5.05,9711.39,Interest,swansea,UK,5.05,credit
2854,2020-02-01,DD,SANTANDER MORTGAGE,959.09,,9706.34,Mortgage,Swansea,UK,959.09,debit
2855,2020-02-01,DD,CC SWANSEA C.TAX,147.0,,10665.43,Bills,Swansea,UK,147.0,debit
2856,2020-02-01,DD,GOOD ENERGY LTD,50.0,,10812.43,Bills,Swansea,UK,50.0,debit
2857,2020-02-01,DD,DWR CYMRU W WATER,32.5,,10862.43,Bills,Swansea,UK,32.5,debit
2858,2020-02-01,SO,ESAVINGS ACCOUNT,300.0,,10894.93,Savings,Nottingham,UK,300.0,debit
2859,2020-02-01,BP,SAVE THE CHANGE,0.5,,11194.93,Savings,Nottingham,UK,0.5,debit
2860,2020-02-01,DEB,NOSDA STUDIO HOSTE,24.9,,11195.43,Hotels,Cardiff,UK,24.9,debit
2861,2019-12-31,DEB,Electrolux plc,130.0,,11220.33,Home Improvement,swansea,UK,130.0,debit
2862,2019-12-31,DEB,WILKO RETAIL LIMIT,3.6,,11350.33,Other Shopping,Unknown,Unknown,3.6,debit
2863,2019-12-31,DEB,GREGGS PLC,2.0,,11353.93,Dine Out,Unknown,Unknown,2.0,debit
2864,2019-12-31,DD,UCU B ACCOUNT,24.76,,11355.93,Others,Swansea,UK,24.76,debit
2865,2019-12-31,DD,TALKTALK LIMITED,19.95,,11380.69,Bills,Swansea,UK,19.95,debit
2866,2019-12-31,BGC,SWANSEA UNI - PAY,,3289.12,11400.64,Paycheck,Swansea,UK,3289.12,credit
2867,2019-12-30,CPT,LNK SWANSEA CITY C,50.0,,8111.52,Cash,Swansea,UK,50.0,debit
2868,2019-12-30,CPT,LNK M&S SWANSEA,40.0,,8161.52,Cash,Swansea,UK,40.0,debit
2869,2019-12-27,BP,SAVE THE CHANGE,0.01,,8201.52,Savings,Swansea,UK,0.01,debit
2870,2019-12-27,BGC,GOOGLE IRELAND,,63.7,8201.53,Supplementary Income,Swansea,UK,63.7,credit
2871,2019-12-24,DEB,SAINSBURYS S/MKTS,13.0,,8137.83,Groceries,Unknown,Unknown,13.0,debit
2872,2019-12-24,DEB,Audible UK,7.99,,8150.83,Entertainment,Swansea,UK,7.99,debit
2873,2019-12-24,BP,SAVE THE CHANGE,2.47,,8158.82,Savings,Swansea,UK,2.47,debit
2874,2019-12-23,DEB,Brontosaurus Vegan,27.14,,8161.29,Dine Out,Swansea,UK,27.14,debit
2875,2019-12-23,DEB,Amazon.co.uk*834HJ,15.54,,8188.43,Amazon,Swansea,UK,15.54,debit
2876,2019-12-23,DEB,TURKISH LTD 311058,13.35,,8203.97,Travel,Unknown,Unknown,13.35,debit
2877,2019-12-23,DEB,MARKS&SPENCER PLC,4.5,,8217.32,Clothes,Unknown,Unknown,4.5,debit
2878,2019-12-23,DD,HARLANDS,25.0,,8221.82,Fitness,Swansea,UK,25.0,debit
2879,2019-12-23,DD,CORGI HOMEPLAN,18.0,,8246.82,Home Improvement,swansea,UK,18.0,debit
2880,2019-12-23,BP,SAVE THE CHANGE,0.91,,8264.82,Savings,Swansea,UK,0.91,debit
2881,2019-12-23,DEB,AMZNMktplace,3.45,,8265.73,Amazon,Swansea,UK,3.45,debit
2882,2019-12-23,CPT,LNK M&S SWANSEA,50.0,,8269.18,Cash,Swansea,UK,50.0,debit
2883,2019-12-23,DEB,GODADDY.COM EUROPE,38.64,,8319.18,Others,Swansea,UK,38.64,debit
2884,2019-12-23,DEB,IZ *Yogaya CIC,53.0,,8357.82,Fitness,Unknown,Unknown,53.0,debit
2885,2019-12-23,FPO,AMELIA TERESZKIEWI,35.0,,8410.82,Services,Swansea,UK,35.0,debit
2886,2019-12-19,BP,SAVE THE CHANGE,0.8,,8445.82,Savings,Swansea,UK,0.8,debit
2887,2019-12-18,DEB,TFW RAIL SERVICES,12.2,,8446.62,Travel,Unknown,Unknown,12.2,debit
2888,2019-12-17,CPT,LNK QUEEN STREET,20.0,,8458.82,Cash,Belfast,UK,20.0,debit
2889,2019-12-16,DD,O2,18.39,,8478.82,Other Shopping,Swansea,UK,18.39,debit
2890,2019-12-16,BP,SAVE THE CHANGE,1.81,,8497.21,Savings,Swansea,UK,1.81,debit
2891,2019-12-16,DEB,Brontosaurus Vegan,15.65,,8499.02,Dine Out,Swansea,UK,15.65,debit
2892,2019-12-16,DEB,MARKS&SPENCER PLC,4.7,,8514.67,Clothes,Unknown,Unknown,4.7,debit
2893,2019-12-16,FPO,CRYSTAL CLEAR,20.0,,8519.37,Other Shopping,Bristol,Unknown,20.0,debit
2894,2019-12-13,DEB,AMZNMKTPLACE AMAZO,2.81,,8539.37,Amazon,Swansea,UK,2.81,debit
2895,2019-12-13,DEB,AMAZON.CO.UK*CQ7LW,5.03,,8542.18,Amazon,Swansea,UK,5.03,debit
2896,2019-12-13,CPT,LNK FULTON HOUSE,50.0,,8547.21,Cash,Swansea,UK,50.0,debit
2897,2019-12-13,BGC,SWANSEA UNIVERSITY,,2628.14,8597.21,Supplementary Income,Swansea,UK,2628.14,credit
2898,2019-11-12,DEB,TESCO STORES 4628,3.0,,5969.07,Groceries,Unknown,Unknown,3.0,debit
2899,2019-10-12,CPT,LNK TESCO FABIAN W,40.0,,5972.07,Cash,Swansea,UK,40.0,debit
2900,2019-09-12,DD,THE GYM LTD,14.99,,6012.07,Fitness,Swansea,UK,14.99,debit
2901,2019-09-12,BP,SAVE THE CHANGE,1.39,,6027.06,Savings,Swansea,UK,1.39,debit
2902,2019-09-12,DEB,Brontosaurus Vegan,18.62,,6028.45,Dine Out,Swansea,UK,18.62,debit
2903,2019-09-12,DEB,MARKS&SPENCER PLC,2.5,,6047.07,Clothes,Unknown,Unknown,2.5,debit
2904,2019-09-12,DEB,VIRGIN MEDIA PYMTS,96.5,,6049.57,Bills,Swansea,UK,96.5,debit
2905,2019-09-12,DEB,AMAZON.CO.UK*0P5YW,8.99,,6146.07,Amazon,Swansea,UK,8.99,debit
2906,2019-09-12,CPT,LNK M&S SWANSEA,40.0,,6155.06,Cash,Swansea,UK,40.0,debit
2907,2019-06-12,CPT,LNK TESCO FABIAN W,40.0,,6195.06,Cash,Swansea,UK,40.0,debit
2908,2019-06-12,BP,SAVE THE CHANGE,0.24,,6235.06,Savings,Swansea,UK,0.24,debit
2909,2019-06-12,BGC,SHAREDEALING HSDL,,2.49,6235.3,Supplementary Income,Swansea,UK,2.49,credit
2910,2019-05-12,DEB,AMAZON.CO.UK*JX94J,9.76,,6232.81,Amazon,Swansea,UK,9.76,debit
2911,2019-04-12,DEB,TESCO STORES 4628,2.0,,6242.57,Groceries,Unknown,Unknown,2.0,debit
2912,2019-03-12,DEP,CLUB LLOYDS WAIVED,,3.0,6244.57,Supplementary Income,Swansea,UK,3.0,credit
2913,2019-03-12,PAY,CLUB LLOYDS FEE,3.0,,6241.57,Bills,Swansea,UK,3.0,debit
2914,2019-03-12,DD,ZURICH,24.82,,6244.57,Insurance,Swansea,UK,24.82,debit
2915,2019-02-12,Unknown,INTEREST (GROSS),,4.5,6269.39,Interest,Swansea,UK,4.5,credit
2916,2019-02-12,CPT,LNK FABIAN WAY,50.0,,6264.89,Cash,Swansea,UK,50.0,debit
2917,2019-02-12,DD,SANTANDER MORTGAGE,959.09,,6314.89,Mortgage,Swansea,UK,959.09,debit
2918,2019-02-12,DD,CC SWANSEA C.TAX,147.0,,7273.98,Bills,Swansea,UK,147.0,debit
2919,2019-02-12,DD,GOOD ENERGY LTD,50.0,,7420.98,Bills,Swansea,UK,50.0,debit
2920,2019-02-12,DD,DWR CYMRU W WATER,32.5,,7470.98,Bills,Swansea,UK,32.5,debit
2921,2019-02-12,SO,ESAVINGS ACCOUNT,300.0,,7503.48,Savings,Swansea,UK,300.0,debit
2922,2019-02-12,BP,SAVE THE CHANGE,1.81,,7803.48,Savings,Swansea,UK,1.81,debit
2923,2019-02-12,DEB,WILKO RETAIL LIMIT,22.4,,7805.29,Other Shopping,Unknown,Unknown,22.4,debit
2924,2019-02-12,DEB,MARKS&SPENCER PLC,7.2,,7827.69,Clothes,Unknown,Unknown,7.2,debit
2925,2019-02-12,DEB,SAINSBURYS S/MKTS,40.9,,7834.89,Groceries,Unknown,Unknown,40.9,debit
2926,2019-02-12,CPT,LNK M&S SWANSEA,50.0,,7875.79,Cash,Swansea,UK,50.0,debit
2927,2019-11-29,DEB,AMZNMktplace,13.99,,7925.79,Amazon,Swansea,UK,13.99,debit
2928,2019-11-29,DEB,COFFEE NO 1 SWANSE,6.7,,7939.78,Dine Out,Swansea,UK,6.7,debit
2929,2019-11-29,DD,UCU B ACCOUNT,24.76,,7946.48,Others,Swansea,UK,24.76,debit
2930,2019-11-29,BGC,SWANSEA UNI - PAY,,3289.12,7971.24,Paycheck,Swansea,UK,3289.12,credit
2931,2019-11-29,BGC,SWANSEA UNIVERSITY,,190.5,4682.12,Supplementary Income,Swansea,UK,190.5,credit
2932,2019-11-28,FPO,AMELIA TERESZKIEWI,15.0,,4491.62,Services,Swansea,UK,15.0,debit
2933,2019-11-28,CPT,LNK M&S SWANSEA,40.0,,4506.62,Cash,Swansea,UK,40.0,debit
2934,2019-11-28,FPO,SALLY GOLDSTONE,28.0,,4546.62,Others,Swansea,UK,28.0,debit
2935,2019-11-27,DEB,THE BIKE HUB,35.0,,4574.62,Other Shopping,Unknown,Unknown,35.0,debit
2936,2019-11-27,DD,TALKTALK LIMITED,19.95,,4609.62,Bills,Swansea,UK,19.95,debit
2937,2019-11-27,BGC,SHAREDEALING HSDL,,200.0,4629.57,Supplementary Income,Swansea,UK,200.0,credit
2938,2019-11-25,DD,HARLANDS,25.0,,4429.57,Fitness,Swansea,UK,25.0,debit
2939,2019-11-25,BP,SAVE THE CHANGE,0.63,,4454.57,Savings,Swansea,UK,0.63,debit
2940,2019-11-25,DEB,Brontosaurus Vegan,24.39,,4455.2,Dine Out,Swansea,UK,24.39,debit
2941,2019-11-25,DEB,THE BIKE HUB,20.0,,4479.59,Other Shopping,Unknown,Unknown,20.0,debit
2942,2019-11-25,DEB,Brontosaurus Vegan,14.99,,4499.59,Dine Out,Swansea,UK,14.99,debit
2943,2019-11-25,DEB,Audible UK,7.99,,4514.58,Entertainment,Swansea,UK,7.99,debit
2944,2019-11-25,CPT,LOYD LOYD 802 OXFO,50.0,,4522.57,Cash,Swansea,UK,50.0,debit
2945,2019-11-22,CPT,LNK TESCO FABIAN W,20.0,,4572.57,Cash,Swansea,UK,20.0,debit
2946,2019-11-22,DD,CORGI HOMEPLAN,18.0,,4592.57,Home Improvement,swansea,UK,18.0,debit
2947,2019-11-22,BGC,SWANSEA UNIVERSITY,,186.29,4610.57,Supplementary Income,Swansea,UK,186.29,credit
2948,2019-11-20,CPT,LNK TESCO FABIAN W,40.0,,4424.28,Cash,Swansea,UK,40.0,debit
2949,2019-11-20,BP,SAVE THE CHANGE,0.96,,4464.28,Savings,Swansea,UK,0.96,debit
2950,2019-11-19,DEB,AMZNMktplace,3.04,,4465.24,Amazon,Swansea,UK,3.04,debit
2951,2019-11-18,DD,O2,38.42,,4468.28,Other Shopping,Swansea,UK,38.42,debit
2952,2019-11-18,BP,SAVE THE CHANGE,1.7,,4506.7,Savings,Swansea,UK,1.7,debit
2953,2019-11-18,DEB,Brontosaurus Vegan,41.18,,4508.4,Dine Out,Swansea,UK,41.18,debit
2954,2019-11-18,DEB,MARKS&SPENCER PLC,7.12,,4549.58,Clothes,Unknown,Unknown,7.12,debit
2955,2019-11-18,CPT,LNK M&S SWANSEA,40.0,,4556.7,Cash,Swansea,UK,40.0,debit
2956,2019-11-15,FPO,AMELIA TERESZKIEWI,20.0,,4596.7,Services,Swansea,UK,20.0,debit
2957,2019-11-15,CPT,LNK FULTON HOUSE,40.0,,4616.7,Cash,Swansea,UK,40.0,debit
2958,2019-11-15,BGC,UNII OF BHAM INST,,115.6,4656.7,Supplementary Income,Swansea,UK,115.6,credit
2959,2019-11-14,FPO,REMUS,27.37,,4541.1,Clothes,Unknown,Unknown,27.37,debit
2960,2019-11-13,CPT,LNK TESCO FABIAN W,50.0,,4568.47,Cash,Swansea,UK,50.0,debit
2961,2019-12-11,BP,SAVE THE CHANGE,0.2,,4618.47,Savings,Swansea,UK,0.2,debit
2962,2019-11-11,DEB,ANOKI LTD,50.8,,4618.67,Dine Out,Nottingham,UK,50.8,debit
2963,2019-11-11,CPT,LNK 36 CLUMBER STR,40.0,,4669.47,Cash,Nottingham,UK,40.0,debit
2964,2019-07-11,DD,THE GYM LTD,14.99,,4709.47,Fitness,Swansea,UK,14.99,debit
2965,2019-07-11,BP,SAVE THE CHANGE,3.45,,4724.46,Savings,Swansea,UK,3.45,debit
2966,2019-06-11,DEB,TFW RAIL SERVICES,138.25,,4727.91,Travel,Unknown,Unknown,138.25,debit
2967,2019-06-11,DEB,TESCO STORES 6213,25.6,,4866.16,Groceries,Unknown,Unknown,25.6,debit
2968,2019-06-11,DEB,UBER TRIP HELP.UBE,9.16,,4891.76,Travel,Unknown,Unknown,9.16,debit
2969,2019-06-11,DEB,UBER TRIP HELP.UBE,8.04,,4900.92,Travel,Unknown,Unknown,8.04,debit
2970,2019-06-11,DEB,UBER TRIP HELP.UBE,3.5,,4908.96,Travel,Unknown,Unknown,3.5,debit
2971,2019-04-11,DEP,CLUB LLOYDS WAIVED,,3.0,4912.46,Supplementary Income,Swansea,UK,3.0,credit
2972,2019-04-11,PAY,CLUB LLOYDS FEE,3.0,,4909.46,Bills,Swansea,UK,3.0,debit
2973,2019-04-11,BP,SAVE THE CHANGE,1.62,,4912.46,Savings,Swansea,UK,1.62,debit
2974,2019-04-11,DEB,Brontosaurus Vegan,27.22,,4914.08,Dine Out,Swansea,UK,27.22,debit
2975,2019-04-11,DEB,IZ *EZY VEGAN LTD,9.5,,4941.3,Dine Out,Nottingham,UK,9.5,debit
2976,2019-04-11,CPT,LNK M&S SWANSEA,50.0,,4950.8,Cash,Swansea,UK,50.0,debit
2977,2019-04-11,DEP,LOYD 802 OXFORD ST,,45.75,5000.8,Supplementary Income,Swansea,UK,45.75,credit
2978,2019-04-11,CPT,LNK M&S SWANSEA,50.0,,4955.05,Cash,Swansea,UK,50.0,debit
2979,2019-01-11,Unknown,INTEREST (GROSS),,4.78,5005.05,Interest,Swansea,UK,4.78,credit
2980,2019-01-11,DEB,NON-GBP PURCH FEE,0.5,,5000.27,Others,Swansea,UK,0.5,debit
2981,2019-01-11,DEB,NON-GBP TRANS FEE,1.27,,5000.77,Others,Swansea,UK,1.27,debit
2982,2019-01-11,DEB,DELTA AIR   Baggag,42.66,,5002.04,Travel,Unknown,Unknown,42.66,debit
2983,2019-01-11,CPT,LNK TESCO FABIAN W,50.0,,5044.7,Cash,Swansea,UK,50.0,debit
2984,2019-01-11,DD,SANTANDER MORTGAGE,959.09,,5094.7,Mortgage,Swansea,UK,959.09,debit
2985,2019-01-11,DD,CC SWANSEA C.TAX,147.0,,6053.79,Bills,Swansea,UK,147.0,debit
2986,2019-01-11,DD,GOOD ENERGY LTD,50.0,,6200.79,Bills,Swansea,UK,50.0,debit
2987,2019-01-11,DD,DWR CYMRU W WATER,32.5,,6250.79,Bills,Swansea,UK,32.5,debit
2988,2019-01-11,DD,ZURICH,24.82,,6283.29,Insurance,Swansea,UK,24.82,debit
2989,2019-01-11,SO,ESAVINGS ACCOUNT,300.0,,6308.11,Savings,Swansea,UK,300.0,debit
2990,2019-10-31,DD,UCU B ACCOUNT,24.76,,6608.11,Others,Swansea,UK,24.76,debit
2991,2019-10-31,BP,SAVE THE CHANGE,0.81,,6632.87,Savings,Swansea,UK,0.81,debit
2992,2019-10-31,BGC,SWANSEA UNI - PAY,,3289.12,6633.68,Paycheck,Swansea,UK,3289.12,credit
2993,2019-10-30,FPO,SALLY GOLDSTONE,550.0,,3344.56,Others,Swansea,UK,550.0,debit
2994,2019-10-30,DEB,NON-GBP PURCH FEE,0.5,,3894.56,Others,Swansea,UK,0.5,debit
2995,2019-10-30,DEB,NON-GBP TRANS FEE,33.1,,3895.06,Others,Swansea,UK,33.1,debit
2996,2019-10-30,DEB,PINNACLE VANCOUVER,1107.19,,3928.16,Hotels,Vancouver,Canada,1107.19,debit
2997,2019-10-28,DD,TALKTALK LIMITED,20.61,,5035.35,Bills,Swansea,UK,20.61,debit
2998,2019-10-28,DEB,FOREIGN CASH FEE,1.5,,5055.96,Travel,Unknown,Unknown,1.5,debit
2999,2019-10-28,DEB,PROSPECT POINT BAR,68.98,,5057.46,Dine Out,Vancouver,Canada,68.98,debit
3000,2019-10-25,BP,SAVE THE CHANGE,0.01,,5126.44,Savings,Swansea,UK,0.01,debit
3001,2019-10-25,BGC,SWANSEA UNIVERSITY,,923.05,5126.45,Supplementary Income,Swansea,UK,923.05,credit
3002,2019-10-24,DEB,Audible.co.uk,7.99,,4203.4,Entertainment,Swansea,UK,7.99,debit
3003,2019-10-23,DD,HARLANDS,25.0,,4211.39,Fitness,Swansea,UK,25.0,debit
3004,2019-10-23,BP,SAVE THE CHANGE,0.67,,4236.39,Savings,Swansea,UK,0.67,debit
3005,2019-10-22,DEB,NON-GBP PURCH FEE,0.5,,4237.06,Others,Swansea,UK,0.5,debit
3006,2019-10-22,DEB,NON-GBP TRANS FEE,2.96,,4237.56,Others,Swansea,UK,2.96,debit
3007,2019-10-22,DEB,RONSONS #102,99.33,,4240.52,Home Improvement,swansea,UK,99.33,debit
3008,2019-10-22,DD,CORGI HOMEPLAN,18.0,,4339.85,Home Improvement,swansea,UK,18.0,debit
3009,2019-10-22,BP,SAVE THE CHANGE,2.09,,4357.85,Savings,Swansea,UK,2.09,debit
3010,2019-10-21,DEB,NON-GBP CASH FEE,1.5,,4359.94,Others,Swansea,UK,1.5,debit
3011,2019-10-21,DEB,NON-GBP TRANS FEE,5.31,,4361.44,Others,Swansea,UK,5.31,debit
3012,2019-10-21,DEB,*VANCOUVER CBC & M,177.86,,4366.75,Travel,Vancouver,Canada,177.86,debit
3013,2019-10-21,DEB,NON-GBP PURCH FEE,0.5,,4544.61,Others,Swansea,UK,0.5,debit
3014,2019-10-21,DEB,NON-GBP TRANS FEE,4.68,,4545.11,Others,Swansea,UK,4.68,debit
3015,2019-10-21,DEB,PINNACLE VANCOUVER,156.74,,4549.79,Hotels,Vancouver,Canada,156.74,debit
3016,2019-10-21,DEB,NON-GBP PURCH FEE,0.5,,4706.53,Others,Swansea,UK,0.5,debit
3017,2019-10-21,DEB,NON-GBP TRANS FEE,0.25,,4707.03,Others,Swansea,UK,0.25,debit
3018,2019-10-21,DEB,BLAZE PIZZA,8.5,,4707.28,Dine Out,Unknown,Unknown,8.5,debit
3019,2019-10-21,DEB,BREKA BAKERY & CAF,2.62,,4715.78,Dine Out,Unknown,Unknown,2.62,debit
3020,2019-10-21,DEB,NON-GBP PURCH FEE,0.5,,4718.4,Others,Swansea,UK,0.5,debit
3021,2019-10-21,DEB,NON-GBP TRANS FEE,1.04,,4718.9,Others,Swansea,UK,1.04,debit
3022,2019-10-21,DEB,AMTRAK  292795,35.05,,4719.94,Travel,Unknown,Unknown,35.05,debit
3023,2019-10-21,DEB,KLM UNITEDKI074823,43.0,,4754.99,Travel,Unknown,Unknown,43.0,debit
3024,2019-10-21,TFR,F/FLOW KING ABDULL,,216.93,4797.99,Supplementary Income,Swansea,UK,216.93,credit
3025,2019-10-21,DD,VIRGIN MEDIA PYMTS,44.5,,4581.06,Bills,Swansea,UK,44.5,debit
3026,2019-10-21,BP,SAVE THE CHANGE,3.49,,4625.56,Savings,Swansea,UK,3.49,debit
3027,2019-10-21,DEB,NON-GBP PURCH FEE,0.5,,4629.05,Others,Swansea,UK,0.5,debit
3028,2019-10-21,DEB,NON-GBP TRANS FEE,0.81,,4629.55,Others,Swansea,UK,0.81,debit
3029,2019-10-21,DEB,OLD NAVY 4218,27.21,,4630.36,Clothes,Unknown,Unknown,27.21,debit
3030,2019-10-21,DEB,NON-GBP PURCH FEE,0.5,,4657.57,Others,Swansea,UK,0.5,debit
3031,2019-10-21,DEB,NON-GBP TRANS FEE,0.55,,4658.07,Others,Swansea,UK,0.55,debit
3032,2019-10-21,DEB,UBER   TRIP,18.52,,4658.62,Travel,Unknown,Unknown,18.52,debit
3033,2019-10-21,DEB,NON-GBP PURCH FEE,0.5,,4677.14,Others,Swansea,UK,0.5,debit
3034,2019-10-21,DEB,NON-GBP TRANS FEE,1.32,,4677.64,Others,Swansea,UK,1.32,debit
3035,2019-10-21,DEB,DHERGANE FARAH,44.4,,4678.96,Services,Swansea,UK,44.4,debit
3036,2019-10-21,DEB,TFW RAIL SERVICES,50.4,,4723.36,Travel,Unknown,Unknown,50.4,debit
3037,2019-10-21,DEB,M&S SIMPLY FOOD SS,6.4,,4773.76,Groceries,Swansea,UK,6.4,debit
3038,2019-10-18,DEB,AIRBNB * HMABB9424,705.58,,4780.16,Hotels,Unknown,Unknown,705.58,debit
3039,2019-10-18,BP,SAVE THE CHANGE,0.02,,5485.74,Savings,Swansea,UK,0.02,debit
3040,2019-10-17,DEB,Audible.co.uk,18.0,,5485.76,Entertainment,Swansea,UK,18.0,debit
3041,2019-10-17,DEB,AMZNMktplace,11.99,,5503.76,Amazon,Swansea,UK,11.99,debit
3042,2019-10-17,DEB,AMZNMKTPLACE AMAZO,11.99,,5515.75,Amazon,Swansea,UK,11.99,debit
3043,2019-10-17,BP,SAVE THE CHANGE,0.23,,5527.74,Savings,Swansea,UK,0.23,debit
3044,2019-10-16,DEB,TURKISH LTD 311058,12.77,,5527.97,Travel,Unknown,Unknown,12.77,debit
3045,2019-10-16,CHQ,54,35.0,,5540.74,Cash,Unknown,Unknown,35.0,debit
3046,2019-10-16,DD,O2,18.39,,5575.74,Other Shopping,Swansea,UK,18.39,debit
3047,2019-10-16,BP,SAVE THE CHANGE,0.2,,5594.13,Savings,Swansea,UK,0.2,debit
3048,2019-10-15,DEB,AMZNMktplace,6.8,,5594.33,Amazon,Swansea,UK,6.8,debit
3049,2019-10-15,CPT,LNK TESCO FABIAN W,50.0,,5601.13,Cash,Swansea,UK,50.0,debit
3050,2019-10-14,BP,SAVE THE CHANGE,1.15,,5651.13,Savings,Swansea,UK,1.15,debit
3051,2019-10-14,DEB,Brontosaurus Vegan,14.35,,5652.28,Dine Out,Swansea,UK,14.35,debit
3052,2019-10-14,DEB,MARKS&SPENCER PLC,4.7,,5666.63,Clothes,Unknown,Unknown,4.7,debit
3053,2019-10-14,CPT,LNK M&S SWANSEA,50.0,,5671.33,Cash,Swansea,UK,50.0,debit
3054,2019-11-10,DEB,TFW RAIL SERVICES,103.8,,5721.33,Travel,Unknown,Unknown,103.8,debit
3055,2019-10-10,BP,SAVE THE CHANGE,0.11,,5825.13,Savings,Swansea,UK,0.11,debit
3056,2019-09-10,DEB,Amazon.co.uk*MO5VX,7.89,,5825.24,Amazon,Swansea,UK,7.89,debit
3057,2019-09-10,CPT,LNK TESCO FABIAN W,50.0,,5833.13,Cash,Swansea,UK,50.0,debit
3058,2019-08-10,BP,SAVE THE CHANGE,0.08,,5883.13,Savings,Swansea,UK,0.08,debit
3059,2019-07-10,DEB,AMZNMktplace,8.92,,5883.21,Amazon,Swansea,UK,8.92,debit
3060,2019-07-10,DD,HARLANDS,25.0,,5892.13,Fitness,Swansea,UK,25.0,debit
3061,2019-07-10,DD,THE GYM LTD,14.99,,5917.13,Fitness,Swansea,UK,14.99,debit
3062,2019-07-10,BP,SAVE THE CHANGE,1.54,,5932.12,Savings,Swansea,UK,1.54,debit
3063,2019-07-10,DEB,WILKO RETAIL LIMIT,21.25,,5933.66,Other Shopping,Unknown,Unknown,21.25,debit
3064,2019-07-10,DEB,MARKS&SPENCER PLC,11.71,,5954.91,Clothes,Unknown,Unknown,11.71,debit
3065,2019-07-10,DEB,SAINSBURYS S/MKTS,13.5,,5966.62,Groceries,Unknown,Unknown,13.5,debit
3066,2019-07-10,FPO,AMELIA TERESZKIEWI,20.0,,5980.12,Services,Swansea,UK,20.0,debit
3067,2019-04-10,DEB,TESCO STORES 4628,5.0,,6000.12,Groceries,Unknown,Unknown,5.0,debit
3068,2019-04-10,CPT,LNK TESCO FABIAN W,40.0,,6005.12,Cash,Swansea,UK,40.0,debit
3069,2019-03-10,DEB,THE BIKE HUB,30.0,,6045.12,Other Shopping,Unknown,Unknown,30.0,debit
3070,2019-02-10,DEP,CLUB LLOYDS WAIVED,,3.0,6075.12,Supplementary Income,Swansea,UK,3.0,credit
3071,2019-02-10,PAY,CLUB LLOYDS FEE,3.0,,6072.12,Bills,Swansea,UK,3.0,debit
3072,2019-02-10,CPT,LNK SWANSEA CITY C,50.0,,6075.12,Cash,Swansea,UK,50.0,debit
3073,2019-02-10,BP,SAVE THE CHANGE,0.2,,6125.12,Savings,Swansea,UK,0.2,debit
3074,2019-01-10,Unknown,INTEREST (GROSS),,5.78,6125.32,Interest,Swansea,UK,5.78,credit
3075,2019-01-10,DEB,PETER ALAN RESIDEN,178.8,,6119.54,Rent,Swansea,UK,178.8,debit
3076,2019-01-10,DD,SANTANDER MORTGAGE,959.09,,6298.34,Mortgage,Swansea,UK,959.09,debit
3077,2019-01-10,DD,CC SWANSEA C.TAX,147.0,,7257.43,Bills,Swansea,UK,147.0,debit
3078,2019-01-10,DD,GOOD ENERGY LTD,50.0,,7404.43,Bills,Swansea,UK,50.0,debit
3079,2019-01-10,DD,DWR CYMRU W WATER,32.5,,7454.43,Bills,Swansea,UK,32.5,debit
3080,2019-01-10,DD,ZURICH,24.82,,7486.93,Insurance,Swansea,UK,24.82,debit
3081,2019-01-10,SO,ESAVINGS ACCOUNT,300.0,,7511.75,Savings,Swansea,UK,300.0,debit
3082,2019-09-30,DD,UCU B ACCOUNT,24.76,,7811.75,Others,Swansea,UK,24.76,debit
3083,2019-09-30,BP,SAVE THE CHANGE,2.48,,7836.51,Savings,Swansea,UK,2.48,debit
3084,2019-09-30,BGC,SWANSEA UNI - PAY,,3311.76,7838.99,Paycheck,Swansea,UK,3311.76,credit
3085,2019-09-30,DEB,Brontosaurus Vegan,21.77,,4527.23,Dine Out,Swansea,UK,21.77,debit
3086,2019-09-30,DEB,MARKS&SPENCER PLC,7.1,,4549.0,Clothes,Unknown,Unknown,7.1,debit
3087,2019-09-30,DEB,SAINSBURYS S/MKTS,22.5,,4556.1,Groceries,Unknown,Unknown,22.5,debit
3088,2019-09-30,CPT,LNK M&S SWANSEA,50.0,,4578.6,Cash,Swansea,UK,50.0,debit
3089,2019-09-27,DEB,TURKISH LTD 311058,13.15,,4628.6,Travel,Unknown,Unknown,13.15,debit
3090,2019-09-27,CPT,LNK TESCO FABIAN W,30.0,,4641.75,Cash,Swansea,UK,30.0,debit
3091,2019-09-25,CPT,LNK TESCO FABIAN W,50.0,,4671.75,Cash,Swansea,UK,50.0,debit
3092,2019-09-25,BP,SAVE THE CHANGE,0.01,,4721.75,Savings,Swansea,UK,0.01,debit
3093,2019-09-24,DEB,Audible.co.uk,7.99,,4721.76,Entertainment,Swansea,UK,7.99,debit
3094,2019-09-24,BP,SAVE THE CHANGE,0.3,,4729.75,Savings,Swansea,UK,0.3,debit
3095,2019-09-23,DEB,Audible.co.uk,18.0,,4730.05,Entertainment,Swansea,UK,18.0,debit
3096,2019-09-23,DEB,MARKS&SPENCER PLC,4.7,,4748.05,Clothes,Unknown,Unknown,4.7,debit
3097,2019-09-23,DEB,URBANZENINSTRUCTOR,7.0,,4752.75,Services,Swansea,UK,7.0,debit
3098,2019-09-23,CHQ,53,500.0,,4759.75,Cash,Unknown,Unknown,500.0,debit
3099,2019-09-23,DD,VIRGIN MEDIA PYMTS,36.8,,5259.75,Bills,Swansea,UK,36.8,debit
3100,2019-09-23,DD,CORGI HOMEPLAN,14.75,,5296.55,Home Improvement,swansea,UK,14.75,debit
3101,2019-09-23,BP,SAVE THE CHANGE,0.63,,5311.3,Savings,Swansea,UK,0.63,debit
3102,2019-09-23,DEB,Brontosaurus Vegan,10.79,,5311.93,Dine Out,Swansea,UK,10.79,debit
3103,2019-09-23,CPT,LNK PO THE CITYOFS,50.0,,5322.72,Cash,Unknown,Unknown,50.0,debit
3104,2019-09-20,DEB,AMZNMktplace,30.58,,5372.72,Amazon,Swansea,UK,30.58,debit
3105,2019-09-20,BP,SAVE THE CHANGE,0.25,,5403.3,Savings,Swansea,UK,0.25,debit
3106,2019-09-20,BGC,UNIV OF NOTTINGHAM,,186.29,5403.55,Paycheck,Nottingham,UK,186.29,credit
3107,2019-09-19,DEB,NON-GBP PURCH FEE,0.5,,5217.26,Others,Swansea,UK,0.5,debit
3108,2019-09-19,DEB,NON-GBP TRANS FEE,1.36,,5217.76,Others,Swansea,UK,1.36,debit
3109,2019-09-19,DEB,NAME-CHEAP.COM,45.75,,5219.12,Purchase of uk.eg.org,Swansea,UK,45.75,debit
3110,2019-09-19,BP,SAVE THE CHANGE,0.05,,5264.87,Savings,Swansea,UK,0.05,debit
3111,2019-09-18,DEB,WWW.FREEDOM-LEISUR,5.95,,5264.92,Entertainment,Worcester,UK,5.95,debit
3112,2019-09-17,DEB,ODEON UPT,10.0,,5270.87,Entertainment,Unknown,Unknown,10.0,debit
3113,2019-09-17,TFR,F/FLOW AARHUS UNIV,,250.31,5280.87,Supplementary Income,Swansea,UK,250.31,credit
3114,2019-09-16,CPT,LNK TESCO FABIAN W,50.0,,5030.56,Cash,Swansea,UK,50.0,debit
3115,2019-09-16,DD,O2,23.38,,5080.56,Other Shopping,Swansea,UK,23.38,debit
3116,2019-09-16,BP,SAVE THE CHANGE,1.76,,5103.94,Savings,Swansea,UK,1.76,debit
3117,2019-09-16,DEB,Brontosaurus Vegan,13.28,,5105.7,Dine Out,Swansea,UK,13.28,debit
3118,2019-09-16,DEB,SPORTSDIRECT 141,41.99,,5118.98,Other Shopping,Unknown,Unknown,41.99,debit
3119,2019-09-16,DEB,Brontosaurus Vegan,13.04,,5160.97,Dine Out,Swansea,UK,13.04,debit
3120,2019-09-13,DEB,AMZNMktplace,9.99,,5174.01,Amazon,Swansea,UK,9.99,debit
3121,2019-09-13,DEB,AMZNMKTPLACE AMAZO,9.99,,5184.0,Amazon,Swansea,UK,9.99,debit
3122,2019-09-13,DEB,WWW.FREEDOM-LEISUR,5.95,,5193.99,Entertainment,Worcester,UK,5.95,debit
3123,2019-09-13,CPT,LOYD LOYD 802 OXFO,80.0,,5199.94,Cash,Swansea,UK,80.0,debit
3124,2019-09-13,BP,SAVE THE CHANGE,0.45,,5279.94,Savings,Swansea,UK,0.45,debit
3125,2019-12-09,DEB,SAINSBURYS S/MKTS,28.55,,5280.39,Groceries,Unknown,Unknown,28.55,debit
3126,2019-12-09,BP,SAVE THE CHANGE,0.1,,5308.94,Savings,Swansea,UK,0.1,debit
3127,2019-11-09,DEB,WWW.FREEDOM-LEISUR,5.95,,5309.04,Entertainment,Worcester,UK,5.95,debit
3128,2019-11-09,DEB,Amazon.co.uk*MA0PV,0.95,,5314.99,Amazon,Swansea,UK,0.95,debit
3129,2019-11-09,BP,SAVE THE CHANGE,0.9,,5315.94,Savings,Swansea,UK,0.9,debit
3130,2019-10-09,DEB,TESCO STORES 5957,6.1,,5316.84,Groceries,Unknown,Unknown,6.1,debit
3131,2019-10-09,CPT,LNK TESCO FABIAN W,50.0,,5322.94,Cash,Swansea,UK,50.0,debit
3132,2019-10-09,BP,SAVE THE CHANGE,1.34,,5372.94,Savings,Swansea,UK,1.34,debit
3133,2019-09-09,DEB,ORCHARD HOTEL,89.0,,5374.28,Hotels,Nottingham,UK,89.0,debit
3134,2019-09-09,DEB,TFW RAIL SERVICES,84.2,,5463.28,Travel,Unknown,Unknown,84.2,debit
3135,2019-09-09,DEB,AMZNMktplace,9.97,,5547.48,Amazon,Swansea,UK,9.97,debit
3136,2019-09-09,DEB,WH SMITH,6.49,,5557.45,Other Shopping,Unknown,Unknown,6.49,debit
3137,2019-09-09,DEB,POUNDLAND LTD 1414,4.0,,5563.94,Groceries,Unknown,Unknown,4.0,debit
3138,2019-09-09,DEB,Audible.co.uk,18.0,,5567.94,Entertainment,Swansea,UK,18.0,debit
3139,2019-09-09,DD,THE GYM LTD,14.99,,5585.94,Fitness,Swansea,UK,14.99,debit
3140,2019-09-09,BP,SAVE THE CHANGE,0.51,,5600.93,Savings,Swansea,UK,0.51,debit
3141,2019-09-09,DEB,MARKS&SPENCER PLC,12.5,,5601.44,Clothes,Unknown,Unknown,12.5,debit
3142,2019-09-09,DEB,MARKS&SPENCER PLC,11.0,,5613.94,Clothes,Unknown,Unknown,11.0,debit
3143,2019-09-09,CPT,LNK M&S SWANSEA,50.0,,5624.94,Cash,Swansea,UK,50.0,debit
3144,2019-06-09,DEB,AMZNMKTPLACE AMAZO,10.99,,5674.94,Amazon,Swansea,UK,10.99,debit
3145,2019-06-09,CPT,LNK TESCO FABIAN W,50.0,,5685.93,Cash,Swansea,UK,50.0,debit
3146,2019-05-09,BP,SAVE THE CHANGE,0.75,,5735.93,Savings,Swansea,UK,0.75,debit
3147,2019-04-09,DEB,SAINSBURYS S/MKTS,13.55,,5736.68,Groceries,Unknown,Unknown,13.55,debit
3148,2019-04-09,DEB,WWW.FREEDOM-LEISUR,5.95,,5750.23,Entertainment,Worcester,UK,5.95,debit
3149,2019-04-09,DEB,AMZNMktplace,2.75,,5756.18,Amazon,Swansea,UK,2.75,debit
3150,2019-04-09,CPT,LNK TESCO FABIAN W,50.0,,5758.93,Cash,Swansea,UK,50.0,debit
3151,2019-04-09,BP,SAVE THE CHANGE,0.19,,5808.93,Savings,Swansea,UK,0.19,debit
3152,2019-03-09,DEP,CLUB LLOYDS WAIVED,,3.0,5809.12,Supplementary Income,Swansea,UK,3.0,credit
3153,2019-03-09,PAY,CLUB LLOYDS FEE,3.0,,5806.12,Bills,Swansea,UK,3.0,debit
3154,2019-03-09,DEB,WWW.III.CO.UK DE,1000.0,,5809.12,Investment,Swansea,UK,1000.0,debit
3155,2019-03-09,DEB,AMZNMktplace,2.81,,6809.12,Amazon,Swansea,UK,2.81,debit
3156,2019-03-09,BP,SAVE THE CHANGE,0.4,,6811.93,Savings,Swansea,UK,0.4,debit
3157,2019-02-09,Unknown,INTEREST (GROSS),,6.53,6812.33,Interest,Swansea,UK,6.53,credit
3158,2019-02-09,FPI,E JAKUBOWSKA,,15.0,6805.8,Supplementary Income,Swansea,UK,15.0,credit
3159,2019-02-09,DEB,M&S SIMPLY FOOD SS,9.6,,6790.8,Groceries,Swansea,UK,9.6,debit
3160,2019-02-09,DD,SANTANDER MORTGAGE,1018.45,,6800.4,Mortgage,Swansea,UK,1018.45,debit
3161,2019-02-09,DD,CC SWANSEA C.TAX,147.0,,7818.85,Bills,Swansea,UK,147.0,debit
3162,2019-02-09,DD,GOOD ENERGY LTD,50.0,,7965.85,Bills,Swansea,UK,50.0,debit
3163,2019-02-09,DD,DWR CYMRU W WATER,32.5,,8015.85,Bills,Swansea,UK,32.5,debit
3164,2019-02-09,DD,ZURICH,20.69,,8048.35,Insurance,Swansea,UK,20.69,debit
3165,2019-02-09,SO,ESAVINGS ACCOUNT,300.0,,8069.04,Savings,Swansea,UK,300.0,debit
3166,2019-08-30,DD,UCU B ACCOUNT,24.26,,8369.04,Others,Swansea,UK,24.26,debit
3167,2019-08-30,BGC,SWANSEA UNI - PAY,,3311.76,8393.3,Paycheck,Swansea,UK,3311.76,credit
3168,2019-08-28,DEB,FOREIGN CASH FEE,1.5,,5081.54,Travel,Unknown,Unknown,1.5,debit
3169,2019-08-28,DEB,CALLE CATALUNA 4,207.55,,5083.04,Travel,Madrid,Spain,207.55,debit
3170,2019-08-28,DEB,REVOLUT*7996*,10.0,,5290.59,Dine Out,Unknown,Unknown,10.0,debit
3171,2019-08-27,BP,SAVE THE CHANGE,3.08,,5300.59,Savings,Swansea,UK,3.08,debit
3172,2019-08-27,DEB,NON-GBP PURCH FEE,0.5,,5303.67,Others,Swansea,UK,0.5,debit
3173,2019-08-27,DEB,NON-GBP TRANS FEE,8.51,,5304.17,Others,Swansea,UK,8.51,debit
3174,2019-08-27,DEB,AMISTAT ISLAND HOS,284.75,,5312.68,Hotels,Illes Balears,Spain,284.75,debit
3175,2019-08-27,DEB,WWW.III.CO.UK DE,500.0,,5597.43,Investment,Nottingham,UK,500.0,debit
3176,2019-08-27,DEB,WWW.III.CO.UK DE,500.0,,6097.43,Investment,Nottingham,UK,500.0,debit
3177,2019-08-27,DEB,TFW RAIL SERVICES,50.4,,6597.43,Travel,Unknown,Unknown,50.4,debit
3178,2019-08-27,DEB,BRS WDF MAIN,20.83,,6647.83,Other Shopping,Bristol,Unknown,20.83,debit
3179,2019-08-27,DEB,M&S SIMPLY FOOD SS,8.0,,6668.66,Groceries,Swansea,UK,8.0,debit
3180,2019-08-27,DEB,STARBUCKS COFFEE C,4.05,,6676.66,Dine Out,Unknown,Unknown,4.05,debit
3181,2019-08-27,DEB,Audible.co.uk,7.99,,6680.71,Entertainment,Swansea,UK,7.99,debit
3182,2019-08-27,DEB,SWANSEA UNI - CATE,4.65,,6688.7,Dine Out,Swansea,UK,4.65,debit
3183,2019-08-27,TFR,R LAWRENCE  24AUG19,,500.0,6693.35,Supplementary Income,Swansea,UK,500.0,credit
3184,2019-08-23,DEB,ZINCO LOUNGE,21.25,,6193.35,Dine Out,Swansea,UK,21.25,debit
3185,2019-08-23,CPT,LNK FABIAN WAY,50.0,,6214.6,Cash,Swansea,UK,50.0,debit
3186,2019-08-22,DD,CORGI HOMEPLAN,14.75,,6264.6,Home Improvement,swansea,UK,14.75,debit
3187,2019-08-22,BP,SAVE THE CHANGE,0.05,,6279.35,Savings,Swansea,UK,0.05,debit
3188,2019-08-21,DEB,WWW.FREEDOM-LEISUR,5.95,,6279.4,Entertainment,Worcester,UK,5.95,debit
3189,2019-08-21,DEB,URBANZENINSTRUCTOR,7.0,,6285.35,Services,Swansea,UK,7.0,debit
3190,2019-08-21,CPT,LNK M&S SWANSEA,60.0,,6292.35,Cash,Swansea,UK,60.0,debit
3191,2019-08-21,DD,VIRGIN MEDIA PYMTS,29.0,,6352.35,Bills,Swansea,UK,29.0,debit
3192,2019-08-21,BP,SAVE THE CHANGE,0.54,,6381.35,Savings,Swansea,UK,0.54,debit
3193,2019-08-20,DEB,AMZNMktplace,19.97,,6381.89,Amazon,Swansea,UK,19.97,debit
3194,2019-08-20,DEB,AMZNMKTPLACE AMAZO,12.99,,6401.86,Amazon,Swansea,UK,12.99,debit
3195,2019-08-20,DEB,TESCO STORES 4628,6.5,,6414.85,Groceries,Unknown,Unknown,6.5,debit
3196,2019-08-20,BP,SAVE THE CHANGE,1.11,,6421.35,Savings,Swansea,UK,1.11,debit
3197,2019-08-19,DEB,WWW.III.CO.UK DE,900.0,,6422.46,Investment,Nottingham,UK,900.0,debit
3198,2019-08-19,DEB,Audible.co.uk,4.41,,7322.46,Entertainment,Swansea,UK,4.41,debit
3199,2019-08-19,DEB,SCANDIC AARHUS CIT,21.48,,7326.87,Travel,Aarhus,Denmark,21.48,debit
3200,2019-08-19,BP,SAVE THE CHANGE,5.74,,7348.35,Savings,Swansea,UK,5.74,debit
3201,2019-08-19,CPT,LNK 90146901 SA1 G,40.0,,7354.09,Cash,Unknown,Unknown,40.0,debit
3202,2019-08-19,DEB,NON-GBP PURCH FEE,0.5,,7394.09,Others,Swansea,UK,0.5,debit
3203,2019-08-19,DEB,NON-GBP TRANS FEE,1.63,,7394.59,Others,Swansea,UK,1.63,debit
3204,2019-08-19,DEB,AMISTATISLANDHOSTE,54.72,,7396.22,Hotels,Illes Balears,Spain,54.72,debit
3205,2019-08-19,DEB,NON-GBP PURCH FEE,0.5,,7450.94,Others,Swansea,UK,0.5,debit
3206,2019-08-19,DEB,NON-GBP TRANS FEE,1.15,,7451.44,Others,Swansea,UK,1.15,debit
3207,2019-08-19,DEB,MIB AARHUS LUFTHAV,38.72,,7452.59,Dine Out,Aarhus,Denmark,38.72,debit
3208,2019-08-19,DEB,NON-GBP PURCH FEE,0.5,,7491.31,Others,Swansea,UK,0.5,debit
3209,2019-08-19,DEB,NON-GBP TRANS FEE,0.42,,7491.81,Others,Swansea,UK,0.42,debit
3210,2019-08-19,DEB,MIDTTRAFIK,14.18,,7492.23,Travel,Unknown,Unknown,14.18,debit
3211,2019-08-19,DEB,NON-GBP PURCH FEE,0.5,,7506.41,Others,Swansea,UK,0.5,debit
3212,2019-08-19,DEB,NON-GBP TRANS FEE,0.33,,7506.91,Others,Swansea,UK,0.33,debit
3213,2019-08-19,DEB,MIB AARHUS LUFTHAV,11.1,,7507.24,Dine Out,Aarhus,Denmark,11.1,debit
3214,2019-08-19,DEB,NON-GBP PURCH FEE,0.5,,7518.34,Others,Swansea,UK,0.5,debit
3215,2019-08-19,DEB,NON-GBP TRANS FEE,0.53,,7518.84,Others,Swansea,UK,0.53,debit
3216,2019-08-19,DEB,TAXAS KUNDECENTER,18.01,,7519.37,Services,Swansea,UK,18.01,debit
3217,2019-08-19,DEB,NON-GBP PURCH FEE,0.5,,7537.38,Others,Swansea,UK,0.5,debit
3218,2019-08-19,DEB,NON-GBP TRANS FEE,0.4,,7537.88,Others,Swansea,UK,0.4,debit
3219,2019-08-19,DEB,SHAKSHUKA,13.57,,7538.28,Dine Out,Unknown,Unknown,13.57,debit
3220,2019-08-19,DEB,NON-GBP PURCH FEE,0.5,,7551.85,Others,Swansea,UK,0.5,debit
3221,2019-08-19,DEB,NON-GBP TRANS FEE,0.19,,7552.35,Others,Swansea,UK,0.19,debit
3222,2019-08-19,DEB,DEEDEES ApS,6.41,,7552.54,Dine Out,Aarhus,Denmark,6.41,debit
3223,2019-08-16,DEB,NON-GBP PURCH FEE,0.5,,7558.95,Others,Swansea,UK,0.5,debit
3224,2019-08-16,DEB,NON-GBP TRANS FEE,0.42,,7559.45,Others,Swansea,UK,0.42,debit
3225,2019-08-16,DEB,MIDTTRAFIK,14.26,,7559.87,Travel,Unknown,Unknown,14.26,debit
3226,2019-08-16,DEB,RADISSON BLU HOTEL,114.3,,7574.13,Hotels,Leeds,UK,114.3,debit
3227,2019-08-16,DEB,AMZNMKTPLACE AMAZO,5.99,,7688.43,Amazon,Swansea,UK,5.99,debit
3228,2019-08-16,DD,O2,23.38,,7694.42,Other Shopping,Swansea,UK,23.38,debit
3229,2019-08-16,BP,SAVE THE CHANGE,1.22,,7717.8,Savings,Swansea,UK,1.22,debit
3230,2019-08-16,BGC,SWANSEA UNIVERSITY,,1695.55,7719.02,Supplementary Income,Swansea,UK,1695.55,credit
3231,2019-08-15,DEB,TFW RAIL SERVICES,97.1,,6023.47,Travel,Unknown,Unknown,97.1,debit
3232,2019-08-15,DEB,Brontosaurus Vegan,12.99,,6120.57,Dine Out,Swansea,UK,12.99,debit
3233,2019-08-15,DEB,RYANAIR   224000,28.69,,6133.56,Travel,Unknown,Unknown,28.69,debit
3234,2019-08-15,BP,SAVE THE CHANGE,0.01,,6162.25,Savings,Swansea,UK,0.01,debit
3235,2019-08-14,DEB,RYANAIR   224000,29.0,,6162.26,Travel,Unknown,Unknown,29.0,debit
3236,2019-08-14,DEB,AMZNMktplace,16.99,,6191.26,Amazon,Swansea,UK,16.99,debit
3237,2019-08-14,BP,SAVE THE CHANGE,0.11,,6208.25,Savings,Swansea,UK,0.11,debit
3238,2019-08-13,DEB,WWW.III.CO.UK DE,1100.0,,6208.36,Investment,Nottingham,UK,1100.0,debit
3239,2019-08-13,DEB,SAINSBURYS S/MKTS,16.9,,7308.36,Groceries,Unknown,Unknown,16.9,debit
3240,2019-08-13,DEB,AMZNMktplace,9.99,,7325.26,Amazon,Swansea,UK,9.99,debit
3241,2019-08-13,CPT,LNK TESCO FABIAN W,60.0,,7335.25,Cash,Swansea,UK,60.0,debit
3242,2019-08-13,BP,SAVE THE CHANGE,0.45,,7395.25,Savings,Swansea,UK,0.45,debit
3243,2019-12-08,TFR,R LAWRENCE,,1100.0,7395.7,Supplementary Income,Swansea,UK,1100.0,credit
3244,2019-12-08,DEB,COFFEE#1 SWANSEA,8.55,,6295.7,Dine Out,Swansea,UK,8.55,debit
3245,2019-12-08,BP,SAVE THE CHANGE,4.55,,6304.25,Savings,Swansea,UK,4.55,debit
3246,2019-12-08,DEB,COFFEE#1 SWANSEA,11.85,,6308.8,Dine Out,Swansea,UK,11.85,debit
3247,2019-12-08,DEB,VALLEY MILL LTD,10.95,,6320.65,Other Shopping,Unknown,Unknown,10.95,debit
3248,2019-12-08,DEB,MARKS&SPENCER PLC,9.7,,6331.6,Clothes,Unknown,Unknown,9.7,debit
3249,2019-12-08,DEB,WILKO RETAIL LIMIT,8.0,,6341.3,Other Shopping,Unknown,Unknown,8.0,debit
3250,2019-12-08,DEB,WILKO RETAIL LIMIT,6.5,,6349.3,Other Shopping,Unknown,Unknown,6.5,debit
3251,2019-12-08,FPO,AMELIA TERESZKIEWI,35.0,,6355.8,Services,Swansea,UK,35.0,debit
3252,2019-12-08,DEB,NON-GBP PURCH FEE,0.5,,6390.8,Others,Swansea,UK,0.5,debit
3253,2019-12-08,DEB,NON-GBP TRANS FEE,0.19,,6391.3,Others,Swansea,UK,0.19,debit
3254,2019-12-08,DEB,HMSHOST AMSTERDAM,6.52,,6391.49,Dine Out,Amsterdam,Netherlands,6.52,debit
3255,2019-12-08,DEB,ZINCO LOUNGE,12.45,,6398.01,Dine Out,Swansea,UK,12.45,debit
3256,2019-12-08,DEB,AMZNMktplace,3.26,,6410.46,Amazon,Swansea,UK,3.26,debit
3257,2019-12-08,DEB,AMZNMktplace,2.97,,6413.72,Amazon,Swansea,UK,2.97,debit
3258,2019-12-08,DEB,AMZNMKTPLACE AMAZO,66.94,,6416.69,Amazon,Swansea,UK,66.94,debit
3259,2019-12-08,CPT,LNK SWANSEA CITY C,50.0,,6483.63,Cash,Swansea,UK,50.0,debit
3260,2019-12-08,DEB,NON-GBP PURCH FEE,0.5,,6533.63,Others,Swansea,UK,0.5,debit
3261,2019-12-08,DEB,NON-GBP TRANS FEE,1.38,,6534.13,Others,Swansea,UK,1.38,debit
3262,2019-12-08,DEB,DELTA AIR   Baggag,46.3,,6535.51,Travel,Unknown,Unknown,46.3,debit
3263,2019-09-08,CPT,LNK TESCO FABIAN W,60.0,,6581.81,Cash,Swansea,UK,60.0,debit
3264,2019-09-08,DEB,NON-GBP PURCH FEE,0.5,,6641.81,Others,Swansea,UK,0.5,debit
3265,2019-09-08,DEB,NON-GBP TRANS FEE,1.4,,6642.31,Others,Swansea,UK,1.4,debit
3266,2019-09-08,DEB,NEWSLINK 16 BOS,47.01,,6643.71,Other Shopping,Boston,USA,47.01,debit
3267,2019-08-08,DEB,WWW.III.CO.UK DE,100.0,,6690.72,Investment,Swansea,UK,100.0,debit
3268,2019-07-08,DD,THE GYM LTD,14.99,,6790.72,Fitness,Swansea,UK,14.99,debit
3269,2019-07-08,BP,SAVE THE CHANGE,0.53,,6805.71,Savings,Swansea,UK,0.53,debit
3270,2019-06-08,DEB,WWW.III.CO.UK DE,1000.0,,6806.24,Investment,Swansea,UK,1000.0,debit
3271,2019-06-08,DEB,NON-GBP PURCH FEE,0.5,,7806.24,Others,Swansea,UK,0.5,debit
3272,2019-06-08,DEB,NON-GBP TRANS FEE,1.06,,7806.74,Others,Swansea,UK,1.06,debit
3273,2019-06-08,DEB,WHOLEFDS BLH 10091,35.47,,7807.8,Groceries ,Unknown,Unknown,35.47,debit
3274,2019-05-08,BP,SAVE THE CHANGE,0.44,,7843.27,Savings,Swansea,UK,0.44,debit
3275,2019-05-08,DEB,NON-GBP PURCH FEE,0.5,,7843.71,Others,Swansea,UK,0.5,debit
3276,2019-05-08,DEB,NON-GBP TRANS FEE,1.16,,7844.21,Others,Swansea,UK,1.16,debit
3277,2019-05-08,DEB,SHAWS #0677,38.88,,7845.37,Services,Swansea,UK,38.88,debit
3278,2019-02-08,DEP,CLUB LLOYDS WAIVED,,3.0,7884.25,Supplementary Income,Swansea,UK,3.0,credit
3279,2019-02-08,PAY,CLUB LLOYDS FEE,3.0,,7881.25,Bills,Swansea,UK,3.0,debit
3280,2019-02-08,DEB,NON-GBP PURCH FEE,0.5,,7884.25,Others,Swansea,UK,0.5,debit
3281,2019-02-08,DEB,NON-GBP TRANS FEE,0.7,,7884.75,Others,Swansea,UK,0.7,debit
3282,2019-02-08,DEB,SAVERS - 1207,23.68,,7885.45,Other Shopping,Unknown,Unknown,23.68,debit
3283,2019-02-08,BP,SAVE THE CHANGE,0.04,,7909.13,Savings,Swansea,UK,0.04,debit
3284,2019-01-08,Unknown,INTEREST (GROSS),,5.53,7909.17,Interest,Swansea,UK,5.53,credit
3285,2019-01-08,DD,CC SWANSEA C.TAX,147.0,,7903.64,Bills,Swansea,UK,147.0,debit
3286,2019-01-08,DD,GOOD ENERGY LTD,50.0,,8050.64,Bills,Swansea,UK,50.0,debit
3287,2019-01-08,DD,DWR CYMRU W WATER,32.5,,8100.64,Bills,Swansea,UK,32.5,debit
3288,2019-01-08,DD,ZURICH,20.69,,8133.14,Insurance,Swansea,UK,20.69,debit
3289,2019-01-08,DEB,NON-GBP PURCH FEE,0.5,,8153.83,Others,Swansea,UK,0.5,debit
3290,2019-01-08,DEB,NON-GBP TRANS FEE,0.98,,8154.33,Others,Swansea,UK,0.98,debit
3291,2019-01-08,DEB,GAP US 822,32.96,,8155.31,Clothes,Unknown,Unknown,32.96,debit
3292,2019-01-08,SO,ESAVINGS ACCOUNT,300.0,,8188.27,Savings,Swansea,UK,300.0,debit
3293,2019-01-08,BP,SAVE THE CHANGE,0.75,,8488.27,Savings,Swansea,UK,0.75,debit
3294,2019-07-31,DEB,DOUBLETREE BY HILT,101.25,,8489.02,Hotels,Unknown,Unknown,101.25,debit
3295,2019-07-31,DD,UCU B ACCOUNT,24.26,,8590.27,Others,Swansea,UK,24.26,debit
3296,2019-07-31,BP,SAVE THE CHANGE,0.6,,8614.53,Savings,Swansea,UK,0.6,debit
3297,2019-07-31,BGC,SWANSEA UNI - PAY,,3265.85,8615.13,Paycheck,Swansea,UK,3265.85,credit
3298,2019-07-30,DEB,NON-GBP CASH FEE,1.5,,5349.28,Others,Swansea,UK,1.5,debit
3299,2019-07-30,DEB,NON-GBP TRANS FEE,4.97,,5350.78,Others,Swansea,UK,4.97,debit
3300,2019-07-30,DEB,*EASTERN AVENUE RE,166.24,,5355.75,Home Improvement,swansea,UK,166.24,debit
3301,2019-07-30,DEB,TFW RAIL SERVICES,50.4,,5521.99,Travel,Unknown,Unknown,50.4,debit
3302,2019-07-30,BP,SAVE THE CHANGE,0.99,,5572.39,Savings,Swansea,UK,0.99,debit
3303,2019-07-29,DEB,Brontosaurus Vegan,15.52,,5573.38,Dine Out,Swansea,UK,15.52,debit
3304,2019-07-29,DEB,AMZNMktplace,199.49,,5588.9,Amazon,Swansea,UK,199.49,debit
3305,2019-07-29,DEB,URBANZENINSTRUCTOR,7.0,,5788.39,Services,Swansea,UK,7.0,debit
3306,2019-07-29,CPT,LOYD LOYD 802 OXFO,50.0,,5795.39,Cash,Swansea,UK,50.0,debit
3307,2019-07-26,BP,SAVE THE CHANGE,1.61,,5845.39,Savings,Swansea,UK,1.61,debit
3308,2019-07-26,BGC,SWANSEA UNIVERSITY,,38.31,5847.0,Supplementary Income,Swansea,UK,38.31,credit
3309,2019-07-25,DEB,NON-GBP PURCH FEE,0.5,,5808.69,Others,Swansea,UK,0.5,debit
3310,2019-07-25,DEB,NON-GBP TRANS FEE,0.69,,5809.19,Others,Swansea,UK,0.69,debit
3311,2019-07-25,DEB,ASKCRAIG,23.34,,5809.88,Entertainment,Unknown,Unknown,23.34,debit
3312,2019-07-25,DEB,RYANAIR   224000,49.97,,5833.22,Travel,Unknown,Unknown,49.97,debit
3313,2019-07-25,DEB,NON-GBP PURCH FEE,0.5,,5883.19,Others,Swansea,UK,0.5,debit
3314,2019-07-25,DEB,NON-GBP TRANS FEE,0.83,,5883.69,Others,Swansea,UK,0.83,debit
3315,2019-07-25,DEB,RYANAIR   000000,28.08,,5884.52,Travel,Unknown,Unknown,28.08,debit
3316,2019-07-25,CPT,LNK TESCO FABIAN W,100.0,,5912.6,Cash,Swansea,UK,100.0,debit
3317,2019-07-25,BP,SAVE THE CHANGE,0.01,,6012.6,Savings,Swansea,UK,0.01,debit
3318,2019-07-24,DEB,Audible.co.uk,7.99,,6012.61,Entertainment,Swansea,UK,7.99,debit
3319,2019-07-23,BP,SAVE THE CHANGE,0.57,,6020.6,Savings,Swansea,UK,0.57,debit
3320,2019-07-22,DEB,T K MAXX,48.93,,6021.17,Other Shopping,Unknown,Unknown,48.93,debit
3321,2019-07-22,DEB,AMZNMktplace,6.5,,6070.1,Amazon,Swansea,UK,6.5,debit
3322,2019-07-22,DEB,URBANZENINSTRUCTOR,7.0,,6076.6,Services,Swansea,UK,7.0,debit
3323,2019-07-22,TFR,F/FLOW GRINDEYS LL,,1069.68,6083.6,Supplementary Income,Swansea,UK,1069.68,credit
3324,2019-07-22,DD,VIRGIN MEDIA PYMTS,29.0,,5013.92,Bills,Swansea,UK,29.0,debit
3325,2019-07-22,DD,CORGI HOMEPLAN,14.75,,5042.92,Home Improvement,swansea,UK,14.75,debit
3326,2019-07-19,FPO,AMELIA TERESZKIEWI,20.0,,5057.67,Services,Swansea,UK,20.0,debit
3327,2019-07-19,CPT,LNK TESCO FABIAN W,50.0,,5077.67,Cash,Swansea,UK,50.0,debit
3328,2019-07-19,BGC,SWANSEA UNIVERSITY,,1868.98,5127.67,Supplementary Income,Swansea,UK,1868.98,credit
3329,2019-07-18,BP,SAVE THE CHANGE,0.7,,3258.69,Savings,Swansea,UK,0.7,debit
3330,2019-07-17,DEB,SAINSBURYS S/MKTS,10.3,,3259.39,Groceries,Unknown,Unknown,10.3,debit
3331,2019-07-17,BP,SAVE THE CHANGE,0.8,,3269.69,Savings,Swansea,UK,0.8,debit
3332,2019-07-16,FPO,CARL DAVENPORT,60.0,,3270.49,Entertainment,Swansea,UK,60.0,debit
3333,2019-07-16,DEB,AMAZON.CO.UK*MH023,36.2,,3330.49,Amazon,Swansea,UK,36.2,debit
3334,2019-07-16,DD,O2,18.45,,3366.69,Other Shopping,Swansea,UK,18.45,debit
3335,2019-07-16,BP,SAVE THE CHANGE,2.54,,3385.14,Savings,Swansea,UK,2.54,debit
3336,2019-07-15,DEB,Brontosaurus Vegan,18.07,,3387.68,Dine Out,Swansea,UK,18.07,debit
3337,2019-07-15,DEB,MARKS&SPENCER PLC,7.7,,3405.75,Clothes,Unknown,Unknown,7.7,debit
3338,2019-07-15,DEB,Audible.co.uk,18.0,,3413.45,Entertainment,Swansea,UK,18.0,debit
3339,2019-07-15,DEB,ZINCO LOUNGE,7.65,,3431.45,Dine Out,Swansea,UK,7.65,debit
3340,2019-07-15,DEB,AMZNMktplace,3.04,,3439.1,Amazon,Swansea,UK,3.04,debit
3341,2019-07-15,DEB,URBANZENINSTRUCTOR,7.0,,3442.14,Services,Swansea,UK,7.0,debit
3342,2019-07-15,BP,SAVE THE CHANGE,0.97,,3449.14,Savings,Swansea,UK,0.97,debit
3343,2019-07-15,CPT,LNK 1 UNION STREET,200.0,,3450.11,Cash,Leicester,UK,200.0,debit
3344,2019-12-07,DEB,EASYJET   000EXG,298.48,,3650.11,Travel,Unknown,Unknown,298.48,debit
3345,2019-12-07,DEB,HOSTEL WORLD,61.55,,3948.59,Hotels,Unknown,Unknown,61.55,debit
3346,2019-11-07,BP,SAVE THE CHANGE,0.15,,4010.14,Savings,Swansea,UK,0.15,debit
3347,2019-10-07,DEB,ZINCO LOUNGE,19.85,,4010.29,Dine Out,Swansea,UK,19.85,debit
3348,2019-10-07,BP,SAVE THE CHANGE,0.08,,4030.14,Savings,Swansea,UK,0.08,debit
3349,2019-09-07,DEB,AMZNMKTPLACE AMAZO,4.92,,4030.22,Amazon,Swansea,UK,4.92,debit
3350,2019-09-07,CPT,LNK M&S SWANSEA,60.0,,4035.14,Cash,Swansea,UK,60.0,debit
3351,2019-09-07,BP,SAVE THE CHANGE,1.72,,4095.14,Savings,Swansea,UK,1.72,debit
3352,2019-08-07,DEB,TFW RAIL SERVICES,11.8,,4096.86,Travel,Unknown,Unknown,11.8,debit
3353,2019-08-07,DEB,AMZN Mktp UK*M635I,7.43,,4108.66,Amazon,Swansea,UK,7.43,debit
3354,2019-08-07,DEB,SWANSEA UNI - CATE,8.05,,4116.09,Dine Out,Swansea,UK,8.05,debit
3355,2019-08-07,DD,THE GYM LTD,14.99,,4124.14,Fitness,Swansea,UK,14.99,debit
3356,2019-08-07,BP,SAVE THE CHANGE,0.6,,4139.13,Savings,Swansea,UK,0.6,debit
3357,2019-05-07,DEB,AMZNMktplace,14.4,,4139.73,Amazon,Swansea,UK,14.4,debit
3358,2019-05-07,CPT,LNK TESCO FABIAN W,100.0,,4154.13,Cash,Swansea,UK,100.0,debit
3359,2019-05-07,BP,SAVE THE CHANGE,0.19,,4254.13,Savings,Swansea,UK,0.19,debit
3360,2019-04-07,DEB,AMZNMKTPLACE AMAZO,1.81,,4254.32,Amazon,Swansea,UK,1.81,debit
3361,2019-03-07,FPO,AMELIA TERESZKIEWI,40.0,,4256.13,Services,Swansea,UK,40.0,debit
3362,2019-03-07,DEB,Amazon.co.uk*M60AR,9.0,,4296.13,Amazon,Swansea,UK,9.0,debit
3363,2019-03-07,BGC,GOOGLE IRELAND,,82.04,4305.13,Supplementary Income,Swansea,UK,82.04,credit
3364,2019-02-07,DEP,CLUB LLOYDS WAIVED,,3.0,4223.09,Supplementary Income,Swansea,UK,3.0,credit
3365,2019-02-07,PAY,CLUB LLOYDS FEE,3.0,,4220.09,Bills,Swansea,UK,3.0,debit
3366,2019-02-07,DD,ZURICH,20.69,,4223.09,Insurance,Swansea,UK,20.69,debit
3367,2019-02-07,BP,SAVE THE CHANGE,2.77,,4243.78,Savings,Swansea,UK,2.77,debit
3368,2019-01-07,Unknown,INTEREST (GROSS),,5.54,4246.55,Interest,Swansea,UK,5.54,credit
3369,2019-01-07,DEB,ZINCO LOUNGE,13.05,,4241.01,Dine Out,Swansea,UK,13.05,debit
3370,2019-01-07,DEB,ZARA SWANSEA,15.99,,4254.06,Clothes,Swansea,UK,15.99,debit
3371,2019-01-07,DEB,COFFEE#1 SWANSEA,10.75,,4270.05,Dine Out,Swansea,UK,10.75,debit
3372,2019-01-07,DEB,TESCO STORE 3241,8.19,,4280.8,Groceries,Unknown,Unknown,8.19,debit
3373,2019-01-07,DEB,MARKS&SPENCER PLC,1.0,,4288.99,Clothes,Unknown,Unknown,1.0,debit
3374,2019-01-07,DEB,TFW RAIL SERVICES,77.5,,4289.99,Travel,Unknown,Unknown,77.5,debit
3375,2019-01-07,DEB,BIRMINGHAM INT HOT,58.0,,4367.49,Hotels,Birmingham,UK,58.0,debit
3376,2019-01-07,DEB,WASABI BIRMINGHAM,22.75,,4425.49,Dine Out,Birmingham,UK,22.75,debit
3377,2019-01-07,DD,PRINCIPALITY BS,1163.58,,4448.24,Mortgage,Swansea,UK,1163.58,debit
3378,2019-01-07,DD,CC SWANSEA C.TAX,147.0,,5611.82,Bills,Swansea,UK,147.0,debit
3379,2019-01-07,DD,GOOD ENERGY LTD,50.0,,5758.82,Bills,Swansea,UK,50.0,debit
3380,2019-01-07,DD,DWR CYMRU W WATER,32.5,,5808.82,Bills,Swansea,UK,32.5,debit
3381,2019-01-07,SO,ESAVINGS ACCOUNT,300.0,,5841.32,Savings,Swansea,UK,300.0,debit
3382,2019-01-07,BP,SAVE THE CHANGE,0.6,,6141.32,Savings,Swansea,UK,0.6,debit
3383,2019-01-07,CPT,LNK ESTATE AGENTS,50.0,,6141.92,Cash,Leeds,UK,50.0,debit
3384,2019-01-07,CPT,LNK SWANSEA 1,100.0,,6191.92,Cash,Swansea,UK,100.0,debit
3385,2019-06-28,DEB,WWW.III.CO.UK DE,1020.0,,6291.92,Investment,Nottingham,UK,1020.0,debit
3386,2019-06-28,DEB,ZINCO LOUNGE,14.4,,7311.92,Dine Out,Swansea,UK,14.4,debit
3387,2019-06-28,DD,UCU B ACCOUNT,24.26,,7326.32,Others,Swansea,UK,24.26,debit
3388,2019-06-28,BP,SAVE THE CHANGE,0.2,,7350.58,Savings,Swansea,UK,0.2,debit
3389,2019-06-28,BGC,SWANSEA UNI - PAY,,3265.85,7350.78,Paycheck,Swansea,UK,3265.85,credit
3390,2019-06-28,BGC,GOOGLE IRELAND,,0.45,4084.93,Supplementary Income,Swansea,UK,0.45,credit
3391,2019-06-27,DEB,WWW.III.CO.UK DE,2200.0,,4084.48,Investment,Nottingham,UK,2200.0,debit
3392,2019-06-27,DEB,TFW RAIL SERVICES,11.8,,6284.48,Travel,Unknown,Unknown,11.8,debit
3393,2019-06-27,BP,SAVE THE CHANGE,2.31,,6296.28,Savings,Swansea,UK,2.31,debit
3394,2019-06-26,DEB,Brontosaurus Vegan,25.34,,6298.59,Dine Out,Swansea,UK,25.34,debit
3395,2019-06-26,DEB,MARKS&SPENCER PLC,14.2,,6323.93,Clothes,Unknown,Unknown,14.2,debit
3396,2019-06-26,DEB,AMZNMKTPLACE AMAZO,6.15,,6338.13,Amazon,Swansea,UK,6.15,debit
3397,2019-06-26,TFR,R LAWRENCE,,2000.0,6344.28,Supplementary Income,Swansea,UK,2000.0,credit
3398,2019-06-25,DEB,THE BIKE HUB,90.0,,4344.28,Other Shopping,Unknown,Unknown,90.0,debit
3399,2019-06-25,CPT,LNK TESCO FABIAN W,40.0,,4434.28,Cash,Swansea,UK,40.0,debit
3400,2019-06-25,BP,SAVE THE CHANGE,1.09,,4474.28,Savings,Swansea,UK,1.09,debit
3401,2019-06-24,DEB,Amazon.co.uk*M62FO,56.03,,4475.37,Amazon,Swansea,UK,56.03,debit
3402,2019-06-24,DEB,AMZNMktplace,24.94,,4531.4,Amazon,Swansea,UK,24.94,debit
3403,2019-06-24,DEB,AMZNMktplace,19.95,,4556.34,Amazon,Swansea,UK,19.95,debit
3404,2019-06-24,DEB,Audible.co.uk,7.99,,4576.29,Entertainment,Swansea,UK,7.99,debit
3405,2019-06-24,DD,CORGI HOMEPLAN,14.75,,4584.28,Home Improvement,swansea,UK,14.75,debit
3406,2019-06-24,BP,SAVE THE CHANGE,0.4,,4599.03,Savings,Swansea,UK,0.4,debit
3407,2019-06-24,CPT,LNK 1 UNION STREET,60.0,,4599.43,Cash,Leicester,UK,60.0,debit
3408,2019-06-21,DEB,SAINSBURY'S S/MKT,6.6,,4659.43,Groceries,Unknown,Unknown,6.6,debit
3409,2019-06-21,CPT,LNK TESCO FABIAN W,60.0,,4666.03,Cash,Swansea,UK,60.0,debit
3410,2019-06-21,DD,VIRGIN MEDIA PYMTS,29.0,,4726.03,Bills,Swansea,UK,29.0,debit
3411,2019-06-20,DEB,WWW.III.CO.UK DE,4000.0,,4755.03,Investment,Nottingham,UK,4000.0,debit
3412,2019-06-20,CPT,LNK DIAMOND PROPER,80.0,,8755.03,Cash,Leeds,UK,80.0,debit
3413,2019-06-20,BP,SAVE THE CHANGE,0.33,,8835.03,Savings,Swansea,UK,0.33,debit
3414,2019-06-19,DEB,CANDLES & CO,21.99,,8835.36,Other Shopping,Unknown,Unknown,21.99,debit
3415,2019-06-19,DEB,Audible.co.uk,18.0,,8857.35,Entertainment,Swansea,UK,18.0,debit
3416,2019-06-19,DEB,POST OFFICE COUNTE,16.68,,8875.35,Others,Swansea,UK,16.68,debit
3417,2019-06-19,TFR,R LAWRENCE,,4000.0,8892.03,Supplementary Income,Swansea,UK,4000.0,credit
3418,2019-06-19,BP,SAVE THE CHANGE,0.61,,4892.03,Savings,Swansea,UK,0.61,debit
3419,2019-06-18,DEB,AMZNMKTPLACE AMAZO,18.52,,4892.64,Amazon,Swansea,UK,18.52,debit
3420,2019-06-18,DEB,Amazon.co.uk*M64R1,6.87,,4911.16,Amazon,Swansea,UK,6.87,debit
3421,2019-06-18,BP,SAVE THE CHANGE,0.33,,4918.03,Savings,Swansea,UK,0.33,debit
3422,2019-06-17,DEB,Amazon.co.uk*M60D5,3.87,,4918.36,Amazon,Swansea,UK,3.87,debit
3423,2019-06-17,DEB,LUL TICKET MACHINE,4.9,,4922.23,Travel,London,UK,4.9,debit
3424,2019-06-17,DEB,TFW RAIL SERVICES,87.9,,4927.13,Travel,Unknown,Unknown,87.9,debit
3425,2019-06-17,DD,O2,22.58,,5015.03,Other Shopping,Swansea,UK,22.58,debit
3426,2019-06-17,CPT,LOYD LOYD 802 OXFO,50.0,,5037.61,Cash,Swansea,UK,50.0,debit
3427,2019-06-14,CPT,LNK TESCO FABIAN W,120.0,,5087.61,Cash,Swansea,UK,120.0,debit
3428,2019-06-13,DEB,WWW.III.CO.UK DE,2600.0,,5207.61,Investment,Nottingham,UK,2600.0,debit
3429,2019-12-06,TFR,R LAWRENCE,,2800.0,7807.61,Supplementary Income,Swansea,UK,2800.0,credit
3430,2019-12-06,BP,SAVE THE CHANGE,0.6,,5007.61,Savings,Swansea,UK,0.6,debit
3431,2019-11-06,DEB,WWW.III.CO.UK DE,2000.0,,5008.21,Investment,Swansea,UK,2000.0,debit
3432,2019-11-06,DEB,NON-GBP PURCH FEE,0.5,,7008.21,Others,Swansea,UK,0.5,debit
3433,2019-11-06,DEB,NON-GBP TRANS FEE,0.25,,7008.71,Others,Swansea,UK,0.25,debit
3434,2019-11-06,DEB,TRAINAWAY APS,8.4,,7008.96,Travel,Unknown,Unknown,8.4,debit
3435,2019-10-06,TFR,R LAWRENCE,,2000.0,7017.36,Supplementary Income,Swansea,UK,2000.0,credit
3436,2019-10-06,DEB,3830824-ONBB1,126.0,,5017.36,Others,Swansea,UK,126.0,debit
3437,2019-10-06,CPT,LNK FABIAN WAY,50.0,,5143.36,Cash,Swansea,UK,50.0,debit
3438,2019-10-06,BP,SAVE THE CHANGE,0.61,,5193.36,Savings,Swansea,UK,0.61,debit
3439,2019-10-06,DEB,NON-GBP PURCH FEE,0.5,,5193.97,Others,Swansea,UK,0.5,debit
3440,2019-10-06,DEB,NON-GBP TRANS FEE,0.25,,5194.47,Others,Swansea,UK,0.25,debit
3441,2019-10-06,DEB,TRAINAWAY APS,8.39,,5194.72,Travel,Unknown,Unknown,8.39,debit
3442,2019-07-06,DEB,FOREIGN CASH FEE,1.5,,5203.11,Travel,Unknown,Unknown,1.5,debit
3443,2019-07-06,DEB,Shopping Domus Tri,197.37,,5204.61,Home Improvement,swansea,UK,197.37,debit
3444,2019-07-06,DD,THE GYM LTD,14.99,,5401.98,Fitness,Swansea,UK,14.99,debit
3445,2019-07-06,BP,SAVE THE CHANGE,1.24,,5416.97,Savings,Swansea,UK,1.24,debit
3446,2019-06-06,DEB,NON-GBP PURCH FEE,0.5,,5418.21,Others,Swansea,UK,0.5,debit
3447,2019-06-06,DEB,NON-GBP TRANS FEE,0.25,,5418.71,Others,Swansea,UK,0.25,debit
3448,2019-06-06,DEB,TRAINAWAY APS,8.37,,5418.96,Travel,Unknown,Unknown,8.37,debit
3449,2019-06-06,DEB,NON-GBP PURCH FEE,0.5,,5427.33,Others,Swansea,UK,0.5,debit
3450,2019-06-06,DEB,NON-GBP TRANS FEE,0.25,,5427.83,Others,Swansea,UK,0.25,debit
3451,2019-06-06,DEB,TRAINAWAY APS,8.39,,5428.08,Travel,Unknown,Unknown,8.39,debit
3452,2019-06-06,BP,SAVE THE CHANGE,0.62,,5436.47,Savings,Swansea,UK,0.62,debit
3453,2019-05-06,DEB,NON-GBP PURCH FEE,0.5,,5437.09,Others,Swansea,UK,0.5,debit
3454,2019-05-06,DEB,NON-GBP TRANS FEE,0.25,,5437.59,Others,Swansea,UK,0.25,debit
3455,2019-05-06,DEB,TRAINAWAY APS,8.38,,5437.84,Travel,Unknown,Unknown,8.38,debit
3456,2019-05-06,BP,SAVE THE CHANGE,0.2,,5446.22,Savings,Swansea,UK,0.2,debit
3457,2019-04-06,DEP,CLUB LLOYDS WAIVED,,3.0,5446.42,Supplementary Income,Swansea,UK,3.0,credit
3458,2019-04-06,PAY,CLUB LLOYDS FEE,3.0,,5443.42,Bills,Swansea,UK,3.0,debit
3459,2019-04-06,DEB,MEIA DUZIA,12.8,,5446.42,Other Shopping,Unknown,Unknown,12.8,debit
3460,2019-04-06,BP,SAVE THE CHANGE,2.34,,5459.22,Savings,Swansea,UK,2.34,debit
3461,2019-03-06,Unknown,INTEREST (GROSS),,6.48,5461.56,Interest,Swansea,UK,6.48,credit
3462,2019-03-06,DEB,NON-GBP PURCH FEE,0.5,,5455.08,Others,Swansea,UK,0.5,debit
3463,2019-03-06,DEB,NON-GBP TRANS FEE,0.26,,5455.58,Others,Swansea,UK,0.26,debit
3464,2019-03-06,DEB,RESTAURANTE DA TER,8.79,,5455.84,Dine Out,London,UK,8.79,debit
3465,2019-03-06,DEB,NON-GBP PURCH FEE,0.5,,5464.63,Others,Swansea,UK,0.5,debit
3466,2019-03-06,DEB,NON-GBP TRANS FEE,0.25,,5465.13,Others,Swansea,UK,0.25,debit
3467,2019-03-06,DEB,TRAINAWAY APS,8.37,,5465.38,Travel,Unknown,Unknown,8.37,debit
3468,2019-03-06,DEB,TFW RAIL SERVICES,50.4,,5473.75,Travel,Unknown,Unknown,50.4,debit
3469,2019-03-06,DEB,MINIPRECO LOIOS 2,20.65,,5524.15,Groceries,Porto,Portugal,20.65,debit
3470,2019-03-06,DEB,M&S SIMPLY FOOD-SS,7.65,,5544.8,Groceries,Swansea,UK,7.65,debit
3471,2019-03-06,DEB,WWW.III.CO.UK DE,1000.0,,5552.45,Investment,Swansea,UK,1000.0,debit
3472,2019-03-06,DEB,SAINSBURY'S S/MKT,19.8,,6552.45,Groceries,Unknown,Unknown,19.8,debit
3473,2019-03-06,DD,PRINCIPALITY BS,957.26,,6572.25,Mortgage,Swansea,UK,957.26,debit
3474,2019-03-06,DD,CC SWANSEA C.TAX,147.0,,7529.51,Bills,Swansea,UK,147.0,debit
3475,2019-03-06,DD,GOOD ENERGY LTD,50.0,,7676.51,Bills,Swansea,UK,50.0,debit
3476,2019-03-06,DD,DWR CYMRU W WATER,32.5,,7726.51,Bills,Swansea,UK,32.5,debit
3477,2019-03-06,DD,ZURICH,20.69,,7759.01,Insurance,Swansea,UK,20.69,debit
3478,2019-03-06,SO,ESAVINGS ACCOUNT,300.0,,7779.7,Savings,Swansea,UK,300.0,debit
3479,2019-05-31,TFR,R LAWRENCE,,1000.0,8079.7,Supplementary Income,Swansea,UK,1000.0,credit
3480,2019-05-31,DEB,WWW.III.CO.UK DE,200.0,,7079.7,Investment,Nottingham,UK,200.0,debit
3481,2019-05-31,DD,UCU B ACCOUNT,24.26,,7279.7,Others,Swansea,UK,24.26,debit
3482,2019-05-31,BGC,SWANSEA UNI - PAY,,3265.85,7303.96,Paycheck,Swansea,UK,3265.85,credit
3483,2019-05-30,CPT,LNK TESCO FABIAN W,60.0,,4038.11,Cash,Swansea,UK,60.0,debit
3484,2019-05-30,BP,SAVE THE CHANGE,0.23,,4098.11,Savings,Swansea,UK,0.23,debit
3485,2019-05-29,DEB,AMZNMktplace,1.77,,4098.34,Amazon,Swansea,UK,1.77,debit
3486,2019-05-29,CPT,LNK TESCO FABIAN W,40.0,,4100.11,Cash,Swansea,UK,40.0,debit
3487,2019-05-29,BP,SAVE THE CHANGE,2.27,,4140.11,Savings,Swansea,UK,2.27,debit
3488,2019-05-28,DEB,AMZNMktplace,12.49,,4142.38,Amazon,Swansea,UK,12.49,debit
3489,2019-05-28,DEB,SWANSEA FOOD CENTR,7.46,,4154.87,Dine Out,Swansea,UK,7.46,debit
3490,2019-05-28,DEB,AMZNMKTPLACE AMAZO,3.33,,4162.33,Amazon,Swansea,UK,3.33,debit
3491,2019-05-28,DEB,AMZN MKTP UK*MN36N,5.99,,4165.66,Amazon,Swansea,UK,5.99,debit
3492,2019-05-28,DEB,WWW.III.CO.UK DE,5000.0,,4171.65,Investment,Nottingham,UK,5000.0,debit
3493,2019-05-28,DEB,POST OFFICE COUNTE,27.62,,9171.65,Others,Swansea,UK,27.62,debit
3494,2019-05-28,DEB,Brontosaurus Vegan,16.95,,9199.27,Dine Out,Swansea,UK,16.95,debit
3495,2019-05-28,DEB,MARKS&SPENCER PLC,8.9,,9216.22,Clothes,Unknown,Unknown,8.9,debit
3496,2019-05-28,DEB,AMAZON.CO.UK*MN9V3,12.99,,9225.12,Amazon,Swansea,UK,12.99,debit
3497,2019-05-28,BP,SAVE THE CHANGE,0.01,,9238.11,Savings,Swansea,UK,0.01,debit
3498,2019-05-28,CPT,LNK M&S SWANSEA,50.0,,9238.12,Cash,Swansea,UK,50.0,debit
3499,2019-05-28,TFR,R LAWRENCE  25MAY19,,5000.0,9288.12,Supplementary Income,Swansea,UK,5000.0,credit
3500,2019-05-24,CPT,LNK TESCO FABIAN W,50.0,,4288.12,Cash,Swansea,UK,50.0,debit
3501,2019-05-24,DEB,TESCO STORES 4628,5.0,,4338.12,Groceries,Unknown,Unknown,5.0,debit
3502,2019-05-24,DEB,Audible.co.uk,7.99,,4343.12,Entertainment,Swansea,UK,7.99,debit
3503,2019-05-24,BP,SAVE THE CHANGE,1.48,,4351.11,Savings,Swansea,UK,1.48,debit
3504,2019-05-23,DEB,NON-GBP PURCH FEE,0.5,,4352.59,Others,Swansea,UK,0.5,debit
3505,2019-05-23,DEB,NON-GBP TRANS FEE,15.82,,4353.09,Others,Swansea,UK,15.82,debit
3506,2019-05-23,DEB,2160701-KEGHB,529.11,,4368.91,Others,Swansea,UK,529.11,debit
3507,2019-05-23,DEB,AMZN MKTP UK*MN1H1,18.41,,4898.02,Amazon,Swansea,UK,18.41,debit
3508,2019-05-22,CPT,LNK TESCO FABIAN W,50.0,,4916.43,Cash,Swansea,UK,50.0,debit
3509,2019-05-22,DD,CORGI HOMEPLAN,14.75,,4966.43,Home Improvement,swansea,UK,14.75,debit
3510,2019-05-21,DD,VIRGIN MEDIA PYMTS,29.0,,4981.18,Bills,Swansea,UK,29.0,debit
3511,2019-05-21,BP,SAVE THE CHANGE,2.5,,5010.18,Savings,Swansea,UK,2.5,debit
3512,2019-05-20,DEB,Amazon.co.uk*MN9ZF,16.33,,5012.68,Amazon,Swansea,UK,16.33,debit
3513,2019-05-20,DEB,AMAZON.CO.UK*MN6LS,9.79,,5029.01,Amazon,Swansea,UK,9.79,debit
3514,2019-05-20,DEB,Brontosaurus Vegan,29.18,,5038.8,Dine Out,Swansea,UK,29.18,debit
3515,2019-05-20,DEB,MARKS&SPENCER PLC,4.7,,5067.98,Clothes,Unknown,Unknown,4.7,debit
3516,2019-05-20,DEB,SWANSEA UNI - CATE,13.5,,5072.68,Dine Out,Swansea,UK,13.5,debit
3517,2019-05-20,CPT,LNK TESCO FABIAN W,60.0,,5086.18,Cash,Swansea,UK,60.0,debit
3518,2019-05-20,CPT,LNK SWANSEA CITY C,50.0,,5146.18,Cash,Swansea,UK,50.0,debit
3519,2019-05-17,CPT,LNK TESCO FABIAN W,60.0,,5196.18,Cash,Swansea,UK,60.0,debit
3520,2019-05-16,DD,O2,27.14,,5256.18,Other Shopping,Swansea,UK,27.14,debit
3521,2019-05-16,BP,SAVE THE CHANGE,0.49,,5283.32,Savings,Swansea,UK,0.49,debit
3522,2019-05-15,DEB,NON-GBP PURCH FEE,0.5,,5283.81,Others,Swansea,UK,0.5,debit
3523,2019-05-15,DEB,NON-GBP TRANS FEE,0.31,,5284.31,Others,Swansea,UK,0.31,debit
3524,2019-05-15,DEB,HMSHOST AMSTERDAM,10.51,,5284.62,Dine Out,Amsterdam,Netherlands,10.51,debit
3525,2019-05-15,BP,SAVE THE CHANGE,1.27,,5295.13,Savings,Swansea,UK,1.27,debit
3526,2019-05-14,DEB,SAINSBURY'S S/MKT,9.9,,5296.4,Groceries,Unknown,Unknown,9.9,debit
3527,2019-05-14,DEB,AMZNMKTPLACE AMAZO,2.32,,5306.3,Amazon,Swansea,UK,2.32,debit
3528,2019-05-14,DEB,DOUBLETREE BY HILT,105.0,,5308.62,Hotels,Unknown,Unknown,105.0,debit
3529,2019-05-14,CPT,LNK FABIAN WAY,50.0,,5413.62,Cash,Swansea,UK,50.0,debit
3530,2019-05-14,DEB,NON-GBP PURCH FEE,0.5,,5463.62,Others,Swansea,UK,0.5,debit
3531,2019-05-14,DEB,NON-GBP TRANS FEE,0.28,,5464.12,Others,Swansea,UK,0.28,debit
3532,2019-05-14,DEB,BAR BIGO,9.51,,5464.4,Dine Out,Paris,France,9.51,debit
3533,2019-05-14,BP,SAVE THE CHANGE,0.37,,5473.91,Savings,Swansea,UK,0.37,debit
3534,2019-05-13,DEB,NH GENOVA CENTRO,740.63,,5474.28,Hotels,Genova,Italy,740.63,debit
3535,2019-05-13,DEB,NON-GBP CASH FEE,1.5,,6214.91,Others,Swansea,UK,1.5,debit
3536,2019-05-13,DEB,NON-GBP TRANS FEE,2.58,,6216.41,Others,Swansea,UK,2.58,debit
3537,2019-05-13,DEB,ABN-AMRO,86.45,,6218.99,Travel,Unknown,Unknown,86.45,debit
3538,2019-05-13,BP,SAVE THE CHANGE,0.39,,6305.44,Savings,Swansea,UK,0.39,debit
3539,2019-10-05,DEB,NON-GBP PURCH FEE,0.5,,6305.83,Others,Swansea,UK,0.5,debit
3540,2019-10-05,DEB,NON-GBP TRANS FEE,0.61,,6306.33,Others,Swansea,UK,0.61,debit
3541,2019-10-05,DEB,JAPAN RESTAURANT,20.61,,6306.94,Dine Out,Unknown,Unknown,20.61,debit
3542,2019-10-05,BP,SAVE THE CHANGE,0.69,,6327.55,Savings,Swansea,UK,0.69,debit
3543,2019-09-05,DEB,NON-GBP PURCH FEE,0.5,,6328.24,Others,Swansea,UK,0.5,debit
3544,2019-09-05,DEB,NON-GBP TRANS FEE,0.76,,6328.74,Others,Swansea,UK,0.76,debit
3545,2019-09-05,DEB,CELIO 6309,25.74,,6329.5,Clothes,Unknown,Unknown,25.74,debit
3546,2019-09-05,DEB,NON-GBP PURCH FEE,0.5,,6355.24,Others,Swansea,UK,0.5,debit
3547,2019-09-05,DEB,NON-GBP TRANS FEE,0.25,,6355.74,Others,Swansea,UK,0.25,debit
3548,2019-09-05,DEB,H & M  5,8.57,,6355.99,Clothes,Unknown,Unknown,8.57,debit
3549,2019-08-05,BP,SAVE THE CHANGE,2.51,,6364.56,Savings,Swansea,UK,2.51,debit
3550,2019-07-05,DEB,Amazon.co.uk*MN59F,6.29,,6367.07,Amazon,Swansea,UK,6.29,debit
3551,2019-07-05,DEB,NON-GBP PURCH FEE,0.5,,6373.36,Others,Swansea,UK,0.5,debit
3552,2019-07-05,DEB,NON-GBP TRANS FEE,0.84,,6373.86,Others,Swansea,UK,0.84,debit
3553,2019-07-05,DEB,H & M  5,28.32,,6374.7,Clothes,Unknown,Unknown,28.32,debit
3554,2019-07-05,DEB,NON-GBP CASH FEE,1.5,,6403.02,Others,Swansea,UK,1.5,debit
3555,2019-07-05,DEB,NON-GBP TRANS FEE,5.13,,6404.52,Others,Swansea,UK,5.13,debit
3556,2019-07-05,DEB,BANCA CARIGE CR GE,171.76,,6409.65,Travel,Unknown,Unknown,171.76,debit
3557,2019-07-05,DEB,TFW RAIL SERVICES,50.4,,6581.41,Travel,Unknown,Unknown,50.4,debit
3558,2019-07-05,DEB,AMZNMKTPLACE AMAZO,5.48,,6631.81,Amazon,Swansea,UK,5.48,debit
3559,2019-07-05,DD,THE GYM LTD,14.99,,6637.29,Fitness,Swansea,UK,14.99,debit
3560,2019-03-05,DD,ASSURANT INTER LTD,21.15,,6652.28,Insurance,Swansea,UK,21.15,debit
3561,2019-03-05,BP,SAVE THE CHANGE,0.25,,6673.43,Savings,Swansea,UK,0.25,debit
3562,2019-02-05,DEP,CLUB LLOYDS WAIVED,,3.0,6673.68,Supplementary Income,Swansea,UK,3.0,credit
3563,2019-02-05,PAY,CLUB LLOYDS FEE,3.0,,6670.68,Bills,Swansea,UK,3.0,debit
3564,2019-02-05,DEB,Lush UK,16.95,,6673.68,Other Shopping,Unknown,Unknown,16.95,debit
3565,2019-02-05,DEB,SAINSBURYS S/MKTS,16.8,,6690.63,Groceries,Unknown,Unknown,16.8,debit
3566,2019-02-05,CPT,LNK TESCO FABIAN W,60.0,,6707.43,Cash,Swansea,UK,60.0,debit
3567,2019-02-05,BP,SAVE THE CHANGE,0.05,,6767.43,Savings,Swansea,UK,0.05,debit
3568,2019-01-05,Unknown,INTEREST (GROSS),,6.12,6767.48,Interest,Swansea,UK,6.12,credit
3569,2019-01-05,DEB,SAINSBURYS S/MKTS,15.0,,6761.36,Groceries,Unknown,Unknown,15.0,debit
3570,2019-01-05,DEB,TESCO STORES 4628,3.95,,6776.36,Groceries,Unknown,Unknown,3.95,debit
3571,2019-01-05,CPT,LNK SAINSBURYS BAN,50.0,,6780.31,Cash,Unknown,Unknown,50.0,debit
3572,2019-01-05,DD,PRINCIPALITY BS,957.26,,6830.31,Mortgage,Swansea,UK,957.26,debit
3573,2019-01-05,DD,CC SWANSEA C.TAX,147.0,,7787.57,Bills,Swansea,UK,147.0,debit
3574,2019-01-05,DD,GOOD ENERGY LTD,97.0,,7934.57,Bills,Swansea,UK,97.0,debit
3575,2019-01-05,DD,DWR CYMRU W WATER,32.5,,8031.57,Bills,Swansea,UK,32.5,debit
3576,2019-01-05,DD,ZURICH,20.69,,8064.07,Insurance,Swansea,UK,20.69,debit
3577,2019-01-05,SO,ESAVINGS ACCOUNT,300.0,,8084.76,Savings,Swansea,UK,300.0,debit
3578,2019-04-30,DD,UCU B ACCOUNT,24.26,,8384.76,Others,Swansea,UK,24.26,debit
3579,2019-04-30,BP,SAVE THE CHANGE,1.18,,8409.02,Savings,Swansea,UK,1.18,debit
3580,2019-04-30,BGC,SWANSEA UNI - PAY,,3265.85,8410.2,Paycheck,Swansea,UK,3265.85,credit
3581,2019-04-29,DEB,WWW.III.CO.UK DE,3000.0,,5144.35,Investment,Nottingham,UK,3000.0,debit
3582,2019-04-29,DEB,HATHWAY HOUSE ACCO,55.0,,8144.35,Hotels,Bristol,Unknown,55.0,debit
3583,2019-04-29,DEB,PAYPAL *DISC HEALT,39.95,,8199.35,Services,Swansea,UK,39.95,debit
3584,2019-04-29,DEB,Brontosaurus Vegan,18.57,,8239.3,Dine Out,Swansea,UK,18.57,debit
3585,2019-04-29,DEB,POST OFFICE COUNTE,17.8,,8257.87,Others,Swansea,UK,17.8,debit
3586,2019-04-29,DEB,THE BODY SHOP INTL,15.0,,8275.67,Other Shopping,Unknown,Unknown,15.0,debit
3587,2019-04-29,DEB,MARKS&SPENCER PLC,8.5,,8290.67,Clothes,Unknown,Unknown,8.5,debit
3588,2019-04-29,BP,SAVE THE CHANGE,0.66,,8299.17,Savings,Swansea,UK,0.66,debit
3589,2019-04-29,TFR,R LAWRENCE  28APR19,,1000.0,8299.83,Supplementary Income,Swansea,UK,1000.0,credit
3590,2019-04-26,DEB,AMZNMktplace,2.34,,7299.83,Amazon,Swansea,UK,2.34,debit
3591,2019-04-26,CPT,LNK TESCO FABIAN W,60.0,,7302.17,Cash,Swansea,UK,60.0,debit
3592,2019-04-25,CPT,LNK TESCO FABIAN W,100.0,,7362.17,Cash,Swansea,UK,100.0,debit
3593,2019-04-25,BP,SAVE THE CHANGE,0.01,,7462.17,Savings,Swansea,UK,0.01,debit
3594,2019-04-24,DEB,Audible.co.uk,7.99,,7462.18,Entertainment,Swansea,UK,7.99,debit
3595,2019-04-24,BP,SAVE THE CHANGE,1.06,,7470.17,Savings,Swansea,UK,1.06,debit
3596,2019-04-23,DEB,WM MORRISONS STORE,44.91,,7471.23,Groceries,Unknown,Unknown,44.91,debit
3597,2019-04-23,DEB,Brontosaurus Vegan,23.62,,7516.14,Dine Out,Swansea,UK,23.62,debit
3598,2019-04-23,DEB,AMAZON.CO.UK*MZ3T6,11.81,,7539.76,Amazon,Swansea,UK,11.81,debit
3599,2019-04-23,DEB,MARKS&SPENCER PLC,8.8,,7551.57,Clothes,Unknown,Unknown,8.8,debit
3600,2019-04-23,DEB,COFFEE#1 SWANSEA,3.8,,7560.37,Dine Out,Swansea,UK,3.8,debit
3601,2019-04-23,CPT,LNK TESCO FABIAN W,60.0,,7564.17,Cash,Swansea,UK,60.0,debit
3602,2019-04-23,DD,VIRGIN MEDIA PYMTS,29.0,,7624.17,Bills,Swansea,UK,29.0,debit
3603,2019-04-23,DD,CORGI HOMEPLAN,14.75,,7653.17,Home Improvement,swansea,UK,14.75,debit
3604,2019-04-18,CPT,LNK TESCO FABIAN W,50.0,,7667.92,Cash,Swansea,UK,50.0,debit
3605,2019-04-18,BP,SAVE THE CHANGE,0.47,,7717.92,Savings,Swansea,UK,0.47,debit
3606,2019-04-17,DEB,AMZNMktplace,7.93,,7718.39,Amazon,Swansea,UK,7.93,debit
3607,2019-04-17,DEB,AMZNMKTPLACE AMAZO,3.6,,7726.32,Amazon,Swansea,UK,3.6,debit
3608,2019-04-16,CPT,LNK FABIAN WAY,150.0,,7729.92,Cash,Swansea,UK,150.0,debit
3609,2019-04-16,DD,O2,18.94,,7879.92,Other Shopping,Swansea,UK,18.94,debit
3610,2019-04-16,BP,SAVE THE CHANGE,1.62,,7898.86,Savings,Swansea,UK,1.62,debit
3611,2019-04-15,DEB,SAINSBURY'S S/MKT,20.06,,7900.48,Groceries,Unknown,Unknown,20.06,debit
3612,2019-04-15,DEB,Brontosaurus Vegan,14.72,,7920.54,Dine Out,Swansea,UK,14.72,debit
3613,2019-04-15,DEB,MARKS&SPENCER PLC,6.7,,7935.26,Clothes,Unknown,Unknown,6.7,debit
3614,2019-04-15,DEB,KLM UK  074341,304.9,,7941.96,Travel,Unknown,Unknown,304.9,debit
3615,2019-04-15,CPT,LNK TESCO FABIAN W,250.0,,8246.86,Cash,Swansea,UK,250.0,debit
3616,2019-04-15,CPT,LOYD LOYD 802 OXFO,40.0,,8496.86,Cash,Swansea,UK,40.0,debit
3617,2019-12-04,BP,SAVE THE CHANGE,0.12,,8536.86,Savings,Swansea,UK,0.12,debit
3618,2019-11-04,DEB,AMZNMktplace,14.88,,8536.98,Amazon,Swansea,UK,14.88,debit
3619,2019-11-04,BP,SAVE THE CHANGE,0.36,,8551.86,Savings,Swansea,UK,0.36,debit
3620,2019-10-04,DEB,EASYJET   000EWX,85.64,,8552.22,Travel,Unknown,Unknown,85.64,debit
3621,2019-10-04,DEB,EXPEDIA 7425718119,3.0,,8637.86,Travel,Unknown,Unknown,3.0,debit
3622,2019-10-04,CPT,LNK TESCO FABIAN W,40.0,,8640.86,Cash,Swansea,UK,40.0,debit
3623,2019-09-04,CPT,LNK TESCO FABIAN W,40.0,,8680.86,Cash,Swansea,UK,40.0,debit
3624,2019-09-04,BP,SAVE THE CHANGE,2.13,,8720.86,Savings,Swansea,UK,2.13,debit
3625,2019-08-04,DEB,THE GYM LTD,29.99,,8722.99,Fitness,Swansea,UK,29.99,debit
3626,2019-08-04,DEB,AMZNMktplace,15.66,,8752.98,Amazon,Swansea,UK,15.66,debit
3627,2019-08-04,DEB,Brontosaurus Vegan,19.02,,8768.64,Dine Out,Swansea,UK,19.02,debit
3628,2019-08-04,DEB,MARKS&SPENCER PLC,7.2,,8787.66,Clothes,Unknown,Unknown,7.2,debit
3629,2019-08-04,DD,LV LIFE,37.12,,8794.86,Insurance,Swansea,UK,37.12,debit
3630,2019-08-04,BP,SAVE THE CHANGE,0.01,,8831.98,Savings,Swansea,UK,0.01,debit
3631,2019-05-04,CPT,LNK M&S SWANSEA,50.0,,8831.99,Cash,Swansea,UK,50.0,debit
3632,2019-05-04,DEB,THE GYM LTD,7.99,,8881.99,Fitness,Swansea,UK,7.99,debit
3633,2019-05-04,BP,SAVE THE CHANGE,0.19,,8889.98,Savings,Swansea,UK,0.19,debit
3634,2019-04-04,DEB,WWW.III.CO.UK DE,5000.0,,8890.17,Investment,Swansea,UK,5000.0,debit
3635,2019-04-04,DEB,AMZNMktplace,5.81,,13890.17,Amazon,Swansea,UK,5.81,debit
3636,2019-04-04,BP,SAVE THE CHANGE,1.23,,13895.98,Savings,Swansea,UK,1.23,debit
3637,2019-03-04,DEB,AMZNMktplace,24.28,,13897.21,Amazon,Swansea,UK,24.28,debit
3638,2019-03-04,DEB,Amazon.co.uk*MZ275,10.49,,13921.49,Amazon,Swansea,UK,10.49,debit
3639,2019-03-04,CPT,LNK TESCO FABIAN W,40.0,,13931.98,Cash,Swansea,UK,40.0,debit
3640,2019-03-04,DD,ASSURANT INTER LTD,21.15,,13971.98,Insurance,Swansea,UK,21.15,debit
3641,2019-02-04,DEP,CLUB LLOYDS WAIVED,,3.0,13993.13,Supplementary Income,Swansea,UK,3.0,credit
3642,2019-02-04,PAY,CLUB LLOYDS FEE,3.0,,13990.13,Bills,Swansea,UK,3.0,debit
3643,2019-02-04,DD,ZURICH,20.69,,13993.13,Insurance,Swansea,UK,20.69,debit
3644,2019-02-04,BP,SAVE THE CHANGE,2.47,,14013.82,Savings,Swansea,UK,2.47,debit
3645,2019-01-04,Unknown,INTEREST (GROSS),,6.33,14016.29,Interest,Swansea,UK,6.33,credit
3646,2019-01-04,DEB,Brontosaurus Vegan,16.62,,14009.96,Dine Out,Swansea,UK,16.62,debit
3647,2019-01-04,DEB,POST OFFICE COUNTE,12.76,,14026.58,Others,Swansea,UK,12.76,debit
3648,2019-01-04,DEB,MARKS&SPENCER PLC,7.1,,14039.34,Clothes,Unknown,Unknown,7.1,debit
3649,2019-01-04,DEB,PAYPAL *JAKUBSTADT,81.05,,14046.44,Services,Swansea,UK,81.05,debit
3650,2019-01-04,DD,PRINCIPALITY BS,957.26,,14127.49,Mortgage,Swansea,UK,957.26,debit
3651,2019-01-04,DD,CC SWANSEA C.TAX,145.69,,15084.75,Bills,Swansea,UK,145.69,debit
3652,2019-01-04,DD,GOOD ENERGY LTD,97.0,,15230.44,Bills,Swansea,UK,97.0,debit
3653,2019-01-04,DD,DWR CYMRU W WATER,32.5,,15327.44,Bills,Swansea,UK,32.5,debit
3654,2019-01-04,SO,ESAVINGS ACCOUNT,300.0,,15359.94,Savings,Swansea,UK,300.0,debit
3655,2019-01-04,CPT,LNK 1 UNION STREET,40.0,,15659.94,Cash,Leicester,UK,40.0,debit
3656,2019-03-29,CPT,LNK TESCO FABIAN W,40.0,,15699.94,Cash,Swansea,UK,40.0,debit
3657,2019-03-29,DD,UCU B ACCOUNT,24.26,,15739.94,Others,Swansea,UK,24.26,debit
3658,2019-03-29,BP,SAVE THE CHANGE,0.5,,15764.2,Savings,Swansea,UK,0.5,debit
3659,2019-03-29,BGC,SWANSEA UNI - PAY,,3251.36,15764.7,Paycheck,Swansea,UK,3251.36,credit
3660,2019-03-28,DEB,AMZN MKTP UK*MZ4YK,2.5,,12513.34,Amazon,Swansea,UK,2.5,debit
3661,2019-03-27,BP,SAVE THE CHANGE,0.7,,12515.84,Savings,Swansea,UK,0.7,debit
3662,2019-03-26,DEB,SAINSBURY'S S/MKT,29.3,,12516.54,Groceries,Unknown,Unknown,29.3,debit
3663,2019-03-26,BP,SAVE THE CHANGE,1.41,,12545.84,Savings,Swansea,UK,1.41,debit
3664,2019-03-25,DEB,ZINCO LOUNGE,14.75,,12547.25,Dine Out,Swansea,UK,14.75,debit
3665,2019-03-25,DEB,Brontosaurus Vegan,15.05,,12562.0,Dine Out,Swansea,UK,15.05,debit
3666,2019-03-25,DEB,MARKS&SPENCER PLC,10.8,,12577.05,Clothes,Unknown,Unknown,10.8,debit
3667,2019-03-25,DEB,Audible.co.uk,7.99,,12587.85,Entertainment,Swansea,UK,7.99,debit
3668,2019-03-25,CPT,LNK TESCO FABIAN W,50.0,,12595.84,Cash,Swansea,UK,50.0,debit
3669,2019-03-25,BP,SAVE THE CHANGE,0.69,,12645.84,Savings,Swansea,UK,0.69,debit
3670,2019-03-22,CPT,LNK TESCO FABIAN W,30.0,,12646.53,Cash,Swansea,UK,30.0,debit
3671,2019-03-22,DD,CORGI HOMEPLAN,14.75,,12676.53,Home Improvement,swansea,UK,14.75,debit
3672,2019-03-22,DEB,NON-GBP PURCH FEE,0.5,,12691.28,Others,Swansea,UK,0.5,debit
3673,2019-03-22,DEB,NON-GBP TRANS FEE,6.64,,12691.78,Others,Swansea,UK,6.64,debit
3674,2019-03-22,DEB,B.COM 2160701-KEGH,222.31,,12698.42,Uncategorized,Unknown,Unknown,222.31,debit
3675,2019-03-22,BP,SAVE THE CHANGE,0.56,,12920.73,Savings,Swansea,UK,0.56,debit
3676,2019-03-21,DEB,AMZN Mktp UK*MW55R,17.7,,12921.29,Amazon,Swansea,UK,17.7,debit
3677,2019-03-21,DEB,KLM UK  074341,443.74,,12938.99,Travel,Unknown,Unknown,443.74,debit
3678,2019-03-21,DD,VIRGIN MEDIA PYMTS,29.0,,13382.73,Bills,Swansea,UK,29.0,debit
3679,2019-03-21,BP,SAVE THE CHANGE,0.97,,13411.73,Savings,Swansea,UK,0.97,debit
3680,2019-03-20,DEB,AMZN Mktp UK*MW0N1,9.03,,13412.7,Amazon,Swansea,UK,9.03,debit
3681,2019-03-20,DEB,EXPEDIA 7420654555,3.0,,13421.73,Travel,Unknown,Unknown,3.0,debit
3682,2019-03-20,BP,SAVE THE CHANGE,0.86,,13424.73,Savings,Swansea,UK,0.86,debit
3683,2019-03-19,DEB,AMZN Mktp UK*MW1XF,6.14,,13425.59,Amazon,Swansea,UK,6.14,debit
3684,2019-03-19,CPT,LNK FABIAN WAY,50.0,,13431.73,Cash,Swansea,UK,50.0,debit
3685,2019-03-19,BP,SAVE THE CHANGE,0.3,,13481.73,Savings,Swansea,UK,0.3,debit
3686,2019-03-18,DEB,THE BIKE HUB,20.0,,13482.03,Other Shopping,Unknown,Unknown,20.0,debit
3687,2019-03-18,DEB,MARKS&SPENCER PLC,4.7,,13502.03,Clothes,Unknown,Unknown,4.7,debit
3688,2019-03-18,DD,O2,17.95,,13506.73,Other Shopping,Swansea,UK,17.95,debit
3689,2019-03-18,CPT,LNK M&S SWANSEA,40.0,,13524.68,Cash,Swansea,UK,40.0,debit
3690,2019-03-15,CPT,LNK TESCO FABIAN W,40.0,,13564.68,Cash,Swansea,UK,40.0,debit
3691,2019-03-15,BGC,SWANSEA UNIVERSITY,,264.95,13604.68,Supplementary Income,Swansea,UK,264.95,credit
3692,2019-03-14,BP,SAVE THE CHANGE,0.5,,13339.73,Savings,Swansea,UK,0.5,debit
3693,2019-03-13,DEB,AMZN MKTP UK*MW1F6,15.9,,13340.23,Amazon,Swansea,UK,15.9,debit
3694,2019-03-13,DEB,TESCO STORES 4628,6.6,,13356.13,Groceries,Unknown,Unknown,6.6,debit
3695,2019-12-03,CPT,LNK TESCO FABIAN W,40.0,,13362.73,Cash,Swansea,UK,40.0,debit
3696,2019-12-03,BP,SAVE THE CHANGE,0.67,,13402.73,Savings,Swansea,UK,0.67,debit
3697,2019-11-03,DEB,Brontosaurus Vegan,33.72,,13403.4,Dine Out,Swansea,UK,33.72,debit
3698,2019-11-03,DEB,MARKS&SPENCER PLC,5.0,,13437.12,Clothes,Unknown,Unknown,5.0,debit
3699,2019-11-03,DEB,Amazon Prime*MW23K,79.0,,13442.12,Amazon,Swansea,UK,79.0,debit
3700,2019-11-03,DEB,AMZN Mktp UK*MW6U6,7.61,,13521.12,Amazon,Swansea,UK,7.61,debit
3701,2019-08-03,CPT,LNK FABIAN WAY,50.0,,13528.73,Cash,Swansea,UK,50.0,debit
3702,2019-08-03,DD,LV LIFE,37.12,,13578.73,Insurance,Swansea,UK,37.12,debit
3703,2019-08-03,BP,SAVE THE CHANGE,0.99,,13615.85,Savings,Swansea,UK,0.99,debit
3704,2019-07-03,DEB,AMAZON.CO.UK*MW8G9,13.01,,13616.84,Amazon,Swansea,UK,13.01,debit
3705,2019-07-03,CPT,LNK TESCO FABIAN W,40.0,,13629.85,Cash,Swansea,UK,40.0,debit
3706,2019-07-03,BP,SAVE THE CHANGE,0.51,,13669.85,Savings,Swansea,UK,0.51,debit
3707,2019-06-03,DEB,AMZN MKTP UK*MW4GI,23.49,,13670.36,Amazon,Swansea,UK,23.49,debit
3708,2019-06-03,CPT,LNK FABIAN WAY,50.0,,13693.85,Cash,Swansea,UK,50.0,debit
3709,2019-06-03,BP,SAVE THE CHANGE,0.27,,13743.85,Savings,Swansea,UK,0.27,debit
3710,2019-05-03,DEB,AMZN Mktp UK*MW6J9,35.73,,13744.12,Amazon,Swansea,UK,35.73,debit
3711,2019-05-03,BP,SAVE THE CHANGE,2.2,,13779.85,Savings,Swansea,UK,2.2,debit
3712,2019-04-03,DEP,CLUB LLOYDS WAIVED,,3.0,13782.05,Amazon,Swansea,UK,3.0,credit
3713,2019-04-03,PAY,CLUB LLOYDS FEE,3.0,,13779.05,Bills,Swansea,UK,3.0,debit
3714,2019-04-03,DEB,Amazon.co.uk*MW4OW,16.15,,13782.05,Supplementary Income,Swansea,UK,16.15,debit
3715,2019-04-03,DEB,MARKS&SPENCER PLC,9.2,,13798.2,Clothes,Unknown,Unknown,9.2,debit
3716,2019-04-03,DEB,COFFEE#1 SWANSEA,8.8,,13807.4,Dine Out,Swansea,UK,8.8,debit
3717,2019-04-03,DEB,AMZN Mktp UK*MW8PN,11.65,,13816.2,Amazon,Swansea,UK,11.65,debit
3718,2019-01-03,Unknown,INTEREST (GROSS),,5.71,13827.85,Interest,Swansea,UK,5.71,credit
3719,2019-01-03,CPT,LNK TESCO FABIAN W,50.0,,13822.14,Cash,Swansea,UK,50.0,debit
3720,2019-01-03,DD,PRINCIPALITY BS,957.26,,13872.14,Mortgage,Swansea,UK,957.26,debit
3721,2019-01-03,DD,GOOD ENERGY LTD,97.0,,14829.4,Bills,Swansea,UK,97.0,debit
3722,2019-01-03,DD,AVIVA LIFE,46.46,,14926.4,Insurance,Swansea,UK,46.46,debit
3723,2019-01-03,DD,DWR CYMRU W WATER,23.5,,14972.86,Bills,Swansea,UK,23.5,debit
3724,2019-01-03,DD,ASSURANT INTER LTD,21.15,,14996.36,Insurance,Swansea,UK,21.15,debit
3725,2019-01-03,DD,ZURICH,20.69,,15017.51,Insurance,Swansea,UK,20.69,debit
3726,2019-01-03,DD,CC SWANSEA C.TAX,13.0,,15038.2,Bills,Swansea,UK,13.0,debit
3727,2019-01-03,SO,ESAVINGS ACCOUNT,300.0,,15051.2,Savings,Swansea,UK,300.0,debit
3728,2019-01-03,BGC,SWANSEA UNIVERSITY,,123.2,15351.2,Supplementary Income,Swansea,UK,123.2,credit
3729,2019-02-28,DD,UCU B ACCOUNT,24.26,,15228.0,Others,Swansea,UK,24.26,debit
3730,2019-02-28,BGC,SWANSEA UNI - PAY,,3250.96,15252.26,Paycheck,Swansea,UK,3250.96,credit
3731,2019-02-28,BGC,MIDDLESEX UNIV,,404.95,12001.3,Supplementary Income,Swansea,UK,404.95,credit
3732,2019-02-27,CPT,LNK TESCO FABIAN W,20.0,,11596.35,Cash,Swansea,UK,20.0,debit
3733,2019-02-26,BP,SAVE THE CHANGE,1.79,,11616.35,Savings,Swansea,UK,1.79,debit
3734,2019-02-25,DEB,NON-GBP PURCH FEE,0.5,,11618.14,Others,Swansea,UK,0.5,debit
3735,2019-02-25,DEB,NON-GBP TRANS FEE,11.52,,11618.64,Others,Swansea,UK,11.52,debit
3736,2019-02-25,DEB,VEGAN LAUNCH,385.59,,11630.16,Dine Out,Unknown,Unknown,385.59,debit
3737,2019-02-25,DEB,Amazon.co.uk*MI64R,12.37,,12015.75,Amazon,Swansea,UK,12.37,debit
3738,2019-02-25,DEB,AMZN MKTP UK*MI4CC,8.99,,12028.12,Amazon,Swansea,UK,8.99,debit
3739,2019-02-25,DEB,AMZN Mktp UK*MI93A,5.99,,12037.11,Amazon,Swansea,UK,5.99,debit
3740,2019-02-25,DEB,SHARE DEALINGS LEE,5000.0,,12043.1,Services,Swansea,UK,5000.0,debit
3741,2019-02-25,DEB,Brontosaurus Vegan,20.99,,17043.1,Dine Out,Swansea,UK,20.99,debit
3742,2019-02-25,DEB,POUNDSTRETCHER 270,4.29,,17064.09,Groceries,Unknown,Unknown,4.29,debit
3743,2019-02-25,DEB,Audible.co.uk,7.99,,17068.38,Entertainment,Swansea,UK,7.99,debit
3744,2019-02-25,DEB,SHARE DEALINGS LEE,25.0,,17076.37,Services,Swansea,UK,25.0,debit
3745,2019-02-25,CPT,LNK TESCO FABIAN W,40.0,,17101.37,Cash,Swansea,UK,40.0,debit
3746,2019-02-22,DEB,SAINSBURY'S S/MKT,11.0,,17141.37,Groceries,Unknown,Unknown,11.0,debit
3747,2019-02-22,CPT,LNK TESCO FABIAN W,40.0,,17152.37,Cash,Swansea,UK,40.0,debit
3748,2019-02-22,DD,CORGI HOMEPLAN,14.75,,17192.37,Home Improvement,swansea,UK,14.75,debit
3749,2019-02-21,DD,VIRGIN MEDIA PYMTS,29.0,,17207.12,Bills,Swansea,UK,29.0,debit
3750,2019-02-19,CPT,LNK FABIAN WAY,50.0,,17236.12,Cash,Swansea,UK,50.0,debit
3751,2019-02-19,BP,SAVE THE CHANGE,0.66,,17286.12,Savings,Swansea,UK,0.66,debit
3752,2019-02-18,DEB,ZARA SWANSEA,49.99,,17286.78,Clothes,Swansea,UK,49.99,debit
3753,2019-02-18,DEB,Brontosaurus Vegan,12.66,,17336.77,Dine Out,Swansea,UK,12.66,debit
3754,2019-02-18,DEB,AMZN Mktp UK*MI3BZ,11.99,,17349.43,Amazon,Swansea,UK,11.99,debit
3755,2019-02-18,DEB,MARKS&SPENCER PLC,8.7,,17361.42,Clothes,Unknown,Unknown,8.7,debit
3756,2019-02-18,DD,O2,17.95,,17370.12,Other Shopping,Swansea,UK,17.95,debit
3757,2019-02-18,BP,SAVE THE CHANGE,0.57,,17388.07,Savings,Swansea,UK,0.57,debit
3758,2019-02-15,DEB,AMZN Mktp UK*MI5TU,8.43,,17388.64,Amazon,Swansea,UK,8.43,debit
3759,2019-02-15,CPT,LNK TESCO FABIAN W,50.0,,17397.07,Cash,Swansea,UK,50.0,debit
3760,2019-02-13,BP,SAVE THE CHANGE,0.64,,17447.07,Savings,Swansea,UK,0.64,debit
3761,2019-12-02,DEB,AMZN MKTP UK*MI4ED,8.37,,17447.71,Amazon,Swansea,UK,8.37,debit
3762,2019-12-02,DEB,AMZN Mktp UK*MI5RP,7.99,,17456.08,Amazon,Swansea,UK,7.99,debit
3763,2019-12-02,CPT,LNK UNI - UNIVERSI,50.0,,17464.07,Cash,Swansea,UK,50.0,debit
3764,2019-12-02,BP,SAVE THE CHANGE,1.45,,17514.07,Savings,Swansea,UK,1.45,debit
3765,2019-11-02,DEB,AMAZON.CO.UK*MI5QA,7.86,,17515.52,Amazon,Swansea,UK,7.86,debit
3766,2019-11-02,DEB,Brontosaurus Vegan,23.62,,17523.38,Dine Out,Swansea,UK,23.62,debit
3767,2019-11-02,DEB,IQRA SWANSEA LIMIT,20.97,,17547.0,Uncategorized,Unknown,Unknown,20.97,debit
3768,2019-11-02,DEB,MARKS&SPENCER PLC,8.1,,17567.97,Clothes,Unknown,Unknown,8.1,debit
3769,2019-11-02,DEB,POUNDLAND LTD 1414,4.0,,17576.07,Groceries,Unknown,Unknown,4.0,debit
3770,2019-08-02,DD,LV LIFE,37.12,,17580.07,Insurance,Swansea,UK,37.12,debit
3771,2019-08-02,BP,SAVE THE CHANGE,0.87,,17617.19,Savings,Swansea,UK,0.87,debit
3772,2019-07-02,DEB,POUNDSTRETCHER 270,7.13,,17618.06,Groceries,Unknown,Unknown,7.13,debit
3773,2019-07-02,CPT,LNK TESCO FABIAN W,60.0,,17625.19,Cash,Swansea,UK,60.0,debit
3774,2019-07-02,BP,SAVE THE CHANGE,0.85,,17685.19,Savings,Swansea,UK,0.85,debit
3775,2019-06-02,DEB,SAINSBURY'S S/MKT,22.15,,17686.04,Groceries,Unknown,Unknown,22.15,debit
3776,2019-06-02,BP,SAVE THE CHANGE,0.61,,17708.19,Savings,Swansea,UK,0.61,debit
3777,2019-05-02,DEB,AMZN Mktp UK*MI47S,2.39,,17708.8,Amazon,Swansea,UK,2.39,debit
3778,2019-05-02,CPT,LNK FABIAN WAY,50.0,,17711.19,Cash,Swansea,UK,50.0,debit
3779,2019-05-02,BP,SAVE THE CHANGE,0.67,,17761.19,Savings,Swansea,UK,0.67,debit
3780,2019-04-02,DEP,CLUB LLOYDS WAIVED,,3.0,17761.86,Dine Out,Swansea,UK,3.0,credit
3781,2019-04-02,PAY,CLUB LLOYDS FEE,3.0,,17758.86,Bills,Swansea,UK,3.0,debit
3782,2019-04-02,DEB,Brontosaurus Vegan,26.73,,17761.86,Supplementary Income,Swansea,UK,26.73,debit
3783,2019-04-02,DEB,MARKS&SPENCER PLC,13.6,,17788.59,Clothes,Unknown,Unknown,13.6,debit
3784,2019-04-02,DD,ASSURANT INTER LTD,21.15,,17802.19,Insurance,Swansea,UK,21.15,debit
3785,2019-04-02,BP,SAVE THE CHANGE,0.33,,17823.34,Savings,Swansea,UK,0.33,debit
3786,2019-01-02,Unknown,INTEREST (GROSS),,6.12,17823.67,Interest,Swansea,UK,6.12,credit
3787,2019-01-02,DEB,TESCO STORES 4628,2.67,,17817.55,Groceries,Unknown,Unknown,2.67,debit
3788,2019-01-02,DD,PRINCIPALITY BS,957.26,,17820.22,Mortgage,Swansea,UK,957.26,debit
3789,2019-01-02,DD,GOOD ENERGY LTD,97.0,,18777.48,Bills,Swansea,UK,97.0,debit
3790,2019-01-02,DD,AVIVA LIFE,46.46,,18874.48,Insurance,Swansea,UK,46.46,debit
3791,2019-01-02,DD,DWR CYMRU W WATER,23.5,,18920.94,Bills,Swansea,UK,23.5,debit
3792,2019-01-02,DD,ZURICH,20.69,,18944.44,Insurance,Swansea,UK,20.69,debit
3793,2019-01-02,DD,CC SWANSEA C.TAX,13.81,,18965.13,Bills,Swansea,UK,13.81,debit
3794,2019-01-02,SO,ESAVINGS ACCOUNT,300.0,,18978.94,Savings,Swansea,UK,300.0,debit
3795,2019-01-02,BP,SAVE THE CHANGE,0.8,,19278.94,Savings,Swansea,UK,0.8,debit
3796,2019-01-31,DEB,BIRMINGHAM INT HOT,47.0,,19279.74,Hotels,Birmingham,UK,47.0,debit
3797,2019-01-31,DEB,WASABI BIRMINGHAM,12.2,,19326.74,Dine Out,Birmingham,UK,12.2,debit
3798,2019-01-31,CPT,LNK TESCO FABIAN W,60.0,,19338.94,Cash,Swansea,UK,60.0,debit
3799,2019-01-31,DD,UCU B ACCOUNT,24.26,,19398.94,Others,Swansea,UK,24.26,debit
3800,2019-01-31,BP,SAVE THE CHANGE,1.0,,19423.2,Savings,Swansea,UK,1.0,debit
3801,2019-01-31,BGC,SWANSEA UNI - PAY,,3251.36,19424.2,Paycheck,Swansea,UK,3251.36,credit
3802,2019-01-30,DEB,TFW RAIL SERVICES,67.4,,16172.84,Travel,Unknown,Unknown,67.4,debit
3803,2019-01-30,DEB,SHREWSBURY STARBUC,8.6,,16240.24,Dine Out,Shrewsbury,UK,8.6,debit
3804,2019-01-30,DEB,THE BIKE HUB,5.0,,16248.84,Other Shopping,Unknown,Unknown,5.0,debit
3805,2019-01-29,CPT,LOYD LOYD 802 OXFO,60.0,,16253.84,Cash,Swansea,UK,60.0,debit
3806,2019-01-29,BP,SAVE THE CHANGE,0.8,,16313.84,Savings,Swansea,UK,0.8,debit
3807,2019-01-28,DEB,MARKS&SPENCER PLC,10.2,,16314.64,Clothes,Unknown,Unknown,10.2,debit
3808,2019-01-28,BP,SAVE THE CHANGE,0.1,,16324.84,Savings,Swansea,UK,0.1,debit
3809,2019-01-25,DEB,SAINSBURY'S S/MKT,12.9,,16324.94,Groceries,Unknown,Unknown,12.9,debit
3810,2019-01-25,CPT,LNK TESCO FABIAN W,60.0,,16337.84,Cash,Swansea,UK,60.0,debit
3811,2019-01-25,BP,SAVE THE CHANGE,0.01,,16397.84,Savings,Swansea,UK,0.01,debit
3812,2019-01-24,DEB,Audible.co.uk,7.99,,16397.85,Entertainment,Swansea,UK,7.99,debit
3813,2019-01-24,BP,SAVE THE CHANGE,0.5,,16405.84,Savings,Swansea,UK,0.5,debit
3814,2019-01-23,DEB,HOLIDAY INNS,96.0,,16406.34,Hotels,Unknown,Unknown,96.0,debit
3815,2019-01-23,DEB,HOLIDAY INNS,3.5,,16502.34,Hotels,Unknown,Unknown,3.5,debit
3816,2019-01-23,BP,SAVE THE CHANGE,0.9,,16505.84,Savings,Swansea,UK,0.9,debit
3817,2019-01-22,DEB,LUL TICKET MACHINE,13.1,,16506.74,Travel,London,UK,13.1,debit
3818,2019-01-22,DD,CORGI HOMEPLAN,14.75,,16519.84,Home Improvement,swansea,UK,14.75,debit
3819,2019-01-22,BP,SAVE THE CHANGE,2.36,,16534.59,Savings,Swansea,UK,2.36,debit
3820,2019-01-21,DEB,PIZZA EXPRESS,27.45,,16536.95,Dine Out,Unknown,Unknown,27.45,debit
3821,2019-01-21,DEB,Brontosaurus Vegan,20.89,,16564.4,Dine Out,Swansea,UK,20.89,debit
3822,2019-01-21,DEB,MARKS&SPENCER PLC,13.2,,16585.29,Clothes,Unknown,Unknown,13.2,debit
3823,2019-01-21,DEB,COFFEE#1 SWANSEA,6.6,,16598.49,Dine Out,Swansea,UK,6.6,debit
3824,2019-01-21,DEB,TESCO STORES 4628,6.5,,16605.09,Groceries,Unknown,Unknown,6.5,debit
3825,2019-01-21,DD,VIRGIN MEDIA PYMTS,29.0,,16611.59,Bills,Swansea,UK,29.0,debit
3826,2019-01-21,CPT,LNK BEST ONE,40.0,,16640.59,Cash,Unknown,Unknown,40.0,debit
3827,2019-01-18,CPT,LNK TESCO FABIAN W,60.0,,16680.59,Cash,Swansea,UK,60.0,debit
3828,2019-01-18,BP,SAVE THE CHANGE,0.3,,16740.59,Savings,Swansea,UK,0.3,debit
3829,2019-01-17,DEB,GWR WEBSALES,116.7,,16740.89,Travel,Unknown,Unknown,116.7,debit
3830,2019-01-16,DD,O2,16.78,,16857.59,Other Shopping,Swansea,UK,16.78,debit
3831,2019-01-16,BP,SAVE THE CHANGE,0.33,,16874.37,Savings,Swansea,UK,0.33,debit
3832,2019-01-15,CPT,LNK TESCO FABIAN W,60.0,,16874.7,Cash,Swansea,UK,60.0,debit
3833,2019-01-15,DEB,SAINSBURYS S/MKTS,30.0,,16934.7,Groceries,Unknown,Unknown,30.0,debit
3834,2019-01-15,DEB,NON-GBP PURCH FEE,0.5,,16964.7,Others,Swansea,UK,0.5,debit
3835,2019-01-15,DEB,NON-GBP TRANS FEE,0.58,,16965.2,Others,Swansea,UK,0.58,debit
3836,2019-01-15,DEB,RMV CONTACT CENTER,19.67,,16965.78,Others,Swansea,UK,19.67,debit
3837,2019-01-15,BP,SAVE THE CHANGE,0.39,,16985.45,Savings,Swansea,UK,0.39,debit
3838,2019-01-14,DEB,Brontosaurus Vegan,23.61,,16985.84,Dine Out,Swansea,UK,23.61,debit
3839,2019-01-14,BP,REMUS MANAGEMENTV2,126.69,,17009.45,Clothes,Unknown,Unknown,126.69,debit
3840,2019-11-01,CPT,LNK TESCO FABIAN W,60.0,,17136.14,Cash,Swansea,UK,60.0,debit
3841,2019-11-01,DD,LV LIFE,37.12,,17196.14,Insurance,Swansea,UK,37.12,debit
3842,2019-08-01,BP,SAVE THE CHANGE,0.79,,17233.26,Savings,Swansea,UK,0.79,debit
3843,2019-07-01,DEB,Brontosaurus Vegan,21.41,,17234.05,Dine Out,Swansea,UK,21.41,debit
3844,2019-07-01,DEB,NON-GBP PURCH FEE,0.5,,17255.46,Others,Swansea,UK,0.5,debit
3845,2019-07-01,DEB,NON-GBP TRANS FEE,4.18,,17255.96,Others,Swansea,UK,4.18,debit
3846,2019-07-01,DEB,ART VILLA NAUTILUS,140.0,,17260.14,Hotels,Santa Cruz de Tenerife,Spain,140.0,debit
3847,2019-07-01,DEB,GWR BRISTOL TM SST,28.8,,17400.14,Travel,Bristol,Unknown,28.8,debit
3848,2019-07-01,CPT,LOYD LOYD 802 OXFO,60.0,,17428.94,Cash,Swansea,UK,60.0,debit
3849,2019-03-01,DEP,CLUB LLOYDS WAIVED,,3.0,17488.94,Insurance,Swansea,UK,3.0,credit
3850,2019-03-01,PAY,CLUB LLOYDS FEE,3.0,,17485.94,Bills,Swansea,UK,3.0,debit
3851,2019-03-01,DD,ASSURANT INTER LTD,21.15,,17488.94,Supplementary Income,Swansea,UK,21.15,debit
3852,2019-03-01,DD,ZURICH,20.69,,17510.09,Insurance,Swansea,UK,20.69,debit
3853,2019-02-01,Unknown,INTEREST (GROSS),,6.12,17530.78,Interest,Swansea,UK,6.12,credit
3854,2019-02-01,DD,PRINCIPALITY BS,957.26,,17524.66,Mortgage,Swansea,UK,957.26,debit
3855,2019-02-01,DD,GOOD ENERGY LTD,97.0,,18481.92,Bills,Swansea,UK,97.0,debit
3856,2019-02-01,DD,AVIVA LIFE,46.46,,18578.92,Insurance,Swansea,UK,46.46,debit
3857,2019-02-01,DD,DWR CYMRU W WATER,23.5,,18625.38,Bills,Swansea,UK,23.5,debit
3858,2019-02-01,SO,ESAVINGS ACCOUNT,300.0,,18648.88,Savings,Swansea,UK,300.0,debit
3859,2018-12-31,DD,UCU B ACCOUNT,24.26,,18948.88,Others,Swansea,UK,24.26,debit
3860,2018-12-31,BP,SAVE THE CHANGE,0.6,,18973.14,Savings,Swansea,UK,0.6,debit
3861,2018-12-31,BGC,SWANSEA UNI - PAY,,3251.36,18973.74,Paycheck,Swansea,UK,3251.36,credit
3862,2018-12-28,DEB,TFW RAIL SERVICES,8.4,,15722.38,Travel,Unknown,Unknown,8.4,debit
3863,2018-12-28,BP,SAVE THE CHANGE,1.79,,15730.78,Savings,Swansea,UK,1.79,debit
3864,2018-12-27,DEB,NON-GBP PURCH FEE,0.5,,15732.57,Others,Swansea,UK,0.5,debit
3865,2018-12-27,DEB,NON-GBP TRANS FEE,1.34,,15733.07,Others,Swansea,UK,1.34,debit
3866,2018-12-27,DEB,Hotel on Booking.c,45.14,,15734.41,Hotels,Unknown,Unknown,45.14,debit
3867,2018-12-27,DEB,FRANCESCO LEONE,147.73,,15779.55,Services,Swansea,UK,147.73,debit
3868,2018-12-27,DEB,NON-GBP PURCH FEE,0.5,,15927.28,Others,Swansea,UK,0.5,debit
3869,2018-12-27,DEB,NON-GBP TRANS FEE,0.39,,15927.78,Others,Swansea,UK,0.39,debit
3870,2018-12-27,DEB,COVIRAN LOS ABRIGO,13.34,,15928.17,Groceries,Santa Cruz de Tenerife,Spain,13.34,debit
3871,2018-12-27,BP,SAVE THE CHANGE,1.77,,15941.51,Savings,Swansea,UK,1.77,debit
3872,2018-12-24,DEB,AMZN Mktp UK*M2882,2.71,,15943.28,Amazon,Swansea,UK,2.71,debit
3873,2018-12-24,DEB,Audible.co.uk,7.99,,15945.99,Entertainment,Swansea,UK,7.99,debit
3874,2018-12-24,DEB,Brontosaurus Vegan,12.98,,15953.98,Dine Out,Swansea,UK,12.98,debit
3875,2018-12-24,DEB,POST OFFICE SELF S,24.35,,15966.96,Others,Swansea,UK,24.35,debit
3876,2018-12-24,DEB,SAINSBURY'S S/MKT,20.5,,15991.31,Groceries,Unknown,Unknown,20.5,debit
3877,2018-12-24,DEB,MARKS&SPENCER PLC,2.7,,16011.81,Clothes,Unknown,Unknown,2.7,debit
3878,2018-12-24,DD,CORGI HOMEPLAN,14.75,,16014.51,Home Improvement,Swansea,UK,14.75,debit
3879,2018-12-24,BGC,SWANSEA UNIVERSITY,,516.6,16029.26,Supplementary Income,Swansea,UK,516.6,credit
3880,2018-12-24,CPT,LNK M&S SWANSEA,40.0,,15512.66,Cash,Swansea,UK,40.0,debit
3881,2018-12-21,CPT,P.O. 37 THE QUADAN,99.01,,15552.66,Entertainment,Swansea,UK,99.01,debit
3882,2018-12-21,DD,VIRGIN MEDIA PYMTS,29.0,,15651.67,Bills,Nottingham,UK,29.0,debit
3883,2018-12-20,BP,SAVE THE CHANGE,0.2,,15680.67,Savings,Swansea,UK,0.2,debit
3884,2018-12-19,DEB,SAINSBURY'S S/MKT,24.8,,15680.87,Groceries,Unknown,Unknown,24.8,debit
3885,2018-12-19,CPT,LNK TESCO FABIAN W,60.0,,15705.67,Cash,Swansea,UK,60.0,debit
3886,2018-12-19,BP,SAVE THE CHANGE,0.09,,15765.67,Savings,Swansea,UK,0.09,debit
3887,2018-12-18,DEB,Amazon.co.uk*M23Q2,5.91,,15765.76,Amazon,Swansea,UK,5.91,debit
3888,2018-12-18,BP,SAVE THE CHANGE,1.26,,15771.67,Savings,Swansea,UK,1.26,debit
3889,2018-12-17,DEB,TUI,259.0,,15772.93,Travel,Unknown,Unknown,259.0,debit
3890,2018-12-17,DEB,TUI,84.0,,16031.93,Travel,Unknown,Unknown,84.0,debit
3891,2018-12-17,DEB,DEBENHAMS,72.0,,16115.93,Other Shopping,Unknown,Unknown,72.0,debit
3892,2018-12-17,DEB,HOSTEL WORLD,22.24,,16187.93,Hotels,Unknown,Unknown,22.24,debit
3893,2018-12-17,DEB,TFW RAIL SERVICES,11.5,,16210.17,Travel,Unknown,Unknown,11.5,debit
3894,2018-12-17,DD,O2,18.5,,16221.67,Other Shopping,Swansea,UK,18.5,debit
3895,2018-12-17,CPT,LNK ARRIVA TRAINS,50.0,,16240.17,Cash,Unknown,Unknown,50.0,debit
3896,2018-12-14,DEB,TESCO STORES 4628,11.0,,16290.17,Groceries,Unknown,Unknown,11.0,debit
3897,2018-12-14,BGC,SWANSEA UNIVERSITY,,939.47,16301.17,Supplementary Income,Swansea,UK,939.47,credit
3898,2018-12-13,DEB,EUROPEAN MOVING,230.0,,15361.7,Others,Swansea,UK,230.0,debit
3899,2018-12-13,CPT,LNK TESCO FABIAN W,60.0,,15591.7,Cash,Swansea,UK,60.0,debit
3900,2018-11-12,BP,SAVE THE CHANGE,0.51,,15651.7,Savings,Swansea,UK,0.51,debit
3901,2018-10-12,CPT,LNK TESCO FABIAN W,40.0,,15652.21,Cash,Swansea,UK,40.0,debit
3902,2018-10-12,DEB,MOUNTAIN WAREHOUSE,49.99,,15692.21,Other Shopping,Leicester,UK,49.99,debit
3903,2018-10-12,DEB,TFW RAIL SERVICES,11.5,,15742.2,Travel,Unknown,Unknown,11.5,debit
3904,2018-10-12,DD,LV LIFE,37.12,,15753.7,Insurance,Swansea,UK,37.12,debit
3905,2018-10-12,CPT,LNK CARDIFF 1,40.0,,15790.82,Cash,Cardiff,UK,40.0,debit
3906,2018-06-12,CPT,LNK TESCO FABIAN W,60.0,,15830.82,Cash,Swansea,UK,60.0,debit
3907,2018-06-12,BP,SAVE THE CHANGE,1.11,,15890.82,Savings,Swansea,UK,1.11,debit
3908,2018-05-12,DEB,EUROPEAN MOVING,511.7,,15891.93,Others,Swansea,UK,511.7,debit
3909,2018-05-12,DEB,AMAZON.CO.UK*M005N,4.19,,16403.63,Amazon,Swansea,UK,4.19,debit
3910,2018-05-12,BP,SAVE THE CHANGE,0.04,,16407.82,Savings,Swansea,UK,0.04,debit
3911,2018-04-12,DEP,CLUB LLOYDS WAIVED,,3.0,16407.86,Amazon,Swansea,UK,3.0,credit
3912,2018-04-12,PAY,CLUB LLOYDS FEE,3.0,,16404.86,Bills,Swansea,UK,3.0,debit
3913,2018-04-12,DEB,AMZN MKTP UK*M04GF,3.96,,16407.86,Supplementary Income,Swansea,UK,3.96,debit
3914,2018-04-12,CPT,LNK TESCO FABIAN W,40.0,,16411.82,Cash,Swansea,UK,40.0,debit
3915,2018-04-12,BP,SAVE THE CHANGE,0.9,,16451.82,Savings,Swansea,UK,0.9,debit
3916,2018-03-12,Unknown,INTEREST (GROSS),,6.53,16452.72,Interest,Swansea,UK,6.53,credit
3917,2018-03-12,DEB,AMAZON.CO.UK*M050B,22.6,,16446.19,Amazon,Swansea,UK,22.6,debit
3918,2018-03-12,DEB,SAINSBURYS S/MKTS,22.5,,16468.79,Groceries,Unknown,Unknown,22.5,debit
3919,2018-03-12,DD,PRINCIPALITY BS,957.26,,16491.29,Mortgage,Swansea,UK,957.26,debit
3920,2018-03-12,DD,CC SWANSEA C.TAX,184.0,,17448.55,Bills,Swansea,UK,184.0,debit
3921,2018-03-12,DD,GOOD ENERGY LTD,97.0,,17632.55,Bills,Swansea,UK,97.0,debit
3922,2018-03-12,DD,AVIVA LIFE,46.46,,17729.55,Insurance,Swansea,UK,46.46,debit
3923,2018-03-12,DD,DWR CYMRU W WATER,23.5,,17776.01,Bills,Swansea,UK,23.5,debit
3924,2018-03-12,DD,ASSURANT INTER LTD,21.15,,17799.51,Insurance,Swansea,UK,21.15,debit
3925,2018-03-12,DD,ZURICH,20.69,,17820.66,Insurance,Swansea,UK,20.69,debit
3926,2018-03-12,SO,ESAVINGS ACCOUNT,300.0,,17841.35,Savings,Swansea,UK,300.0,debit
3927,2018-03-12,BP,SAVE THE CHANGE,0.55,,18141.35,Savings,Swansea,UK,0.55,debit
3928,2018-03-12,CPT,LOYD LOYD 802 OXFO,50.0,,18141.9,Cash,Swansea,UK,50.0,debit
3929,2018-11-30,DEB,LAS IGUNAS,36.45,,18191.9,Dine Out,Unknown,Unknown,36.45,debit
3930,2018-11-30,DD,UCU B ACCOUNT,24.26,,18228.35,Others,Swansea,UK,24.26,debit
3931,2018-11-30,BGC,SWANSEA UNI - PAY,,3251.36,18252.61,Paycheck,Swansea,UK,3251.36,credit
3932,2018-11-29,CPT,LNK PO THE CITYOFS,50.0,,15001.25,Cash,Unknown,Unknown,50.0,debit
3933,2018-11-27,BP,SAVE THE CHANGE,1.35,,15051.25,Savings,Swansea,UK,1.35,debit
3934,2018-11-26,DEB,EASYJET   EVXNX8,32.0,,15052.6,Travel,Unknown,Unknown,32.0,debit
3935,2018-11-26,DEB,WILKO RETAIL LIMIT,23.0,,15084.6,Other Shopping,Unknown,Unknown,23.0,debit
3936,2018-11-26,DEB,AMAZON.CO.UK*M83AN,11.85,,15107.6,Amazon,Swansea,UK,11.85,debit
3937,2018-11-26,DEB,AMZN MKTP UK*M849V,49.98,,15119.45,Amazon,Swansea,UK,49.98,debit
3938,2018-11-26,DEB,Brontosaurus Vegan,33.6,,15169.43,Dine Out,Swansea,UK,33.6,debit
3939,2018-11-26,DEB,AMAZON.CO.UK*M83UY,3.23,,15203.03,Amazon,Swansea,UK,3.23,debit
3940,2018-11-26,DEB,Audible.co.uk,7.99,,15206.26,Entertainment,Swansea,UK,7.99,debit
3941,2018-11-26,CPT,LNK UNI - UNIVERSI,80.0,,15214.25,Cash,Swansea,UK,80.0,debit
3942,2018-11-23,CPT,LNK TESCO FABIAN W,40.0,,15294.25,Cash,Swansea,UK,40.0,debit
3943,2018-11-22,DD,CORGI HOMEPLAN,14.75,,15334.25,Home Improvement,Swansea,UK,14.75,debit
3944,2018-11-22,BP,SAVE THE CHANGE,1.06,,15349.0,Savings,Swansea,UK,1.06,debit
3945,2018-11-21,DEB,AMZN Mktp UK*M85HN,8.88,,15350.06,Amazon,Swansea,UK,8.88,debit
3946,2018-11-21,DEB,Amazon.co.uk*M88N5,4.33,,15358.94,Amazon,Swansea,UK,4.33,debit
3947,2018-11-21,CPT,LNK TESCO FABIAN W,40.0,,15363.27,Cash,Swansea,UK,40.0,debit
3948,2018-11-21,DD,VIRGIN MEDIA PYMTS,29.0,,15403.27,Bills,Nottingham,UK,29.0,debit
3949,2018-11-21,DEB,NON-GBP PURCH FEE,0.5,,15432.27,Others,Swansea,UK,0.5,debit
3950,2018-11-21,DEB,NON-GBP TRANS FEE,1.06,,15432.77,Others,Swansea,UK,1.06,debit
3951,2018-11-21,DEB,KLM*REF UGUA8R OPT,35.73,,15433.83,Travel,Unknown,Unknown,35.73,debit
3952,2018-11-21,BP,SAVE THE CHANGE,0.35,,15469.56,Savings,Swansea,UK,0.35,debit
3953,2018-11-20,DEB,NON-GBP PURCH FEE,0.5,,15469.91,Others,Swansea,UK,0.5,debit
3954,2018-11-20,DEB,NON-GBP TRANS FEE,6.75,,15470.41,Others,Swansea,UK,6.75,debit
3955,2018-11-20,DEB,SCHLOSS DAGSTUHL -,225.81,,15477.16,Entertainment,Unknown,Unknown,225.81,debit
3956,2018-11-20,DEB,NON-GBP PURCH FEE,0.5,,15702.97,Others,Swansea,UK,0.5,debit
3957,2018-11-20,DEB,NON-GBP TRANS FEE,2.47,,15703.47,Others,Swansea,UK,2.47,debit
3958,2018-11-20,DEB,SCHLOSS DAGSTUHL -,82.84,,15705.94,Entertainment,Unknown,Unknown,82.84,debit
3959,2018-11-20,BP,SAVE THE CHANGE,0.6,,15788.78,Savings,Swansea,UK,0.6,debit
3960,2018-11-19,DEB,Brontosaurus Vegan,24.41,,15789.38,Dine Out,Swansea,UK,24.41,debit
3961,2018-11-19,DEB,CANDLES & CO,21.99,,15813.79,Other Shopping,Unknown,Unknown,21.99,debit
3962,2018-11-19,CPT,LNK M&S SWANSEA,80.0,,15835.78,Cash,Swansea,UK,80.0,debit
3963,2018-11-16,DD,O2,19.45,,15915.78,Other Shopping,Swansea,UK,19.45,debit
3964,2018-11-15,BP,SAVE THE CHANGE,0.03,,15935.23,Savings,Swansea,UK,0.03,debit
3965,2018-11-14,DEB,NON-GBP PURCH FEE,0.5,,15935.26,Others,Swansea,UK,0.5,debit
3966,2018-11-14,DEB,NON-GBP TRANS FEE,1.76,,15935.76,Others,Swansea,UK,1.76,debit
3967,2018-11-14,DEB,DB AUTOMATEN,58.97,,15937.52,Travel,Unknown,Unknown,58.97,debit
3968,2018-11-14,BP,SAVE THE CHANGE,0.17,,15996.49,Savings,Swansea,UK,0.17,debit
3969,2018-11-13,DEB,KLM UNITEDKI074822,34.83,,15996.66,Travel,Unknown,Unknown,34.83,debit
3970,2018-11-13,BP,SAVE THE CHANGE,0.8,,16031.49,Savings,Swansea,UK,0.8,debit
3971,2018-12-11,DEB,ARRIVA TRAINS WALE,38.2,,16032.29,Travel,Unknown,Unknown,38.2,debit
3972,2018-12-11,CPT,LNK ARRIVA TRAINS,40.0,,16070.49,Cash,Unknown,Unknown,40.0,debit
3973,2018-12-11,CPT,LNK M&S SWANSEA,60.0,,16110.49,Cash,Swansea,UK,60.0,debit
3974,2018-09-11,DD,LV LIFE,37.12,,16170.49,Insurance,Swansea,UK,37.12,debit
3975,2018-07-11,CPT,LNK TESCO FABIAN W,60.0,,16207.61,Cash,Swansea,UK,60.0,debit
3976,2018-05-11,DD,ASSURANT INTER LTD,21.15,,16267.61,Insurance,Swansea,UK,21.15,debit
3977,2018-02-11,DEP,CLUB LLOYDS WAIVED,,3.0,16288.76,Supplementary Income,Swansea,UK,3.0,credit
3978,2018-02-11,PAY,CLUB LLOYDS FEE,3.0,,16285.76,Bills,Swansea,UK,3.0,debit
3979,2018-02-11,BGC,SWANSEA UNIVERSITY,,105.6,16288.76,Supplementary Income,Swansea,UK,105.6,credit
3980,2018-01-11,Unknown,INTEREST (GROSS),,6.33,16183.16,Interest,Swansea,UK,6.33,credit
3981,2018-01-11,DD,PRINCIPALITY BS,957.26,,16176.83,Mortgage,Swansea,UK,957.26,debit
3982,2018-01-11,DD,CC SWANSEA C.TAX,184.0,,17134.09,Bills,Swansea,UK,184.0,debit
3983,2018-01-11,DD,GOOD ENERGY LTD,97.0,,17318.09,Bills,Swansea,UK,97.0,debit
3984,2018-01-11,DD,AVIVA LIFE,46.46,,17415.09,Insurance,Swansea,UK,46.46,debit
3985,2018-01-11,DD,DWR CYMRU W WATER,23.5,,17461.55,Bills,Swansea,UK,23.5,debit
3986,2018-01-11,DD,ZURICH,20.69,,17485.05,Insurance,Swansea,UK,20.69,debit
3987,2018-01-11,SO,ESAVINGS ACCOUNT,300.0,,17505.74,Savings,Swansea,UK,300.0,debit
3988,2018-10-31,DD,UCU B ACCOUNT,24.26,,17805.74,Others,Swansea,UK,24.26,debit
3989,2018-10-31,BP,SAVE THE CHANGE,0.87,,17830.0,Savings,Swansea,UK,0.87,debit
3990,2018-10-31,BGC,SWANSEA UNI - PAY,,3251.36,17830.87,Paycheck,Swansea,UK,3251.36,credit
3991,2018-10-30,DEB,SWANSEA UNI - CATE,4.5,,14579.51,Dine Out,Swansea,UK,4.5,debit
3992,2018-10-30,CHQ,LOYD 802 OXFORD ST,,1383.0,14584.01,Supplementary Income,Swansea,UK,1383.0,credit
3993,2018-10-30,DEB,NON-GBP PURCH FEE,0.5,,13201.01,Others,Swansea,UK,0.5,debit
3994,2018-10-30,DEB,NON-GBP TRANS FEE,22.14,,13201.51,Others,Swansea,UK,22.14,debit
3995,2018-10-30,DEB,ESTREL FRONT OFFIC,740.63,,13223.65,Travel,Berlin,Germany,740.63,debit
3996,2018-10-30,BP,SAVE THE CHANGE,1.16,,13964.28,Savings,Swansea,UK,1.16,debit
3997,2018-10-29,DEB,Brontosaurus Vegan,31.34,,13965.44,Dine Out,Swansea,UK,31.34,debit
3998,2018-10-29,DEB,ARRIVA TRAINS WALE,11.5,,13996.78,Travel,Unknown,Unknown,11.5,debit
3999,2018-10-29,CPT,LNK TESCO FABIAN W,40.0,,14008.28,Cash,Swansea,UK,40.0,debit
4000,2018-10-29,CPT,LOYD LOYD 802 OXFO,50.0,,14048.28,Cash,Swansea,UK,50.0,debit
4001,2018-10-25,BP,SAVE THE CHANGE,0.01,,14098.28,Savings,Swansea,UK,0.01,debit
4002,2018-10-24,DEB,Audible.co.uk,7.99,,14098.29,Entertainment,Swansea,UK,7.99,debit
4003,2018-10-22,DD,VIRGIN MEDIA PYMTS,22.4,,14106.28,Bills,Nottingham,UK,22.4,debit
4004,2018-10-22,DD,CORGI HOMEPLAN,14.75,,14128.68,Home Improvement,Swansea,UK,14.75,debit
4005,2018-10-22,BP,SAVE THE CHANGE,1.29,,14143.43,Savings,Swansea,UK,1.29,debit
4006,2018-10-19,DEB,TESCO STORES 4628,12.25,,14144.72,Groceries,Unknown,Unknown,12.25,debit
4007,2018-10-19,DEB,AMZN Mktp UK,3.46,,14156.97,Amazon,Swansea,UK,3.46,debit
4008,2018-10-19,BP,SAVE THE CHANGE,0.35,,14160.43,Savings,Swansea,UK,0.35,debit
4009,2018-10-18,DEB,AMZN Mktp UK,69.99,,14160.78,Amazon,Swansea,UK,69.99,debit
4010,2018-10-18,DEB,AMAZON.CO.UK AMAZO,11.77,,14230.77,Amazon,Swansea,UK,11.77,debit
4011,2018-10-18,DEB,Amazon.co.uk,6.89,,14242.54,Amazon,Swansea,UK,6.89,debit
4012,2018-10-18,CPT,LNK TESCO FABIAN W,50.0,,14249.43,Cash,Swansea,UK,50.0,debit
4013,2018-10-18,BP,SAVE THE CHANGE,0.77,,14299.43,Savings,Swansea,UK,0.77,debit
4014,2018-10-17,DEB,NON-STG PURCH FEE,0.5,,14300.2,Others,Swansea,UK,0.5,debit
4015,2018-10-17,DEB,NON-STG TRANS FEE,1.14,,14300.7,Others,Swansea,UK,1.14,debit
4016,2018-10-17,DEB,WPY*PayIt2com Ragh,38.23,,14301.84,Investment,Nottingham,UK,38.23,debit
4017,2018-10-16,CPT,LNK TESCO FABIAN W,50.0,,14340.07,Cash,Swansea,UK,50.0,debit
4018,2018-10-16,DD,O2,18.5,,14390.07,Other Shopping,Swansea,UK,18.5,debit
4019,2018-10-16,BP,SAVE THE CHANGE,0.01,,14408.57,Savings,Swansea,UK,0.01,debit
4020,2018-10-15,DEB,AMZN Mktp UK,14.99,,14408.58,Amazon,Swansea,UK,14.99,debit
4021,2018-11-10,BP,SAVE THE CHANGE,0.52,,14423.57,Savings,Swansea,UK,0.52,debit
4022,2018-10-10,DEB,EASYJET   EVXNX8,359.9,,14424.09,Travel,Unknown,Unknown,359.9,debit
4023,2018-10-10,DEB,AMZN MKTP UK AMAZO,7.99,,14783.99,Amazon,Swansea,UK,7.99,debit
4024,2018-10-10,DEB,AMZN MKTP UK AMAZO,7.59,,14791.98,Amazon,Swansea,UK,7.59,debit
4025,2018-10-10,TFR,F/FLOW KATHLEEN M,,721.25,14799.57,Supplementary Income,Swansea,UK,721.25,credit
4026,2018-09-10,FPI,MARIANA MILLS,,180.0,14078.32,Supplementary Income,Swansea,UK,180.0,credit
4027,2018-09-10,BP,SAVE THE CHANGE,0.49,,13898.32,Savings,Swansea,UK,0.49,debit
4028,2018-08-10,DEB,AMZN Mktp UK,5.51,,13898.81,Amazon,Swansea,UK,5.51,debit
4029,2018-08-10,CPT,LNK UNI - UNIVERSI,100.0,,13904.32,Cash,Swansea,UK,100.0,debit
4030,2018-08-10,DD,LV LIFE,37.12,,14004.32,Insurance,Swansea,UK,37.12,debit
4031,2018-08-10,CPT,LNK M&S SWANSEA,100.0,,14041.44,Cash,Swansea,UK,100.0,debit
4032,2018-05-10,CPT,LNK UNI - UNIVERSI,50.0,,14141.44,Cash,Swansea,UK,50.0,debit
4033,2018-05-10,BP,SAVE THE CHANGE,0.35,,14191.44,Savings,Swansea,UK,0.35,debit
4034,2018-04-10,DEB,DELIVEROO.CO.UK,24.65,,14191.79,Dine Out,Unknown,Unknown,24.65,debit
4035,2018-03-10,DD,ASSURANT INTER LTD,21.15,,14216.44,Insurance,Swansea,UK,21.15,debit
4036,2018-03-10,BP,SAVE THE CHANGE,0.01,,14237.59,Savings,Swansea,UK,0.01,debit
4037,2018-02-10,DEP,CLUB LLOYDS WAIVED,,3.0,14237.6,Amazon,Swansea,UK,3.0,credit
4038,2018-02-10,PAY,CLUB LLOYDS FEE,3.0,,14234.6,Bills,Swansea,UK,3.0,debit
4039,2018-02-10,DEB,Amazon.co.uk,14.99,,14237.6,Supplementary Income,Swansea,UK,14.99,debit
4040,2018-02-10,BP,SAVE THE CHANGE,3.25,,14252.59,Savings,Swansea,UK,3.25,debit
4041,2018-01-10,Unknown,INTEREST (GROSS),,5.71,14255.84,Interest,Swansea,UK,5.71,credit
4042,2018-01-10,DEB,AMZN Mktp UK,23.88,,14250.13,Amazon,Swansea,UK,23.88,debit
4043,2018-01-10,DEB,AMZN Mktp UK,4.49,,14274.01,Amazon,Swansea,UK,4.49,debit
4044,2018-01-10,DEB,Brontosaurus Vegan,37.29,,14278.5,Dine Out,Swansea,UK,37.29,debit
4045,2018-01-10,DEB,GOOGLE *YouTube Vi,3.49,,14315.79,Uncategorized,Unknown,Unknown,3.49,debit
4046,2018-01-10,DEB,ARRIVA TRAINS WALE,75.1,,14319.28,Travel,Unknown,Unknown,75.1,debit
4047,2018-01-10,DEB,WASABI BIRMINGHAM,30.5,,14394.38,Dine Out,Birmingham,UK,30.5,debit
4048,2018-01-10,DEB,easyHotel Birmingh,10.0,,14424.88,Hotels,Birmingham,UK,10.0,debit
4049,2018-01-10,DD,PRINCIPALITY BS,957.26,,14434.88,Mortgage,Swansea,UK,957.26,debit
4050,2018-01-10,DD,CC SWANSEA C.TAX,184.0,,15392.14,Bills,Swansea,UK,184.0,debit
4051,2018-01-10,DD,GOOD ENERGY LTD,97.0,,15576.14,Bills,Swansea,UK,97.0,debit
4052,2018-01-10,DD,AVIVA LIFE,46.46,,15673.14,Insurance,Swansea,UK,46.46,debit
4053,2018-01-10,DD,DWR CYMRU W WATER,23.5,,15719.6,Bills,Swansea,UK,23.5,debit
4054,2018-01-10,DD,ZURICH,20.69,,15743.1,Insurance,Swansea,UK,20.69,debit
4055,2018-01-10,SO,ESAVINGS ACCOUNT,300.0,,15763.79,Savings,Swansea,UK,300.0,debit
4056,2018-01-10,CPT,LNK MORRISONS SWAN,50.0,,16063.79,Cash,Swansea,UK,50.0,debit
4057,2018-09-28,DD,UCU B ACCOUNT,24.26,,16113.79,Others,Swansea,UK,24.26,debit
4058,2018-09-28,BGC,SWANSEA UNI - PAY,,3250.96,16138.05,Paycheck,Swansea,UK,3250.96,credit
4059,2018-09-26,CPT,LNK UNI - UNIVERSI,50.0,,12887.09,Cash,Swansea,UK,50.0,debit
4060,2018-09-25,BP,SAVE THE CHANGE,0.95,,12937.09,Savings,Swansea,UK,0.95,debit
4061,2018-09-24,DEB,Audible.co.uk,7.99,,12938.04,Entertainment,Swansea,UK,7.99,debit
4062,2018-09-24,DEB,Brontosaurus Vegan,43.06,,12946.03,Dine Out,Swansea,UK,43.06,debit
4063,2018-09-24,CPT,LNK MORRISONS SWAN,200.0,,12989.09,Cash,Swansea,UK,200.0,debit
4064,2018-09-21,DD,VIRGIN MEDIA PYMTS,40.0,,13189.09,Bills,Nottingham,UK,40.0,debit
4065,2018-09-21,BP,SAVE THE CHANGE,0.6,,13229.09,Savings,Swansea,UK,0.6,debit
4066,2018-09-21,BGC,SWANSEA UNIVERSITY,,170.74,13229.69,Supplementary Income,Swansea,UK,170.74,credit
4067,2018-09-20,DEB,DELIVEROO.CO.UK,24.4,,13058.95,Dine Out,Unknown,Unknown,24.4,debit
4068,2018-09-20,BP,SAVE THE CHANGE,0.01,,13083.35,Savings,Swansea,UK,0.01,debit
4069,2018-09-19,DEB,Amazon.co.uk,77.0,,13083.36,Amazon,Swansea,UK,77.0,debit
4070,2018-09-19,DEB,easyHotel Birmingh,42.99,,13160.36,Hotels,Birmingham,UK,42.99,debit
4071,2018-09-19,CPT,LNK UNI - UNIVERSI,50.0,,13203.35,Cash,Swansea,UK,50.0,debit
4072,2018-09-18,BP,SAVE THE CHANGE,0.04,,13253.35,Savings,Swansea,UK,0.04,debit
4073,2018-09-17,DEB,AMZN MKTP UK AMAZO,33.96,,13253.39,Amazon,Swansea,UK,33.96,debit
4074,2018-09-17,DD,O2,17.95,,13287.35,Other Shopping,Swansea,UK,17.95,debit
4075,2018-09-17,BP,SAVE THE CHANGE,0.37,,13305.3,Savings,Swansea,UK,0.37,debit
4076,2018-09-14,DEB,AMZN Mktp UK,2.63,,13305.67,Amazon,Swansea,UK,2.63,debit
4077,2018-09-14,BP,SAVE THE CHANGE,0.6,,13308.3,Savings,Swansea,UK,0.6,debit
4078,2018-09-13,DEB,DELIVEROO.CO.UK,24.4,,13308.9,Dine Out,Unknown,Unknown,24.4,debit
4079,2018-09-13,BP,SAVE THE CHANGE,0.25,,13333.3,Savings,Swansea,UK,0.25,debit
4080,2018-12-09,DEB,AMZN Mktp UK,2.75,,13333.55,Amazon,Swansea,UK,2.75,debit
4081,2018-11-09,BP,SAVE THE CHANGE,2.36,,13336.3,Savings,Swansea,UK,2.36,debit
4082,2018-10-09,DEB,SQ *FLOOR & DECOR,341.05,,13338.66,Home Improvement,Swansea,UK,341.05,debit
4083,2018-10-09,DEB,Brontosaurus Vegan,21.51,,13679.71,Dine Out,Swansea,UK,21.51,debit
4084,2018-10-09,DEB,MARKS&SPENCER PLC,11.4,,13701.22,Clothes,Unknown,Unknown,11.4,debit
4085,2018-10-09,DEB,AMZN Mktp UK,8.68,,13712.62,Amazon,Swansea,UK,8.68,debit
4086,2018-10-09,DD,LV LIFE,37.12,,13721.3,Insurance,Swansea,UK,37.12,debit
4087,2018-07-09,BP,SAVE THE CHANGE,0.51,,13758.42,Savings,Swansea,UK,0.51,debit
4088,2018-06-09,DEB,Amazon.co.uk,35.49,,13758.93,Amazon,Swansea,UK,35.49,debit
4089,2018-05-09,DD,ASSURANT INTER LTD,21.3,,13794.42,Insurance,Swansea,UK,21.3,debit
4090,2018-05-09,BP,SAVE THE CHANGE,0.75,,13815.72,Savings,Swansea,UK,0.75,debit
4091,2018-04-09,DEP,CLUB LLOYDS WAIVED,,3.0,13816.47,Amazon,Swansea,UK,3.0,credit
4092,2018-04-09,PAY,CLUB LLOYDS FEE,3.0,,13813.47,Bills,Swansea,UK,3.0,debit
4093,2018-04-09,DEB,AMZN Mktp UK,5.25,,13816.47,Supplementary Income,Swansea,UK,5.25,debit
4094,2018-04-09,BP,SAVE THE CHANGE,1.02,,13821.72,Savings,Swansea,UK,1.02,debit
4095,2018-04-09,BGC,IRG ADVISORS LLP,,345.8,13822.74,Supplementary Income,Swansea,UK,345.8,credit
4096,2018-04-09,BGC,IRG ADVISORS LLP,,116.4,13476.94,Supplementary Income,Swansea,UK,116.4,credit
4097,2018-03-09,Unknown,INTEREST (GROSS),,6.74,13360.54,Interest,Swansea,UK,6.74,credit
4098,2018-03-09,DEB,Brontosaurus Vegan,23.53,,13353.8,Dine Out,Swansea,UK,23.53,debit
4099,2018-03-09,DEB,PAYPAL *VIMEO INC,3.45,,13377.33,Services,Swansea,UK,3.45,debit
4100,2018-03-09,DD,PRINCIPALITY BS,957.26,,13380.78,Mortgage,Swansea,UK,957.26,debit
4101,2018-03-09,DD,CC SWANSEA C.TAX,184.0,,14338.04,Bills,Swansea,UK,184.0,debit
4102,2018-03-09,DD,GOOD ENERGY LTD,97.0,,14522.04,Bills,Swansea,UK,97.0,debit
4103,2018-03-09,DD,AVIVA LIFE,46.46,,14619.04,Insurance,Swansea,UK,46.46,debit
4104,2018-03-09,DD,DWR CYMRU W WATER,23.5,,14665.5,Bills,Swansea,UK,23.5,debit
4105,2018-03-09,DD,ZURICH,19.36,,14689.0,Insurance,Swansea,UK,19.36,debit
4106,2018-03-09,SO,ESAVINGS ACCOUNT,300.0,,14708.36,Savings,Swansea,UK,300.0,debit
4107,2018-03-09,BP,SAVE THE CHANGE,0.01,,15008.36,Savings,Swansea,UK,0.01,debit
4108,2018-03-09,FPO,P M GREY,1360.0,,15008.37,Services,Swansea,UK,1360.0,debit
4109,2018-08-31,DEB,AMZN Mktp UK,33.99,,16368.37,Amazon,Swansea,UK,33.99,debit
4110,2018-08-31,CPT,LNK UNI - UNIVERSI,40.0,,16402.36,Cash,Swansea,UK,40.0,debit
4111,2018-08-31,DD,UCU B ACCOUNT,23.11,,16442.36,Others,Swansea,UK,23.11,debit
4112,2018-08-31,BGC,SWANSEA UNI - PAY,,3251.36,16465.47,Paycheck,Swansea,UK,3251.36,credit
4113,2018-08-30,CPT,LNK UNI - UNIVERSI,50.0,,13214.11,Cash,Swansea,UK,50.0,debit
4114,2018-08-30,BP,SAVE THE CHANGE,0.9,,13264.11,Savings,Swansea,UK,0.9,debit
4115,2018-08-29,DEB,AMZN Mktp UK,7.31,,13265.01,Amazon,Swansea,UK,7.31,debit
4116,2018-08-29,DEB,AMZN Mktp UK,2.79,,13272.32,Amazon,Swansea,UK,2.79,debit
4117,2018-08-29,BP,SAVE THE CHANGE,1.1,,13275.11,Savings,Swansea,UK,1.1,debit
4118,2018-08-28,DEB,AMZN Mktp UK,8.99,,13276.21,Amazon,Swansea,UK,8.99,debit
4119,2018-08-28,DEB,ARRIVA TRAINS WALE,11.5,,13285.2,Travel,Unknown,Unknown,11.5,debit
4120,2018-08-28,DEB,Brontosaurus Vegan,24.41,,13296.7,Dine Out,Swansea,UK,24.41,debit
4121,2018-08-28,CPT,LNK UNI - UNIVERSI,40.0,,13321.11,Cash,Swansea,UK,40.0,debit
4122,2018-08-28,BP,SAVE THE CHANGE,0.16,,13361.11,Savings,Swansea,UK,0.16,debit
4123,2018-08-28,CPT,LNK ARRIVA TRAINS,40.0,,13361.27,Cash,Unknown,Unknown,40.0,debit
4124,2018-08-24,DEB,PIZZA EXPRESS,86.85,,13401.27,Dine Out,Unknown,Unknown,86.85,debit
4125,2018-08-24,DEB,Audible.co.uk,7.99,,13488.12,Entertainment,Swansea,UK,7.99,debit
4126,2018-08-24,CPT,LNK M&S SWANSEA,20.0,,13496.11,Cash,Swansea,UK,20.0,debit
4127,2018-08-24,BGC,SWANSEA UNIVERSITY,,276.32,13516.11,Supplementary Income,Swansea,UK,276.32,credit
4128,2018-08-22,CPT,LNK UNI - UNIVERSI,50.0,,13239.79,Cash,Swansea,UK,50.0,debit
4129,2018-08-22,BP,SAVE THE CHANGE,0.4,,13289.79,Savings,Swansea,UK,0.4,debit
4130,2018-08-21,FPO,P M GREY,3500.0,,13290.19,Services,Swansea,UK,3500.0,debit
4131,2018-08-21,DEB,AMZN Mktp UK,7.98,,16790.19,Amazon,Swansea,UK,7.98,debit
4132,2018-08-21,DEB,AMZN Mktp UK,2.62,,16798.17,Amazon,Swansea,UK,2.62,debit
4133,2018-08-21,DD,VIRGIN MEDIA PYMTS,27.0,,16800.79,Bills,Nottingham,UK,27.0,debit
4134,2018-08-21,BP,SAVE THE CHANGE,1.55,,16827.79,Savings,Swansea,UK,1.55,debit
4135,2018-08-20,DEB,AMZN Mktp UK,10.0,,16829.34,Amazon,Swansea,UK,10.0,debit
4136,2018-08-20,DEB,AMZN Mktp UK,7.25,,16839.34,Amazon,Swansea,UK,7.25,debit
4137,2018-08-20,DEB,Brontosaurus Vegan,28.2,,16846.59,Dine Out,Swansea,UK,28.2,debit
4138,2018-08-20,BP,SAVE THE CHANGE,0.9,,16874.79,Savings,Swansea,UK,0.9,debit
4139,2018-08-20,CPT,LNK M&S SWANSEA,50.0,,16875.69,Cash,Swansea,UK,50.0,debit
4140,2018-08-17,DEB,ARRIVA TRAINS WALE,87.1,,16925.69,Travel,Unknown,Unknown,87.1,debit
4141,2018-08-17,DEB,BEAUFORT PARK HOTE,58.0,,17012.79,Hotels,New Brighton,Moldova,58.0,debit
4142,2018-08-17,BP,SAVE THE CHANGE,1.0,,17070.79,Savings,Swansea,UK,1.0,debit
4143,2018-08-16,DEB,AMZN Mktp UK,5.45,,17071.79,Amazon,Swansea,UK,5.45,debit
4144,2018-08-16,DEB,AMZN Mktp UK,3.55,,17077.24,Amazon,Swansea,UK,3.55,debit
4145,2018-08-16,CPT,LNK UNI - UNIVERSI,60.0,,17080.79,Cash,Swansea,UK,60.0,debit
4146,2018-08-16,DD,O2,19.0,,17140.79,Other Shopping,Swansea,UK,19.0,debit
4147,2018-08-15,BP,SAVE THE CHANGE,0.11,,17159.79,Savings,Swansea,UK,0.11,debit
4148,2018-08-14,DEB,AMZN Mktp UK,6.89,,17159.9,Amazon,Swansea,UK,6.89,debit
4149,2018-08-14,BP,SAVE THE CHANGE,0.6,,17166.79,Savings,Swansea,UK,0.6,debit
4150,2018-08-13,DEB,AMZN MKTP UK AMAZO,5.4,,17167.39,Amazon,Swansea,UK,5.4,debit
4151,2018-08-08,DD,LV LIFE,37.12,,17172.79,Insurance,Swansea,UK,37.12,debit
4152,2018-06-08,DEB,NON-STG CASH FEE,1.5,,17209.91,Others,Swansea,UK,1.5,debit
4153,2018-06-08,DEB,NON-STG TRANS FEE,2.66,,17211.41,Others,Swansea,UK,2.66,debit
4154,2018-06-08,DEB,ST PAUL'S BAY,89.2,,17214.07,Travel,Malia,Greece,89.2,debit
4155,2018-06-08,DD,ASSURANT INTER LTD,21.37,,17303.27,Insurance,Swansea,UK,21.37,debit
4156,2018-02-08,DEP,CLUB LLOYDS WAIVED,,3.0,17324.64,Interest,Swansea,UK,3.0,credit
4157,2018-02-08,PAY,CLUB LLOYDS FEE,3.0,,17321.64,Bills,Swansea,UK,3.0,debit
4158,2018-01-08,Unknown,INTEREST (GROSS),,6.12,17324.64,Supplementary Income,Swansea,UK,6.12,credit
4159,2018-01-08,DD,PRINCIPALITY BS,957.26,,17318.52,Mortgage,Swansea,UK,957.26,debit
4160,2018-01-08,DD,CC SWANSEA C.TAX,184.0,,18275.78,Bills,Swansea,UK,184.0,debit
4161,2018-01-08,DD,GOOD ENERGY LTD,97.0,,18459.78,Bills,Swansea,UK,97.0,debit
4162,2018-01-08,DD,AVIVA LIFE,46.46,,18556.78,Insurance,Swansea,UK,46.46,debit
4163,2018-01-08,DD,DWR CYMRU W WATER,23.5,,18603.24,Bills,Swansea,UK,23.5,debit
4164,2018-01-08,DD,ZURICH,19.36,,18626.74,Insurance,Swansea,UK,19.36,debit
4165,2018-01-08,SO,ESAVINGS ACCOUNT,300.0,,18646.1,Savings,Swansea,UK,300.0,debit
4166,2018-07-31,DD,UCU B ACCOUNT,23.11,,18946.1,Others,Swansea,UK,23.11,debit
4167,2018-07-31,BP,SAVE THE CHANGE,2.14,,18969.21,Savings,Swansea,UK,2.14,debit
4168,2018-07-31,BGC,SWANSEA UNI - PAY,,3200.58,18971.35,Paycheck,Swansea,UK,3200.58,credit
4169,2018-07-30,DEB,NON-STG PURCH FEE,0.5,,15770.77,Others,Swansea,UK,0.5,debit
4170,2018-07-30,DEB,NON-STG TRANS FEE,5.38,,15771.27,Others,Swansea,UK,5.38,debit
4171,2018-07-30,DEB,Hotel on Booking.c,180.25,,15776.65,Hotels,Unknown,Unknown,180.25,debit
4172,2018-07-30,DEB,Amazon UK Retail,9.87,,15956.9,Amazon,Swansea,UK,9.87,debit
4173,2018-07-30,DEB,JS ONLINE GROCERY,100.55,,15966.77,Groceries,Swansea,UK,100.55,debit
4174,2018-07-30,DEB,Brontosaurus Vegan,36.2,,16067.32,Dine Out,Swansea,UK,36.2,debit
4175,2018-07-30,DEB,Amazon UK Marketpl,15.99,,16103.52,Amazon,Swansea,UK,15.99,debit
4176,2018-07-30,BP,SAVE THE CHANGE,0.87,,16119.51,Savings,Swansea,UK,0.87,debit
4177,2018-07-30,CPT,LNK 37 THE QUADANT,182.13,,16120.38,Cash,Oakham,UK,182.13,debit
4178,2018-07-27,DEB,AMAZON SVCS EU-UK,11.13,,16302.51,Amazon,Swansea,UK,11.13,debit
4179,2018-07-27,CPT,LNK UNI - UNIVERSI,40.0,,16313.64,Cash,Swansea,UK,40.0,debit
4180,2018-07-27,BP,SAVE THE CHANGE,0.06,,16353.64,Savings,Swansea,UK,0.06,debit
4181,2018-07-27,BGC,SWANSEA UNIVERSITY,,136.28,16353.7,Supplementary Income,Swansea,UK,136.28,credit
4182,2018-07-26,DEB,Amazon UK Marketpl,42.94,,16217.42,Amazon,Swansea,UK,42.94,debit
4183,2018-07-26,BP,SAVE THE CHANGE,0.75,,16260.36,Savings,Swansea,UK,0.75,debit
4184,2018-07-25,DEB,Amazon UK Marketpl,4.25,,16261.11,Amazon,Swansea,UK,4.25,debit
4185,2018-07-25,CPT,LNK UNI - UNIVERSI,60.0,,16265.36,Cash,Swansea,UK,60.0,debit
4186,2018-07-25,BP,SAVE THE CHANGE,0.52,,16325.36,Savings,Swansea,UK,0.52,debit
4187,2018-07-24,DEB,Amazon UK Marketpl,4.49,,16325.88,Amazon,Swansea,UK,4.49,debit
4188,2018-07-24,DEB,Audible.co.uk,7.99,,16330.37,Entertainment,Swansea,UK,7.99,debit
4189,2018-07-24,BP,SAVE THE CHANGE,0.5,,16338.36,Savings,Swansea,UK,0.5,debit
4190,2018-07-23,DEB,ROOT,3.5,,16338.86,Entertainment,Swansea,UK,3.5,debit
4191,2018-07-23,DD,VIRGIN MEDIA PYMTS,27.0,,16342.36,Bills,Nottingham,UK,27.0,debit
4192,2018-07-23,CPT,LOYD 802 OXFORD ST,50.0,,16369.36,Uncategorized,Unknown,Unknown,50.0,debit
4193,2018-07-20,CPT,LNK UNI - UNIVERSI,60.0,,16419.36,Cash,Swansea,UK,60.0,debit
4194,2018-07-17,BP,SAVE THE CHANGE,1.55,,16479.36,Savings,Swansea,UK,1.55,debit
4195,2018-07-16,DEB,ARRIVA TRAINS WALE,75.1,,16480.91,Travel,Unknown,Unknown,75.1,debit
4196,2018-07-16,DEB,BIRMINGHAM INT HOT,33.0,,16556.01,Hotels,Birmingham,UK,33.0,debit
4197,2018-07-16,DEB,Amazon UK Marketpl,5.35,,16589.01,Amazon,Swansea,UK,5.35,debit
4198,2018-07-16,DD,O2,17.95,,16594.36,Other Shopping,Swansea,UK,17.95,debit
4199,2018-07-16,CPT,LNK ARRIVA TRAINS,60.0,,16612.31,Cash,Unknown,Unknown,60.0,debit
4200,2018-07-13,CPT,LNK ARRIVA TRAINS,40.0,,16672.31,Cash,Unknown,Unknown,40.0,debit
4201,2018-07-13,BGC,SWANSEA UNIVERSITY,,939.33,16712.31,Supplementary Income,Swansea,UK,939.33,credit
4202,2018-11-07,BP,SAVE THE CHANGE,0.7,,15772.98,Savings,Swansea,UK,0.7,debit
4203,2018-10-07,DEB,ARRIVA TRAINS WALE,128.3,,15773.68,Travel,Unknown,Unknown,128.3,debit
4204,2018-10-07,DEB,THE ALBANY HOTEL,75.0,,15901.98,Hotels,Unknown,Unknown,75.0,debit
4205,2018-09-07,CPT,LNK UNI - UNIVERSI,40.0,,15976.98,Cash,Swansea,UK,40.0,debit
4206,2018-09-07,DD,LV LIFE,37.12,,16016.98,Insurance,Swansea,UK,37.12,debit
4207,2018-09-07,BP,SAVE THE CHANGE,0.91,,16054.1,Savings,Swansea,UK,0.91,debit
4208,2018-06-07,DEB,AMAZON EU AMAZON.C,7.09,,16055.01,Amazon,Swansea,UK,7.09,debit
4209,2018-06-07,BP,SAVE THE CHANGE,1.39,,16062.1,Savings,Swansea,UK,1.39,debit
4210,2018-05-07,DEB,WATSON & PRATTS,92.53,,16063.49,Groceries ,Lampeter,UK,92.53,debit
4211,2018-05-07,DEB,Amazon UK Retail,19.08,,16156.02,Amazon,Swansea,UK,19.08,debit
4212,2018-04-07,DEP,CLUB LLOYDS WAIVED,,3.0,16175.1,Supplementary Income,Swansea,UK,3.0,credit
4213,2018-04-07,PAY,CLUB LLOYDS FEE,3.0,,16172.1,Bills,Swansea,UK,3.0,debit
4214,2018-04-07,BP,SAVE THE CHANGE,0.52,,16175.1,Savings,Swansea,UK,0.52,debit
4215,2018-03-07,DEB,Amazon UK Marketpl,12.48,,16175.62,Amazon,Swansea,UK,12.48,debit
4216,2018-03-07,DD,ASSURANT INTER LTD,21.37,,16188.1,Insurance,Swansea,UK,21.37,debit
4217,2018-03-07,DD,ZURICH,19.36,,16209.47,Insurance,Swansea,UK,19.36,debit
4218,2018-03-07,BP,SAVE THE CHANGE,0.01,,16228.83,Savings,Swansea,UK,0.01,debit
4219,2018-02-07,Unknown,INTEREST (GROSS),,8.28,16228.84,Interest,Swansea,UK,8.28,credit
4220,2018-02-07,DEB,Amazon UK Marketpl,16.99,,16220.56,Amazon,Swansea,UK,16.99,debit
4221,2018-02-07,DD,PRINCIPALITY BS,957.26,,16237.55,Mortgage,Swansea,UK,957.26,debit
4222,2018-02-07,DD,CC SWANSEA C.TAX,184.0,,17194.81,Bills,Swansea,UK,184.0,debit
4223,2018-02-07,DD,GOOD ENERGY LTD,97.0,,17378.81,Bills,Swansea,UK,97.0,debit
4224,2018-02-07,DD,AVIVA LIFE,46.46,,17475.81,Insurance,Swansea,UK,46.46,debit
4225,2018-02-07,DD,DWR CYMRU W WATER,23.5,,17522.27,Bills,Swansea,UK,23.5,debit
4226,2018-02-07,SO,ESAVINGS ACCOUNT,300.0,,17545.77,Savings,Swansea,UK,300.0,debit
4227,2018-02-07,BP,SAVE THE CHANGE,1.32,,17845.77,Savings,Swansea,UK,1.32,debit
4228,2018-02-07,DEB,NON-STG PURCH FEE,0.5,,17847.09,Others,Swansea,UK,0.5,debit
4229,2018-02-07,DEB,NON-STG TRANS FEE,7.16,,17847.59,Others,Swansea,UK,7.16,debit
4230,2018-02-07,DEB,Hotel on Booking.c,239.51,,17854.75,Hotels,Unknown,Unknown,239.51,debit
4231,2018-06-29,DEB,RYANAIR   224000,251.38,,18094.26,Travel,Unknown,Unknown,251.38,debit
4232,2018-06-29,DD,UCU B ACCOUNT,23.11,,18345.64,Others,Swansea,UK,23.11,debit
4233,2018-06-29,DEB,NON-STG PURCH FEE,0.5,,18368.75,Others,Swansea,UK,0.5,debit
4234,2018-06-29,DEB,NON-STG TRANS FEE,5.34,,18369.25,Others,Swansea,UK,5.34,debit
4235,2018-06-29,DEB,Hotel on Booking.c,178.79,,18374.59,Hotels,Unknown,Unknown,178.79,debit
4236,2018-06-29,BGC,SWANSEA UNI - PAY,,3200.58,18553.38,Paycheck,Swansea,UK,3200.58,credit
4237,2018-06-26,BP,SAVE THE CHANGE,1.11,,15352.8,Savings,Swansea,UK,1.11,debit
4238,2018-06-25,DEB,MARKS&SPENCER PLC,2.5,,15353.91,Clothes,Unknown,Unknown,2.5,debit
4239,2018-06-25,DEB,Audible.co.uk,7.99,,15356.41,Entertainment,Swansea,UK,7.99,debit
4240,2018-06-25,DEB,ARRIVA TRAINS WALE,96.4,,15364.4,Travel,Unknown,Unknown,96.4,debit
4241,2018-06-25,CPT,LNK UNI - UNIVERSI,50.0,,15460.8,Cash,Swansea,UK,50.0,debit
4242,2018-06-25,CPT,LNK M&S SWANSEA,60.0,,15510.8,Cash,Swansea,UK,60.0,debit
4243,2018-06-22,BP,SAVE THE CHANGE,0.03,,15570.8,Savings,Swansea,UK,0.03,debit
4244,2018-06-22,BGC,SWANSEA UNIVERSITY,,604.21,15570.83,Supplementary Income,Swansea,UK,604.21,credit
4245,2018-06-21,CPT,LNK GREATER ANGLIA,50.0,,14966.62,Cash,Unknown,Unknown,50.0,debit
4246,2018-06-21,DEB,AMAZON EU AMAZON.C,24.98,,15016.62,Amazon,Swansea,UK,24.98,debit
4247,2018-06-21,DEB,AMAZON EU AMAZON.C,9.99,,15041.6,Amazon,Swansea,UK,9.99,debit
4248,2018-06-21,DD,VIRGIN MEDIA PYMTS,27.0,,15051.59,Bills,Nottingham,UK,27.0,debit
4249,2018-06-18,DD,O2,18.3,,15078.59,Other Shopping,Swansea,UK,18.3,debit
4250,2018-06-15,CPT,LNK UNI - UNIVERSI,50.0,,15096.89,Cash,Swansea,UK,50.0,debit
4251,2018-06-15,BP,SAVE THE CHANGE,0.32,,15146.89,Savings,Swansea,UK,0.32,debit
4252,2018-06-14,DEB,NON-STG PURCH FEE,0.5,,15147.21,Others,Swansea,UK,0.5,debit
4253,2018-06-14,DEB,NON-STG TRANS FEE,7.34,,15147.71,Others,Swansea,UK,7.34,debit
4254,2018-06-14,DEB,HOTEL PRAGUE CASTL,245.68,,15155.05,Hotels,Prague,Czech Republic,245.68,debit
4255,2018-12-06,BP,SAVE THE CHANGE,1.91,,15400.73,Savings,Swansea,UK,1.91,debit
4256,2018-11-06,DEB,NON-STG PURCH FEE,0.5,,15402.64,Others,Swansea,UK,0.5,debit
4257,2018-11-06,DEB,NON-STG TRANS FEE,10.83,,15403.14,Others,Swansea,UK,10.83,debit
4258,2018-11-06,DEB,RECEPCE,362.21,,15413.97,Others,Swansea,UK,362.21,debit
4259,2018-11-06,DEB,FOREIGN CASH FEE,1.5,,15776.18,Travel,Unknown,Unknown,1.5,debit
4260,2018-11-06,DEB,WILSONOVA 300/8,114.02,,15777.68,Travel,Vinohrady,Prague,114.02,debit
4261,2018-11-06,DEB,NON-STG PURCH FEE,0.5,,15891.7,Others,Swansea,UK,0.5,debit
4262,2018-11-06,DEB,NON-STG TRANS FEE,0.45,,15892.2,Others,Swansea,UK,0.45,debit
4263,2018-11-06,DEB,BIOPOINT,15.37,,15892.65,Other Shopping,Unknown,Unknown,15.37,debit
4264,2018-11-06,DEB,NON-STG PURCH FEE,0.5,,15908.02,Others,Swansea,UK,0.5,debit
4265,2018-11-06,DEB,NON-STG TRANS FEE,0.22,,15908.52,Others,Swansea,UK,0.22,debit
4266,2018-11-06,DEB,CD BRNO HL.N.,7.51,,15908.74,Travel,Brno,Czech Republic,7.51,debit
4267,2018-08-06,DD,LV LIFE,37.12,,15916.25,Insurance,Swansea,UK,37.12,debit
4268,2018-06-06,BP,SAVE THE CHANGE,0.95,,15953.37,Savings,Swansea,UK,0.95,debit
4269,2018-05-06,DEB,Acron Czech s.r.o.,95.05,,15954.32,Hotels,Prague,Czech Republic,95.05,debit
4270,2018-04-06,DEP,CLUB LLOYDS WAIVED,,3.0,16049.37,Insurance,Swansea,UK,3.0,credit
4271,2018-04-06,PAY,CLUB LLOYDS FEE,3.0,,16046.37,Bills,Swansea,UK,3.0,debit
4272,2018-04-06,DD,ASSURANT INTER LTD,21.37,,16049.37,Supplementary Income,Swansea,UK,21.37,debit
4273,2018-04-06,BP,SAVE THE CHANGE,0.01,,16070.74,Savings,Swansea,UK,0.01,debit
4274,2018-01-06,Unknown,INTEREST (GROSS),,8.42,16070.75,Interest,Swansea,UK,8.42,credit
4275,2018-01-06,DEB,AMAZON SVCS EU-UK,11.99,,16062.33,Amazon,Swansea,UK,11.99,debit
4276,2018-01-06,DD,PRINCIPALITY BS,957.26,,16074.32,Mortgage,Swansea,UK,957.26,debit
4277,2018-01-06,DD,CC SWANSEA C.TAX,184.0,,17031.58,Bills,Swansea,UK,184.0,debit
4278,2018-01-06,DD,GOOD ENERGY LTD,97.0,,17215.58,Bills,Swansea,UK,97.0,debit
4279,2018-01-06,DD,AVIVA LIFE,46.46,,17312.58,Insurance,Swansea,UK,46.46,debit
4280,2018-01-06,DD,DWR CYMRU W WATER,23.5,,17359.04,Bills,Swansea,UK,23.5,debit
4281,2018-01-06,DD,ZURICH,19.36,,17382.54,Insurance,Swansea,UK,19.36,debit
4282,2018-01-06,SO,ESAVINGS ACCOUNT,300.0,,17401.9,Savings,Swansea,UK,300.0,debit
4283,2018-05-31,DD,UCU B ACCOUNT,23.11,,17701.9,Others,Swansea,UK,23.11,debit
4284,2018-05-31,BP,SAVE THE CHANGE,0.12,,17725.01,Savings,Swansea,UK,0.12,debit
4285,2018-05-31,BGC,SWANSEA UNI - PAY,,3200.58,17725.13,Paycheck,Swansea,UK,3200.58,credit
4286,2018-05-30,DEB,RYANAIR   224000,208.88,,14524.55,Travel,Unknown,Unknown,208.88,debit
4287,2018-05-30,BP,SAVE THE CHANGE,1.7,,14733.43,Savings,Swansea,UK,1.7,debit
4288,2018-05-29,DEB,Amazon UK Marketpl,59.98,,14735.13,Amazon,Swansea,UK,59.98,debit
4289,2018-05-29,DEB,Amazon UK Marketpl,3.07,,14795.11,Amazon,Swansea,UK,3.07,debit
4290,2018-05-29,DEB,ROOT,4.25,,14798.18,Entertainment,Swansea,UK,4.25,debit
4291,2018-05-29,CPT,LNK 37 THE QUADANT,105.62,,14802.43,Cash,Oakham,UK,105.62,debit
4292,2018-05-29,CPT,LNK M&S SWANSEA,50.0,,14908.05,Cash,Swansea,UK,50.0,debit
4293,2018-05-25,CPT,LNK UNI - UNIVERSI,60.0,,14958.05,Cash,Swansea,UK,60.0,debit
4294,2018-05-25,BP,SAVE THE CHANGE,0.01,,15018.05,Savings,Swansea,UK,0.01,debit
4295,2018-05-24,DEB,Audible Ltd,7.99,,15018.06,Entertainment,Swansea,UK,7.99,debit
4296,2018-05-23,DEB,THE BIKE HUB,105.0,,15026.05,Other Shopping,Unknown,Unknown,105.0,debit
4297,2018-05-22,BP,SAVE THE CHANGE,0.52,,15131.05,Savings,Swansea,UK,0.52,debit
4298,2018-05-21,DEB,Brontosaurus Vegan,19.48,,15131.57,Dine Out,Swansea,UK,19.48,debit
4299,2018-05-21,CPT,LNK UNI - UNIVERSI,50.0,,15151.05,Cash,Swansea,UK,50.0,debit
4300,2018-05-21,DD,VIRGIN MEDIA PYMTS,27.0,,15201.05,Bills,Nottingham,UK,27.0,debit
4301,2018-05-18,CPT,LNK UNI - UNIVERSI,50.0,,15228.05,Cash,Swansea,UK,50.0,debit
4302,2018-05-16,DD,O2,26.54,,15278.05,Other Shopping,Swansea,UK,26.54,debit
4303,2018-05-16,BP,SAVE THE CHANGE,0.05,,15304.59,Savings,Swansea,UK,0.05,debit
4304,2018-05-15,DEB,Amazon UK Marketpl,33.95,,15304.64,Amazon,Swansea,UK,33.95,debit
4305,2018-05-14,FPI,BAMFORD C   ADGD,,33.45,15338.59,Supplementary Income,Swansea,UK,33.45,credit
4306,2018-05-14,CPT,LNK M&S SWANSEA,50.0,,15305.14,Cash,Swansea,UK,50.0,debit
4307,2018-11-05,CPT,LNK UNI - UNIVERSI,50.0,,15355.14,Cash,Swansea,UK,50.0,debit
4308,2018-11-05,DD,LV LIFE,37.12,,15405.14,Insurance,Swansea,UK,37.12,debit
4309,2018-11-05,BP,SAVE THE CHANGE,0.53,,15442.26,Savings,Swansea,UK,0.53,debit
4310,2018-10-05,TFR,P M GREY,2500.0,,15442.79,Services,Swansea,UK,2500.0,debit
4311,2018-10-05,DEB,AMAZON EU AMAZON.C,39.47,,17942.79,Amazon,Swansea,UK,39.47,debit
4312,2018-09-05,BP,SAVE THE CHANGE,0.03,,17982.26,Savings,Swansea,UK,0.03,debit
4313,2018-08-05,DEB,Amazon UK Marketpl,14.97,,17982.29,Amazon,Swansea,UK,14.97,debit
4314,2018-03-05,DD,ASSURANT INTER LTD,21.37,,17997.26,Insurance,Swansea,UK,21.37,debit
4315,2018-03-05,DD,PAYPAL PAYMENT,3.84,,18018.63,Others,Swansea,UK,3.84,debit
4316,2018-03-05,BP,SAVE THE CHANGE,0.51,,18022.47,Savings,Swansea,UK,0.51,debit
4317,2018-02-05,DEB,Amazon UK Retail,24.49,,18022.98,Amazon,Swansea,UK,24.49,debit
4318,2018-02-05,TFR,P M GREY,2000.0,,18047.47,Services,Swansea,UK,2000.0,debit
4319,2018-01-05,FEE,SILVER ACCOUNT,9.59,,20047.47,Bills,Swansea,UK,9.59,debit
4320,2018-01-05,Unknown,INTEREST (GROSS),,0.27,20057.06,Interest,Swansea,UK,0.27,credit
4321,2018-01-05,DD,PRINCIPALITY BS,957.26,,20056.79,Mortgage,Swansea,UK,957.26,debit
4322,2018-01-05,DD,CC SWANSEA C.TAX,184.0,,21014.05,Bills,Swansea,UK,184.0,debit
4323,2018-01-05,DD,GOOD ENERGY LTD,97.0,,21198.05,Bills,Swansea,UK,97.0,debit
4324,2018-01-05,DD,AVIVA LIFE,46.46,,21295.05,Insurance,Swansea,UK,46.46,debit
4325,2018-01-05,DD,DWR CYMRU W WATER,23.5,,21341.51,Bills,Swansea,UK,23.5,debit
4326,2018-01-05,DD,ZURICH,19.36,,21365.01,Insurance,Swansea,UK,19.36,debit
4327,2018-01-05,SO,ESAVINGS ACCOUNT,300.0,,21384.37,Savings,Swansea,UK,300.0,debit
4328,2018-01-05,BP,SAVE THE CHANGE,0.97,,21684.37,Savings,Swansea,UK,0.97,debit
4329,2018-04-30,DEB,Amazon UK Marketpl,21.03,,21685.34,Amazon,Swansea,UK,21.03,debit
4330,2018-04-30,DD,UCU B ACCOUNT,23.11,,21706.37,Others,Swansea,UK,23.11,debit
4331,2018-04-30,BP,SAVE THE CHANGE,0.11,,21729.48,Savings,Swansea,UK,0.11,debit
4332,2018-04-30,BGC,SWANSEA UNI - PAY,,3200.98,21729.59,Paycheck,Swansea,UK,3200.98,credit
4333,2018-04-30,CPT,LOYD 802 OXFORD ST,50.0,,18528.61,Uncategorized,Unknown,Unknown,50.0,debit
4334,2018-04-27,DEB,KLM UK  074532,260.89,,18578.61,Travel,Unknown,Unknown,260.89,debit
4335,2018-04-27,CPT,LNK UNI - UNIVERSI,60.0,,18839.5,Cash,Swansea,UK,60.0,debit
4336,2018-04-27,BP,SAVE THE CHANGE,0.12,,18899.5,Savings,Swansea,UK,0.12,debit
4337,2018-04-26,DEB,Amazon UK Marketpl,51.88,,18899.62,Amazon,Swansea,UK,51.88,debit
4338,2018-04-26,DEB,EXPEDIA 7347956738,3.0,,18951.5,Travel,Unknown,Unknown,3.0,debit
4339,2018-04-26,BP,SAVE THE CHANGE,0.98,,18954.5,Savings,Swansea,UK,0.98,debit
4340,2018-04-25,DEB,AMAZON SVCS EU-UK,9.02,,18955.48,Amazon,Swansea,UK,9.02,debit
4341,2018-04-25,CPT,LNK UNI - UNIVERSI,50.0,,18964.5,Cash,Swansea,UK,50.0,debit
4342,2018-04-25,BP,SAVE THE CHANGE,1.79,,19014.5,Savings,Swansea,UK,1.79,debit
4343,2018-04-24,DEB,Audible Ltd,7.99,,19016.29,Entertainment,Swansea,UK,7.99,debit
4344,2018-04-24,DEB,AMAZON EU AMAZON.C,5.39,,19024.28,Amazon,Swansea,UK,5.39,debit
4345,2018-04-24,DEB,NON-STG PURCH FEE,0.5,,19029.67,Others,Swansea,UK,0.5,debit
4346,2018-04-24,DEB,NON-STG TRANS FEE,1.05,,19030.17,Others,Swansea,UK,1.05,debit
4347,2018-04-24,DEB,KLM FSSC BUD SCHI,35.16,,19031.22,Travel,Budapest,Hungary,35.16,debit
4348,2018-04-24,DEB,NON-STG PURCH FEE,0.5,,19066.38,Others,Swansea,UK,0.5,debit
4349,2018-04-24,DEB,NON-STG TRANS FEE,0.28,,19066.88,Others,Swansea,UK,0.28,debit
4350,2018-04-24,DEB,NS DELFT,9.67,,19067.16,Travel,Amsterdam,Netherlands,9.67,debit
4351,2018-04-24,BP,SAVE THE CHANGE,0.72,,19076.83,Savings,Swansea,UK,0.72,debit
4352,2018-04-23,DEB,AMAZON SVCS EU-UK,8.79,,19077.55,Amazon,Swansea,UK,8.79,debit
4353,2018-04-23,DEB,GOOGLE *YouTube Vi,3.49,,19086.34,Uncategorized,Unknown,Unknown,3.49,debit
4354,2018-04-23,DD,VIRGIN MEDIA PYMTS,27.0,,19089.83,Bills,Nottingham,UK,27.0,debit
4355,2018-04-20,DEB,NON-STG CASH FEE,1.5,,19116.83,Others,Swansea,UK,1.5,debit
4356,2018-04-20,DEB,NON-STG TRANS FEE,3.91,,19118.33,Others,Swansea,UK,3.91,debit
4357,2018-04-20,DEB,ABN-AMRO,130.85,,19122.24,Travel,Unknown,Unknown,130.85,debit
4358,2018-04-20,DEB,NON-STG CASH FEE,1.5,,19253.09,Others,Swansea,UK,1.5,debit
4359,2018-04-20,DEB,NON-STG TRANS FEE,5.21,,19254.59,Others,Swansea,UK,5.21,debit
4360,2018-04-20,DEB,ABN-AMRO,174.47,,19259.8,Travel,Unknown,Unknown,174.47,debit
4361,2018-04-20,DEB,NON-STG CASH FEE,1.5,,19434.27,Others,Swansea,UK,1.5,debit
4362,2018-04-20,DEB,NON-STG TRANS FEE,5.21,,19435.77,Others,Swansea,UK,5.21,debit
4363,2018-04-20,DEB,ABN-AMRO,174.47,,19440.98,Travel,Unknown,Unknown,174.47,debit
4364,2018-04-20,DEB,NON-STG CASH FEE,1.5,,19615.45,Others,Swansea,UK,1.5,debit
4365,2018-04-20,DEB,NON-STG TRANS FEE,1.3,,19616.95,Others,Swansea,UK,1.3,debit
4366,2018-04-20,DEB,ABN-AMRO,43.62,,19618.25,Travel,Unknown,Unknown,43.62,debit
4367,2018-04-19,BP,SAVE THE CHANGE,0.31,,19661.87,Savings,Swansea,UK,0.31,debit
4368,2018-04-18,DEB,NON-STG PURCH FEE,0.5,,19662.18,Others,Swansea,UK,0.5,debit
4369,2018-04-18,DEB,NON-STG TRANS FEE,0.61,,19662.68,Others,Swansea,UK,0.61,debit
4370,2018-04-18,DEB,PLUS 488,20.69,,19663.29,Others,Swansea,UK,20.69,debit
4371,2018-04-17,BP,SAVE THE CHANGE,1.02,,19683.98,Savings,Swansea,UK,1.02,debit
4372,2018-04-16,DEB,NON-STG PURCH FEE,0.5,,19685.0,Others,Swansea,UK,0.5,debit
4373,2018-04-16,DEB,NON-STG TRANS FEE,0.28,,19685.5,Others,Swansea,UK,0.28,debit
4374,2018-04-16,DEB,NS SCHIPHOL,9.53,,19685.78,Travel,Amsterdam,Netherlands,9.53,debit
4375,2018-04-16,DEB,AMAZON EU AMAZON.C,22.45,,19695.31,Amazon,Swansea,UK,22.45,debit
4376,2018-04-16,DD,O2,23.18,,19717.76,Other Shopping,Swansea,UK,23.18,debit
4377,2018-04-16,CPT,LNK ARRIVA TRAINS,40.0,,19740.94,Cash,Unknown,Unknown,40.0,debit
4378,2018-04-16,FPO,DEZREZ LEGAL LTD,25.8,,19780.94,Mortgage,Nottingham,UK,25.8,debit
4379,2018-04-13,CPT,LNK UNI - UNIVERSI,100.0,,19806.74,Cash,Swansea,UK,100.0,debit
4380,2018-12-04,BP,SAVE THE CHANGE,1.1,,19906.74,Savings,Swansea,UK,1.1,debit
4381,2018-11-04,DEB,AMAZON SVCS EU-UK,1.74,,19907.84,Amazon,Swansea,UK,1.74,debit
4382,2018-11-04,DEB,AMAZON SVCS EU-UK,18.16,,19909.58,Amazon,Swansea,UK,18.16,debit
4383,2018-10-04,CPT,LNK UNI - UNIVERSI,50.0,,19927.74,Cash,Swansea,UK,50.0,debit
4384,2018-10-04,BP,SAVE THE CHANGE,2.34,,19977.74,Savings,Swansea,UK,2.34,debit
4385,2018-09-04,DEB,B & Q 1213,32.67,,19980.08,Home Improvement,Swansea,UK,32.67,debit
4386,2018-09-04,DEB,AMAZON SVCS EU-UK,31.58,,20012.75,Amazon,Swansea,UK,31.58,debit
4387,2018-09-04,DEB,AMAZON SVCS EU-UK,21.03,,20044.33,Amazon,Swansea,UK,21.03,debit
4388,2018-09-04,DEB,Amazon UK Marketpl,16.55,,20065.36,Amazon,Swansea,UK,16.55,debit
4389,2018-09-04,DEB,AMAZON EU AMAZON.C,13.85,,20081.91,Amazon,Swansea,UK,13.85,debit
4390,2018-09-04,DEB,T K MAXX,12.98,,20095.76,Other Shopping,Unknown,Unknown,12.98,debit
4391,2018-09-04,DD,LV LIFE,37.12,,20108.74,Insurance,Swansea,UK,37.12,debit
4392,2018-09-04,BP,SAVE THE CHANGE,0.1,,20145.86,Savings,Swansea,UK,0.1,debit
4393,2018-06-04,DEB,AMAZON SVCS EU-UK,15.9,,20145.96,Amazon,Swansea,UK,15.9,debit
4394,2018-05-04,DD,ZURICH,19.36,,20161.86,Insurance,Swansea,UK,19.36,debit
4395,2018-05-04,BP,SAVE THE CHANGE,0.01,,20181.22,Savings,Swansea,UK,0.01,debit
4396,2018-04-04,DEB,AMAZON SVCS EU-UK,78.99,,20181.23,Amazon,Swansea,UK,78.99,debit
4397,2018-04-04,BP,SAVE THE CHANGE,0.94,,20260.22,Savings,Swansea,UK,0.94,debit
4398,2018-03-04,FEE,ACCOUNT FEE,9.95,,20261.16,Bills,Swansea,UK,9.95,debit
4399,2018-03-04,DEB,AMAZON EU AMAZON.C,69.99,,20271.11,Amazon,Swansea,UK,69.99,debit
4400,2018-03-04,DEB,AMAZON SVCS EU-UK,5.48,,20341.1,Amazon,Swansea,UK,5.48,debit
4401,2018-03-04,DEB,AMAZON SVCS EU-UK,3.59,,20346.58,Amazon,Swansea,UK,3.59,debit
4402,2018-03-04,DD,PRINCIPALITY BS,957.26,,20350.17,Mortgage,Swansea,UK,957.26,debit
4403,2018-03-04,DD,CC SWANSEA C.TAX,179.97,,21307.43,Bills,Swansea,UK,179.97,debit
4404,2018-03-04,DD,GOOD ENERGY LTD,97.0,,21487.4,Bills,Swansea,UK,97.0,debit
4405,2018-03-04,DD,AVIVA LIFE,46.46,,21584.4,Insurance,Swansea,UK,46.46,debit
4406,2018-03-04,DD,ASSURANT INTER LTD,21.37,,21630.86,Insurance,Swansea,UK,21.37,debit
4407,2018-03-04,SO,ESAVINGS ACCOUNT,300.0,,21652.23,Savings,Swansea,UK,300.0,debit
4408,2018-03-04,BGC,SWANSEA UNIVERSITY,,175.7,21952.23,Supplementary Income,Swansea,UK,175.7,credit
4409,2018-03-04,FPI,PAYPAL CODE 3241,,0.01,21776.53,Supplementary Income,Swansea,UK,0.01,credit
4410,2018-03-04,CPT,LNK M&S SWANSEA,50.0,,21776.52,Cash,Swansea,UK,50.0,debit
4411,2018-03-29,DD,UCU B ACCOUNT,23.11,,21826.52,Others,Swansea,UK,23.11,debit
4412,2018-03-29,BGC,SWANSEA UNI - PAY,,3180.97,21849.63,Paycheck,Swansea,UK,3180.97,credit
4413,2018-03-27,CPT,LNK UNI - UNIVERSI,50.0,,18668.66,Cash,Swansea,UK,50.0,debit
4414,2018-03-27,BP,SAVE THE CHANGE,0.08,,18718.66,Savings,Swansea,UK,0.08,debit
4415,2018-03-26,DEB,AMAZON SVCS EU-UK,45.99,,18718.74,Amazon,Swansea,UK,45.99,debit
4416,2018-03-26,DEB,AMAZON SVCS EU-UK,6.99,,18764.73,Amazon,Swansea,UK,6.99,debit
4417,2018-03-26,DEB,AMAZON SVCS EU-UK,6.95,,18771.72,Amazon,Swansea,UK,6.95,debit
4418,2018-03-26,DEB,Audible Ltd,7.99,,18778.67,Entertainment,Swansea,UK,7.99,debit
4419,2018-03-26,BP,SAVE THE CHANGE,1.72,,18786.66,Savings,Swansea,UK,1.72,debit
4420,2018-03-26,CPT,LNK M&S SWANSEA,50.0,,18788.38,Cash,Swansea,UK,50.0,debit
4421,2018-03-23,DEB,AMAZON SVCS EU-UK,21.03,,18838.38,Amazon,Swansea,UK,21.03,debit
4422,2018-03-23,DEB,AMAZON SVCS EU-UK,8.25,,18859.41,Amazon,Swansea,UK,8.25,debit
4423,2018-03-23,CPT,LNK UNI - UNIVERSI,50.0,,18867.66,Cash,Swansea,UK,50.0,debit
4424,2018-03-21,DD,VIRGIN MEDIA PYMTS,27.0,,18917.66,Bills,Nottingham,UK,27.0,debit
4425,2018-03-20,BP,SAVE THE CHANGE,1.27,,18944.66,Savings,Swansea,UK,1.27,debit
4426,2018-03-19,DEB,AMAZON SVCS EU-UK,14.99,,18945.93,Amazon,Swansea,UK,14.99,debit
4427,2018-03-19,DEB,Amazon UK Marketpl,3.65,,18960.92,Amazon,Swansea,UK,3.65,debit
4428,2018-03-19,DEB,KLM UK  074532,224.09,,18964.57,Travel,Unknown,Unknown,224.09,debit
4429,2018-03-19,BP,SAVE THE CHANGE,1.78,,19188.66,Savings,Swansea,UK,1.78,debit
4430,2018-03-19,CPT,LOYD 802 OXFORD ST,50.0,,19190.44,Uncategorized,Unknown,Unknown,50.0,debit
4431,2018-03-19,CHQ,LOYD 802 OXFORD ST,,79.05,19240.44,Supplementary Income,Swansea,UK,79.05,credit
4432,2018-03-16,DEB,Amazon *Mktplce EU,10.12,,19161.39,Amazon,Swansea,UK,10.12,debit
4433,2018-03-16,DEB,EXPEDIA 7337347949,2.1,,19171.51,Travel,Unknown,Unknown,2.1,debit
4434,2018-03-16,CPT,LNK UNI - UNIVERSI,60.0,,19173.61,Cash,Swansea,UK,60.0,debit
4435,2018-03-16,DD,O2,17.26,,19233.61,Other Shopping,Swansea,UK,17.26,debit
4436,2018-03-15,BP,SAVE THE CHANGE,0.32,,19250.87,Savings,Swansea,UK,0.32,debit
4437,2018-03-14,DEB,AMAZON EU AMAZON.C,17.68,,19251.19,Amazon,Swansea,UK,17.68,debit
4438,2018-03-13,BP,SAVE THE CHANGE,0.65,,19268.87,Savings,Swansea,UK,0.65,debit
4439,2018-12-03,DEB,GOOGLE *YouTube Vi,3.49,,19269.52,Uncategorized,Unknown,Unknown,3.49,debit
4440,2018-12-03,DEB,Amazon UK Marketpl,42.95,,19273.01,Amazon,Swansea,UK,42.95,debit
4441,2018-12-03,DEB,AMAZON MKTPLACE PM,17.91,,19315.96,Amazon,Swansea,UK,17.91,debit
4442,2018-09-03,DEB,Amazon Prime,79.0,,19333.87,Amazon,Swansea,UK,79.0,debit
4443,2018-09-03,DD,LV LIFE,37.12,,19412.87,Insurance,Swansea,UK,37.12,debit
4444,2018-07-03,BP,SAVE THE CHANGE,0.97,,19449.99,Savings,Swansea,UK,0.97,debit
4445,2018-06-03,DEB,AMAZON SVCS EU-UK,21.03,,19450.96,Amazon,Swansea,UK,21.03,debit
4446,2018-06-03,DD,ASSURANT INTER LTD,21.37,,19471.99,Insurance,Swansea,UK,21.37,debit
4447,2018-06-03,BP,SAVE THE CHANGE,0.46,,19493.36,Savings,Swansea,UK,0.46,debit
4448,2018-05-03,DEB,Amazon UK Marketpl,94.54,,19493.82,Amazon,Swansea,UK,94.54,debit
4449,2018-05-03,DEB,Amazon UK Marketpl,32.0,,19588.36,Amazon,Swansea,UK,32.0,debit
4450,2018-05-03,BP,SAVE THE CHANGE,0.25,,19620.36,Savings,Swansea,UK,0.25,debit
4451,2018-02-03,DEB,BLS*WWWPLEDGEMUSIC,14.75,,19620.61,Entertainment,Swansea,UK,14.75,debit
4452,2018-02-03,BP,SAVE THE CHANGE,0.85,,19635.36,Savings,Swansea,UK,0.85,debit
4453,2018-01-03,FEE,ACCOUNT FEE,9.95,,19636.21,Bills,Swansea,UK,9.95,debit
4454,2018-01-03,DEB,AMAZON SVCS EU-UK,46.0,,19646.16,Amazon,Swansea,UK,46.0,debit
4455,2018-01-03,DEB,AMAZON SVCS EU-UK,16.76,,19692.16,Amazon,Swansea,UK,16.76,debit
4456,2018-01-03,DEB,AMAZON MKTPLACE PM,13.39,,19708.92,Amazon,Swansea,UK,13.39,debit
4457,2018-01-03,DD,PRINCIPALITY BS,957.26,,19722.31,Mortgage,Swansea,UK,957.26,debit
4458,2018-01-03,DD,CC SWANSEA C.TAX,580.0,,20679.57,Bills,Swansea,UK,580.0,debit
4459,2018-01-03,DD,GOOD ENERGY LTD,85.0,,21259.57,Bills,Swansea,UK,85.0,debit
4460,2018-01-03,DD,AVIVA LIFE,46.46,,21344.57,Insurance,Swansea,UK,46.46,debit
4461,2018-01-03,DD,DWR CYMRU W WATER,33.5,,21391.03,Bills,Swansea,UK,33.5,debit
4462,2018-01-03,DD,ZURICH,19.36,,21424.53,Insurance,Swansea,UK,19.36,debit
4463,2018-01-03,SO,ESAVINGS ACCOUNT,300.0,,21443.89,Savings,Swansea,UK,300.0,debit
4464,2018-02-28,DD,UCU B ACCOUNT,23.11,,21743.89,Others,Swansea,UK,23.11,debit
4465,2018-02-28,BP,SAVE THE CHANGE,0.55,,21767.0,Savings,Swansea,UK,0.55,debit
4466,2018-02-28,BGC,SWANSEA UNI - PAY,,3180.97,21767.55,Paycheck,Swansea,UK,3180.97,credit
4467,2018-02-28,BGC,MIDDLESEX UNIV,,357.99,18586.58,Supplementary Income,Swansea,UK,357.99,credit
4468,2018-02-27,DEB,Amazon UK Marketpl,12.45,,18228.59,Amazon,Swansea,UK,12.45,debit
4469,2018-02-27,BP,SAVE THE CHANGE,0.53,,18241.04,Savings,Swansea,UK,0.53,debit
4470,2018-02-26,DEB,AMAZON SVCS EU-UK,11.49,,18241.57,Amazon,Swansea,UK,11.49,debit
4471,2018-02-26,DEB,Amazon UK Marketpl,9.99,,18253.06,Amazon,Swansea,UK,9.99,debit
4472,2018-02-26,DEB,Audible Ltd,7.99,,18263.05,Entertainment,Swansea,UK,7.99,debit
4473,2018-02-26,DEB,AMAZON EU AMAZON.C,,18.6,18271.04,Supplementary Income,Swansea,UK,18.6,credit
4474,2018-02-23,CPT,LNK UNI - UNIVERSI,20.0,,18252.44,Cash,Swansea,UK,20.0,debit
4475,2018-02-23,BGC,SWANSEA UNIVERSITY,,724.39,18272.44,Supplementary Income,Swansea,UK,724.39,credit
4476,2018-02-22,CPT,LNK UNI - UNIVERSI,50.0,,17548.05,Cash,Swansea,UK,50.0,debit
4477,2018-02-22,BP,SAVE THE CHANGE,0.1,,17598.05,Savings,Swansea,UK,0.1,debit
4478,2018-02-21,DEB,AMAZON SVCS EU-UK,15.9,,17598.15,Amazon,Swansea,UK,15.9,debit
4479,2018-02-21,DD,VIRGIN MEDIA PYMTS,27.0,,17614.05,Bills,Nottingham,UK,27.0,debit
4480,2018-02-20,BP,SAVE THE CHANGE,1.94,,17641.05,Savings,Swansea,UK,1.94,debit
4481,2018-02-19,DEB,Amazon UK Retail,19.38,,17642.99,Amazon,Swansea,UK,19.38,debit
4482,2018-02-19,DEB,AMAZON EU AMAZON.C,18.6,,17662.37,Amazon,Swansea,UK,18.6,debit
4483,2018-02-19,DEB,Amazon UK Marketpl,2.08,,17680.97,Amazon,Swansea,UK,2.08,debit
4484,2018-02-19,CPT,LNK UNI - UNIVERSI,40.0,,17683.05,Cash,Swansea,UK,40.0,debit
4485,2018-02-16,CPT,LNK UNI - UNIVERSI,40.0,,17723.05,Cash,Swansea,UK,40.0,debit
4486,2018-02-16,DD,O2,17.26,,17763.05,Other Shopping,Swansea,UK,17.26,debit
4487,2018-02-15,BP,SAVE THE CHANGE,0.55,,17780.31,Savings,Swansea,UK,0.55,debit
4488,2018-02-14,DEB,Amazon UK Marketpl,17.45,,17780.86,Amazon,Swansea,UK,17.45,debit
4489,2018-02-14,DEB,Amazon UK Retail,6.0,,17798.31,Amazon,Swansea,UK,6.0,debit
4490,2018-02-14,CPT,LNK UNI - UNIVERSI,50.0,,17804.31,Cash,Swansea,UK,50.0,debit
4491,2018-02-14,BP,SAVE THE CHANGE,0.37,,17854.31,Savings,Swansea,UK,0.37,debit
4492,2018-02-13,DEB,Amazon UK Marketpl,108.98,,17854.68,Amazon,Swansea,UK,108.98,debit
4493,2018-02-13,DEB,AMAZON SVCS EU-UK,3.65,,17963.66,Amazon,Swansea,UK,3.65,debit
4494,2018-12-02,BP,SAVE THE CHANGE,0.21,,17967.31,Savings,Swansea,UK,0.21,debit
4495,2018-09-02,DEB,AMAZON SVCS EU-UK,21.79,,17967.52,Amazon,Swansea,UK,21.79,debit
4496,2018-09-02,CPT,LNK UNI - UNIVERSI,40.0,,17989.31,Cash,Swansea,UK,40.0,debit
4497,2018-09-02,DD,LV LIFE,37.12,,18029.31,Insurance,Swansea,UK,37.12,debit
4498,2018-07-02,CPT,LNK UNI - UNIVERSI,40.0,,18066.43,Cash,Swansea,UK,40.0,debit
4499,2018-07-02,CHQ,LOYD 802 OXFORD ST,,2.72,18106.43,Supplementary Income,Swansea,UK,2.72,credit
4500,2018-07-02,BP,SAVE THE CHANGE,0.63,,18103.71,Savings,Swansea,UK,0.63,debit
4501,2018-06-02,DEB,AMAZON SVCS EU-UK,16.89,,18104.34,Amazon,Swansea,UK,16.89,debit
4502,2018-06-02,DEB,AMAZON SVCS EU-UK,14.48,,18121.23,Amazon,Swansea,UK,14.48,debit
4503,2018-06-02,DD,ASSURANT INTER LTD,21.37,,18135.71,Insurance,Swansea,UK,21.37,debit
4504,2018-06-02,BP,SAVE THE CHANGE,0.01,,18157.08,Savings,Swansea,UK,0.01,debit
4505,2018-05-02,DEB,AMAZON SVCS EU-UK,39.99,,18157.09,Amazon,Swansea,UK,39.99,debit
4506,2018-05-02,DEB,BIRMINGHAM INT HOT,37.0,,18197.08,Hotels,Birmingham,UK,37.0,debit
4507,2018-05-02,CPT,LNK UNI - UNIVERSI,50.0,,18234.08,Cash,Swansea,UK,50.0,debit
4508,2018-05-02,BP,SAVE THE CHANGE,0.6,,18284.08,Savings,Swansea,UK,0.6,debit
4509,2018-02-02,DEB,AMAZON SVCS EU-UK,17.4,,18284.68,Amazon,Swansea,UK,17.4,debit
4510,2018-02-02,BP,SAVE THE CHANGE,0.8,,18302.08,Savings,Swansea,UK,0.8,debit
4511,2018-01-02,FEE,ACCOUNT FEE,9.95,,18302.88,Bills,Swansea,UK,9.95,debit
4512,2018-01-02,DEB,DELIVEROOCOUK,23.2,,18312.83,Dine Out,Unknown,Unknown,23.2,debit
4513,2018-01-02,DD,PRINCIPALITY BS,957.26,,18336.03,Mortgage,Swansea,UK,957.26,debit
4514,2018-01-02,DD,CC SWANSEA C.TAX,580.73,,19293.29,Bills,Swansea,UK,580.73,debit
4515,2018-01-02,DD,GOOD ENERGY LTD,85.0,,19874.02,Bills,Swansea,UK,85.0,debit
4516,2018-01-02,DD,AVIVA LIFE,46.46,,19959.02,Insurance,Swansea,UK,46.46,debit
4517,2018-01-02,DD,DWR CYMRU W WATER,33.5,,20005.48,Bills,Swansea,UK,33.5,debit
4518,2018-01-02,DD,ZURICH,19.36,,20038.98,Insurance,Swansea,UK,19.36,debit
4519,2018-01-02,SO,ESAVINGS ACCOUNT,300.0,,20058.34,Savings,Swansea,UK,300.0,debit
4520,2018-01-02,BP,SAVE THE CHANGE,0.01,,20358.34,Savings,Swansea,UK,0.01,debit
4521,2018-01-31,DEB,AMAZON SVCS EU-UK,19.99,,20358.35,Amazon,Swansea,UK,19.99,debit
4522,2018-01-31,DD,UCU B ACCOUNT,23.11,,20378.34,Others,Swansea,UK,23.11,debit
4523,2018-01-31,BP,SAVE THE CHANGE,1.1,,20401.45,Savings,Swansea,UK,1.1,debit
4524,2018-01-31,BGC,SWANSEA UNI - PAY,,3180.98,20402.55,Paycheck,Swansea,UK,3180.98,credit
4525,2018-01-30,DEB,GWR WEBSALES,65.4,,17221.57,Travel,Unknown,Unknown,65.4,debit
4526,2018-01-30,DEB,GWR WEBSALES,32.0,,17286.97,Travel,Unknown,Unknown,32.0,debit
4527,2018-01-30,DEB,GWR WEBSALES,12.5,,17318.97,Travel,Unknown,Unknown,12.5,debit
4528,2018-01-30,CPT,LNK UNI - UNIVERSI,100.0,,17331.47,Cash,Swansea,UK,100.0,debit
4529,2018-01-29,DEB,AMZ*Amazon.co.uk,,0.94,17431.47,Supplementary Income,Swansea,UK,0.94,credit
4530,2018-01-29,BP,SAVE THE CHANGE,1.05,,17430.53,Savings,Swansea,UK,1.05,debit
4531,2018-01-26,DEB,Amazon UK Retail,13.6,,17431.58,Amazon,Swansea,UK,13.6,debit
4532,2018-01-26,DEB,Amazon UK Marketpl,5.49,,17445.18,Amazon,Swansea,UK,5.49,debit
4533,2018-01-26,DEB,Amazon UK Marketpl,2.86,,17450.67,Amazon,Swansea,UK,2.86,debit
4534,2018-01-24,BP,SAVE THE CHANGE,1.28,,17453.53,Savings,Swansea,UK,1.28,debit
4535,2018-01-23,DEB,JS ONLINE GROCERY,196.22,,17454.81,Groceries,Swansea,UK,196.22,debit
4536,2018-01-23,DEB,IKEA ONLINE,124.0,,17651.03,Other Shopping,Unknown,Unknown,124.0,debit
4537,2018-01-23,DEB,ETSY.COM - AURAGRA,20.5,,17775.03,Other Shopping,Unknown,Unknown,20.5,debit
4538,2018-01-23,DEB,JS ONLINE GROCERY,,1.3,17795.53,Supplementary Income,Swansea,UK,1.3,credit
4539,2018-01-23,BP,SAVE THE CHANGE,0.86,,17794.23,Savings,Swansea,UK,0.86,debit
4540,2018-01-22,DEB,Amazon *Mktplce EU,9.14,,17795.09,Amazon,Swansea,UK,9.14,debit
4541,2018-01-22,CPT,LNK UNI - UNIVERSI,50.0,,17804.23,Cash,Swansea,UK,50.0,debit
4542,2018-01-22,DD,VIRGIN MEDIA PYMTS,27.0,,17854.23,Bills,Nottingham,UK,27.0,debit
4543,2018-01-19,CPT,LNK UNI - UNIVERSI,50.0,,17881.23,Cash,Swansea,UK,50.0,debit
4544,2018-01-17,DEB,BIRMINGHAM INT HOT,,28.0,17931.23,Supplementary Income,Swansea,UK,28.0,credit
4545,2018-01-17,CPT,LNK UNI - UNIVERSI,40.0,,17903.23,Cash,Swansea,UK,40.0,debit
4546,2018-01-17,BP,SAVE THE CHANGE,2.9,,17943.23,Savings,Swansea,UK,2.9,debit
4547,2018-01-16,DEB,GWR WEBSALES,148.2,,17946.13,Travel,Unknown,Unknown,148.2,debit
4548,2018-01-16,DEB,QUEENS HOTEL,87.3,,18094.33,Hotels,Leeds,UK,87.3,debit
4549,2018-01-16,DEB,ARRIVA TRAINS WALE,62.4,,18181.63,Travel,Birmingham,UK,62.4,debit
4550,2018-01-16,DEB,WEST COAST TRAINS,62.2,,18244.03,Travel,Unknown,Unknown,62.2,debit
4551,2018-01-16,DEB,BIRMINGHAM INT HOT,28.0,,18306.23,Hotels,Birmingham,UK,28.0,debit
4552,2018-01-16,DD,O2,17.26,,18334.23,Other Shopping,Swansea,UK,17.26,debit
4553,2018-01-16,BP,SAVE THE CHANGE,0.97,,18351.49,Savings,Swansea,UK,0.97,debit
4554,2018-01-15,DEB,AMAZON EU AMAZON.C,6.0,,18352.46,Amazon,Swansea,UK,6.0,debit
4555,2018-01-15,DEB,AMAZON EU AMAZON.C,6.0,,18358.46,Amazon,Swansea,UK,6.0,debit
4556,2018-01-15,DEB,Amazon UK Marketpl,5.82,,18364.46,Amazon,Swansea,UK,5.82,debit
4557,2018-01-15,DEB,AMAZON EU AMAZON.C,5.21,,18370.28,Amazon,Swansea,UK,5.21,debit
4558,2018-01-15,BP,SAVE THE CHANGE,0.2,,18375.49,Savings,Swansea,UK,0.2,debit
4559,2018-12-01,DEB,ARRIVA TRAINS WALE,23.8,,18375.69,Travel,Birmingham,UK,23.8,debit
4560,2018-12-01,CPT,LNK UNI - UNIVERSI,50.0,,18399.49,Cash,Swansea,UK,50.0,debit
4561,2018-12-01,BP,SAVE THE CHANGE,0.8,,18449.49,Savings,Swansea,UK,0.8,debit
4562,2018-11-01,DEB,DELIVEROOCOUK,22.2,,18450.29,Dine Out,Swansea,UK,22.2,debit
4563,2018-11-01,CPT,LNK ARRIVA TRAINS,40.0,,18472.49,Cash,Birmingham,UK,40.0,debit
4564,2018-11-01,BP,SAVE THE CHANGE,1.62,,18512.49,Savings,Swansea,UK,1.62,debit
4565,2018-10-01,DEB,Amazon UK Marketpl,14.99,,18514.11,Amazon,Swansea,UK,14.99,debit
4566,2018-10-01,DEB,Amazon UK Marketpl,3.09,,18529.1,Amazon,Swansea,UK,3.09,debit
4567,2018-10-01,DEB,Amazon UK Marketpl,1.3,,18532.19,Amazon,Swansea,UK,1.3,debit
4568,2018-10-01,DEB,BRITANNIA,28.0,,18533.49,Entertainment,Swansea,UK,28.0,debit
4569,2018-09-01,CPT,LNK UNI - UNIVERSI,40.0,,18561.49,Cash,Swansea,UK,40.0,debit
4570,2018-09-01,BP,SAVE THE CHANGE,0.03,,18601.49,Savings,Swansea,UK,0.03,debit
4571,2018-08-01,DEB,Amazon UK Marketpl,10.98,,18601.52,Amazon,Swansea,UK,10.98,debit
4572,2018-08-01,DEB,Amazon UK Marketpl,5.99,,18612.5,Amazon,Swansea,UK,5.99,debit
4573,2018-08-01,DD,LV LIFE,37.12,,18618.49,Insurance,Swansea,UK,37.12,debit
4574,2018-08-01,BP,SAVE THE CHANGE,1.06,,18655.61,Savings,Swansea,UK,1.06,debit
4575,2018-05-01,DEB,Amazon UK Marketpl,29.96,,18656.67,Amazon,Swansea,UK,29.96,debit
4576,2018-05-01,DEB,Amazon UK Marketpl,6.94,,18686.63,Amazon,Swansea,UK,6.94,debit
4577,2018-05-01,DEB,Amazon UK Marketpl,6.04,,18693.57,Amazon,Swansea,UK,6.04,debit
4578,2018-05-01,CPT,LNK UNI - UNIVERSI,50.0,,18699.61,Cash,Swansea,UK,50.0,debit
4579,2018-04-01,DD,ZURICH,19.36,,18749.61,Insurance,Swansea,UK,19.36,debit
4580,2018-03-01,DD,ASSURANT INTER LTD,21.37,,18768.97,Insurance,Swansea,UK,21.37,debit
4581,2018-03-01,BP,SAVE THE CHANGE,1.19,,18790.34,Savings,Swansea,UK,1.19,debit
4582,2018-02-01,FEE,ACCOUNT FEE,9.95,,18791.53,Bills,Swansea,UK,9.95,debit
4583,2018-02-01,DEB,Amazon UK Marketpl,5.55,,18801.48,Amazon,Swansea,UK,5.55,debit
4584,2018-02-01,DEB,Amazon UK Marketpl,6.99,,18807.03,Amazon,Swansea,UK,6.99,debit
4585,2018-02-01,DEB,NON-STG PURCH FEE,0.5,,18814.02,Others,Swansea,UK,0.5,debit
4586,2018-02-01,DEB,NON-STG TRANS FEE,2.16,,18814.52,Others,Swansea,UK,2.16,debit
4587,2018-02-01,DEB,ATHLEAN-X,72.27,,18816.68,Entertainment,Swansea,UK,72.27,debit
4588,2018-02-01,DD,PRINCIPALITY BS,957.26,,18888.95,Mortgage,Swansea,UK,957.26,debit
4589,2018-02-01,DD,GOOD ENERGY LTD,85.0,,19846.21,Bills,Swansea,UK,85.0,debit
4590,2018-02-01,DD,AVIVA LIFE,46.46,,19931.21,Insurance,Swansea,UK,46.46,debit
4591,2018-02-01,DD,DWR CYMRU W WATER,33.5,,19977.67,Bills,Swansea,UK,33.5,debit
4592,2018-02-01,SO,ESAVINGS ACCOUNT,300.0,,20011.17,Savings,Swansea,UK,300.0,debit
4593,2018-02-01,BP,SAVE THE CHANGE,0.98,,20311.17,Savings,Swansea,UK,0.98,debit
4594,2018-02-01,DEB,NON-STG PURCH FEE,0.5,,20312.15,Others,Swansea,UK,0.5,debit
4595,2018-02-01,DEB,NON-STG TRANS FEE,0.95,,20312.65,Others,Swansea,UK,0.95,debit
4596,2018-02-01,DEB,REST JARDIM DAS CE,32.02,,20313.6,Dine Out,Lisbon,Portugal,32.02,debit
4597,2017-12-29,DD,UCU B ACCOUNT,23.11,,20345.62,Others,Swansea,UK,23.11,debit
4598,2017-12-29,BP,SAVE THE CHANGE,0.06,,20368.73,Savings,Swansea,UK,0.06,debit
4599,2017-12-28,DEB,FOREIGN CASH FEE,1.5,,20368.79,Travel,Setubal,Portugal,1.5,debit
4600,2017-12-28,DEB,Alegro Setubal-P1,96.75,,20370.29,Other Shopping,Setubal,Portugal,96.75,debit
4601,2017-12-28,DEB,AMAZON MKTPLACE PM,17.94,,20467.04,Amazon,Swansea,UK,17.94,debit
4602,2017-12-27,BP,SAVE THE CHANGE,0.47,,20484.98,Savings,Swansea,UK,0.47,debit
4603,2017-12-22,DEB,NON-STG PURCH FEE,0.5,,20485.45,Others,Swansea,UK,0.5,debit
4604,2017-12-22,DEB,NON-STG TRANS FEE,1.54,,20485.95,Others,Swansea,UK,1.54,debit
4605,2017-12-22,DEB,JUMBO SETUBAL,51.53,,20487.49,Other Shopping,Setubal,Portugal,51.53,debit
4606,2017-12-22,BP,SAVE THE CHANGE,0.62,,20539.02,Savings,Swansea,UK,0.62,debit
4607,2017-12-21,DEB,AMAZON MKTPLACE PM,17.94,,20539.64,Amazon,Swansea,UK,17.94,debit
4608,2017-12-21,DEB,GODADDY COM EUROPE,31.44,,20557.58,Others,Swansea,UK,31.44,debit
4609,2017-12-21,DD,VIRGIN MEDIA PYMTS,27.0,,20589.02,Bills,Nottingham,UK,27.0,debit
4610,2017-12-21,BP,SAVE THE CHANGE,0.26,,20616.02,Savings,Swansea,UK,0.26,debit
4611,2017-12-20,DEB,ARRIVA TRAINS WALE,73.8,,20616.28,Travel,Setubal,Portugal,73.8,debit
4612,2017-12-20,DEB,AMAZON MKTPLACE PM,17.94,,20690.08,Amazon,Swansea,UK,17.94,debit
4613,2017-12-20,BP,SAVE THE CHANGE,0.62,,20708.02,Savings,Swansea,UK,0.62,debit
4614,2017-12-20,BGC,SWANSEA UNI - PAY,,3180.97,20708.64,Paycheck,Swansea,UK,3180.97,credit
4615,2017-12-19,DEB,Amazon UK Marketpl,4.38,,17527.67,Amazon,Swansea,UK,4.38,debit
4616,2017-12-19,BP,SAVE THE CHANGE,0.72,,17532.05,Savings,Swansea,UK,0.72,debit
4617,2017-12-18,DEB,GWR WEBSALES,269.3,,17532.77,Travel,Setubal,Portugal,269.3,debit
4618,2017-12-18,DEB,AMAZON EU AMAZON.C,23.99,,17802.07,Amazon,Swansea,UK,23.99,debit
4619,2017-12-18,DEB,Amazon UK Marketpl,16.99,,17826.06,Amazon,Swansea,UK,16.99,debit
4620,2017-12-18,CPT,LNK CAMBRIDGE STAT,50.0,,17843.05,Cash,Cambridge,UK,50.0,debit
4621,2017-12-18,DD,O2,30.69,,17893.05,Other Shopping,Swansea,UK,30.69,debit
4622,2017-12-18,BP,SAVE THE CHANGE,1.26,,17923.74,Savings,Swansea,UK,1.26,debit
4623,2017-12-15,DEB,Amazon UK Retail,8.0,,17925.0,Amazon,Swansea,UK,8.0,debit
4624,2017-12-15,DEB,Amazon UK Marketpl,6.48,,17933.0,Amazon,Swansea,UK,6.48,debit
4625,2017-12-15,DEB,Amazon UK Marketpl,4.98,,17939.48,Amazon,Swansea,UK,4.98,debit
4626,2017-12-15,DEB,Amazon UK Marketpl,4.28,,17944.46,Amazon,Swansea,UK,4.28,debit
4627,2017-12-15,CPT,LNK 37 THE QUADANT,96.15,,17948.74,Cash,Swansea,UK,96.15,debit
4628,2017-12-15,BP,SAVE THE CHANGE,0.8,,18044.89,Savings,Swansea,UK,0.8,debit
4629,2017-12-14,DEB,DELIVEROOCOUK,20.2,,18045.69,Dine Out,Unknown,Unknown,20.2,debit
4630,2017-12-14,CPT,LNK UNI - UNIVERSI,50.0,,18065.89,Cash,Swansea,UK,50.0,debit
4631,2017-12-14,BP,SAVE THE CHANGE,0.36,,18115.89,Savings,Swansea,UK,0.36,debit
4632,2017-12-13,DEB,Amazon UK Retail,20.64,,18116.25,Amazon,Swansea,UK,20.64,debit
4633,2017-12-12,CPT,LNK UNI - UNIVERSI,100.0,,18136.89,Cash,Swansea,UK,100.0,debit
4634,2017-11-12,BP,SAVE THE CHANGE,0.11,,18236.89,Savings,Swansea,UK,0.11,debit
4635,2017-11-12,CPT,LNK UNI - UNIVERSI,50.0,,18237.0,Cash,Swansea,UK,50.0,debit
4636,2017-08-12,DEB,Amazon UK Marketpl,12.94,,18287.0,Amazon,Swansea,UK,12.94,debit
4637,2017-08-12,DEB,Amazon UK Marketpl,9.95,,18299.94,Amazon,Swansea,UK,9.95,debit
4638,2017-08-12,CPT,LNK UNI - UNIVERSI,50.0,,18309.89,Cash,Swansea,UK,50.0,debit
4639,2017-08-12,DD,LV LIFE,37.12,,18359.89,Insurance,Swansea,UK,37.12,debit
4640,2017-08-12,BP,SAVE THE CHANGE,1.19,,18397.01,Insurance,Swansea,UK,1.19,debit
4641,2017-08-12,BGC,SWANSEA UNIVERSITY,,192.05,18398.2,Supplementary Income,Swansea,UK,192.05,credit
4642,2017-07-12,DEB,Amazon UK Retail,18.6,,18206.15,Amazon,Swansea,UK,18.6,debit
4643,2017-07-12,DEB,Amazon UK Marketpl,18.21,,18224.75,Amazon,Swansea,UK,18.21,debit
4644,2017-05-12,CPT,LNK UNI - UNIVERSI,50.0,,18242.96,Cash,Swansea,UK,50.0,debit
4645,2017-05-12,DD,ASSURANT INTER LTD,21.37,,18292.96,Insurance,Swansea,UK,21.37,debit
4646,2017-05-12,BP,SAVE THE CHANGE,0.94,,18314.33,Savings,Swansea,UK,0.94,debit
4647,2017-04-12,DEB,Amazon UK Marketpl,11.39,,18315.27,Amazon,Swansea,UK,11.39,debit
4648,2017-04-12,DEB,Amazon UK Marketpl,9.67,,18326.66,Amazon,Swansea,UK,9.67,debit
4649,2017-04-12,CPT,LNK UNI - UNIVERSI,50.0,,18336.33,Cash,Swansea,UK,50.0,debit
4650,2017-04-12,BP,SAVE THE CHANGE,0.21,,18386.33,Savings,Swansea,UK,0.21,debit
4651,2017-01-12,FEE,ACCOUNT FEE,9.95,,18386.54,Bills,Swansea,UK,9.95,debit
4652,2017-01-12,DEB,FUNKY FUTON CO LTD,483.0,,18396.49,Home Improvement,Swansea,UK,483.0,debit
4653,2017-01-12,DEB,Amazon UK Retail,11.79,,18879.49,Amazon,Swansea,UK,11.79,debit
4654,2017-01-12,DD,PRINCIPALITY BS,957.26,,18891.28,Mortgage,Swansea,UK,957.26,debit
4655,2017-01-12,DD,GOOD ENERGY LTD,85.0,,19848.54,Bills,Swansea,UK,85.0,debit
4656,2017-01-12,DD,AVIVA LIFE,46.46,,19933.54,Insurance,Swansea,UK,46.46,debit
4657,2017-01-12,DD,DWR CYMRU W WATER,33.5,,19980.0,Bills,Swansea,UK,33.5,debit
4658,2017-01-12,DD,ZURICH,19.36,,20013.5,Insurance,Swansea,UK,19.36,debit
4659,2017-01-12,SO,ESAVINGS ACCOUNT,300.0,,20032.86,Savings,Swansea,UK,300.0,debit
4660,2017-11-30,DD,UCU B ACCOUNT,23.11,,20332.86,Others,Swansea,UK,23.11,debit
4661,2017-11-30,BGC,SWANSEA UNI - PAY,,3180.97,20355.97,Paycheck,Swansea,UK,3180.97,credit
4662,2017-11-30,BGC,C C SWANSEA,,638.73,17175.0,Supplementary Income,Swansea,UK,638.73,credit
4663,2017-11-29,BP,SAVE THE CHANGE,0.55,,16536.27,Savings,Swansea,UK,0.55,debit
4664,2017-11-28,DEB,Amazon UK Marketpl,1.45,,16536.82,Amazon,Swansea,UK,1.45,debit
4665,2017-11-28,BP,SAVE THE CHANGE,0.75,,16538.27,Savings,Swansea,UK,0.75,debit
4666,2017-11-27,DEB,AMAZON UK RETAIL A,14.25,,16539.02,Amazon,Swansea,UK,14.25,debit
4667,2017-11-22,BGC,MIDDLESEX UNIV.,,217.99,16553.27,Supplementary Income,Swansea,UK,217.99,credit
4668,2017-11-21,CPT,LNK UNI - UNIVERSI,50.0,,16335.28,Cash,Swansea,UK,50.0,debit
4669,2017-11-21,DD,VIRGIN MEDIA PYMTS,27.0,,16385.28,Bills,Nottingham,UK,27.0,debit
4670,2017-11-21,BP,SAVE THE CHANGE,2.05,,16412.28,Savings,Swansea,UK,2.05,debit
4671,2017-11-20,DEB,MOUNTAIN WAREHOUSE,34.99,,16414.33,Other Shopping,Leicester,UK,34.99,debit
4672,2017-11-20,DEB,WAGAMAMA CARDIFF L,28.45,,16449.32,Dine Out,Cardiff,UK,28.45,debit
4673,2017-11-20,DEB,AMAZON SVCS EU-UK,18.82,,16477.77,Amazon,Swansea,UK,18.82,debit
4674,2017-11-20,DEB,Amazon UK Retail,16.76,,16496.59,Amazon,Swansea,UK,16.76,debit
4675,2017-11-20,DEB,T K MAXX,12.97,,16513.35,Other Shopping,Unknown,Unknown,12.97,debit
4676,2017-11-20,DEB,ODEON/BOOKIT,24.0,,16526.32,Entertainment,Unknown,Unknown,24.0,debit
4677,2017-11-20,DEB,Amazon UK Marketpl,18.71,,16550.32,Amazon,Swansea,UK,18.71,debit
4678,2017-11-20,DEB,AMAZON EU AMAZON.C,13.92,,16569.03,Amazon,Swansea,UK,13.92,debit
4679,2017-11-20,DEB,Amazon UK Marketpl,5.35,,16582.95,Amazon,Swansea,UK,5.35,debit
4680,2017-11-20,DEB,Amazon UK Marketpl,4.98,,16588.3,Amazon,Swansea,UK,4.98,debit
4681,2017-11-20,BP,SAVE THE CHANGE,0.33,,16593.28,Savings,Swansea,UK,0.33,debit
4682,2017-11-17,DEB,Amazon UK Marketpl,19.97,,16593.61,Amazon,Swansea,UK,19.97,debit
4683,2017-11-17,DEB,DELIVEROOCOUK,22.7,,16613.58,Dine Out,Unknown,Unknown,22.7,debit
4684,2017-11-17,CPT,LNK UNI - UNIVERSI,50.0,,16636.28,Cash,Swansea,UK,50.0,debit
4685,2017-11-16,DD,O2,27.45,,16686.28,Other Shopping,Swansea,UK,27.45,debit
4686,2017-11-15,BP,SAVE THE CHANGE,0.01,,16713.73,Savings,Swansea,UK,0.01,debit
4687,2017-11-14,DEB,Amazon UK Marketpl,7.99,,16713.74,Amazon,Swansea,UK,7.99,debit
4688,2017-11-14,BP,SAVE THE CHANGE,0.99,,16721.73,Savings,Swansea,UK,0.99,debit
4689,2017-11-13,DEB,w1185123616,94.01,,16722.72,Others,Swansea,UK,94.01,debit
4690,2017-11-13,BP,SAVE THE CHANGE,0.3,,16816.73,Savings,Swansea,UK,0.3,debit
4691,2017-10-11,DEB,DELIVEROOCOUK,21.7,,16817.03,Dine Out,Unknown,Unknown,21.7,debit
4692,2017-10-11,BP,SAVE THE CHANGE,0.38,,16838.73,Savings,Swansea,UK,0.38,debit
4693,2017-09-11,DEB,AMAZON SVCS EU-UK,14.62,,16839.11,Amazon,Swansea,UK,14.62,debit
4694,2017-09-11,BP,SAVE THE CHANGE,0.96,,16853.73,Savings,Swansea,UK,0.96,debit
4695,2017-08-11,DEB,AMAZON SVCS EU-UK,29.05,,16854.69,Amazon,Swansea,UK,29.05,debit
4696,2017-08-11,DEB,AMAZON SVCS EU-UK,16.99,,16883.74,Amazon,Swansea,UK,16.99,debit
4697,2017-08-11,CPT,LNK UNI - UNIVERSI,50.0,,16900.73,Cash,Swansea,UK,50.0,debit
4698,2017-08-11,DD,LV LIFE,37.12,,16950.73,Insurance,Swansea,UK,37.12,debit
4699,2017-08-11,BP,SAVE THE CHANGE,0.31,,16987.85,Savings,Swansea,UK,0.31,debit
4700,2017-07-11,DEB,AMAZON SVCS EU-UK,13.69,,16988.16,Amazon,Swansea,UK,13.69,debit
4701,2017-07-11,BP,SAVE THE CHANGE,0.28,,17001.85,Savings,Swansea,UK,0.28,debit
4702,2017-06-11,DEB,AMAZON SVCS EU-UK,21.98,,17002.13,Amazon,Swansea,UK,21.98,debit
4703,2017-06-11,DEB,GWR LON PADD TO,26.9,,17024.11,Travel,London,UK,26.9,debit
4704,2017-06-11,DEB,LUL TICKET MACHINE,4.9,,17051.01,Travel,London,UK,4.9,debit
4705,2017-06-11,DEB,AMAZON SVCS EU-UK,2.95,,17055.91,Amazon,Swansea,UK,2.95,debit
4706,2017-06-11,DEB,AMAZON SVCS EU-UK,14.99,,17058.86,Amazon,Swansea,UK,14.99,debit
4707,2017-06-11,CPT,LNK UNI - UNIVERSI,60.0,,17073.85,Cash,Swansea,UK,60.0,debit
4708,2017-06-11,BP,SAVE THE CHANGE,0.01,,17133.85,Savings,Swansea,UK,0.01,debit
4709,2017-03-11,DEB,AMAZON SVCS EU-UK,6.99,,17133.86,Amazon,Swansea,UK,6.99,debit
4710,2017-03-11,DD,ASSURANT INTER LTD,21.37,,17140.85,Insurance,Swansea,UK,21.37,debit
4711,2017-03-11,BGC,SWANSEA UNIVERSITY,,1554.87,17162.22,Supplementary Income,Swansea,UK,1554.87,credit
4712,2017-01-11,FEE,ACCOUNT FEE,9.95,,15607.35,Bills,Swansea,UK,9.95,debit
4713,2017-01-11,DD,PRINCIPALITY BS,957.26,,15617.3,Mortgage,Swansea,UK,957.26,debit
4714,2017-01-11,DD,AVIVA LIFE,46.46,,16574.56,Insurance,Swansea,UK,46.46,debit
4715,2017-01-11,DD,DWR CYMRU W WATER,33.5,,16621.02,Bills,Swansea,UK,33.5,debit
4716,2017-01-11,DD,ZURICH,19.36,,16654.52,Insurance,Swansea,UK,19.36,debit
4717,2017-01-11,SO,ESAVINGS ACCOUNT,300.0,,16673.88,Savings,Swansea,UK,300.0,debit
4718,2017-01-11,BP,SAVE THE CHANGE,0.01,,16973.88,Savings,Swansea,UK,0.01,debit
4719,2017-10-31,DEB,Amazon UK Marketpl,7.99,,16973.89,Amazon,Swansea,UK,7.99,debit
4720,2017-10-31,DD,UCU B ACCOUNT,23.11,,16981.88,Others,Swansea,UK,23.11,debit
4721,2017-10-31,BP,SAVE THE CHANGE,2.73,,17004.99,Savings,Swansea,UK,2.73,debit
4722,2017-10-31,BGC,SWANSEA UNI - PAY,,3180.98,17007.72,Paycheck,Swansea,UK,3180.98,credit
4723,2017-10-30,DEB,Amazon UK Marketpl,7.1,,13826.74,Amazon,Swansea,UK,7.1,debit
4724,2017-10-30,DEB,AMAZON.CO.UK,5.74,,13833.84,Amazon,Swansea,UK,5.74,debit
4725,2017-10-30,DEB,JS ONLINE GROCERY,244.2,,13839.58,Groceries,Swansea,UK,244.2,debit
4726,2017-10-30,DEB,WWW.GOODENERGY.CO.,145.23,,14083.78,Bills,Nottingham,UK,145.23,debit
4727,2017-10-30,BP,SAVE THE CHANGE,0.95,,14229.01,Savings,Swansea,UK,0.95,debit
4728,2017-10-27,DEB,DELIVEROOCOUK,20.05,,14229.96,Dine Out,Unknown,Unknown,20.05,debit
4729,2017-10-27,CPT,LNK UNI - UNIVERSI,60.0,,14250.01,Cash,Swansea,UK,60.0,debit
4730,2017-10-27,BGC,SWANSEA UNIVERSITY,,1245.34,14310.01,Supplementary Income,Swansea,UK,1245.34,credit
4731,2017-10-27,BGC,MIDDLESEX UNIV,,140.0,13064.67,Supplementary Income,Swansea,UK,140.0,credit
4732,2017-10-25,BP,SAVE THE CHANGE,0.35,,12924.67,Savings,Swansea,UK,0.35,debit
4733,2017-10-24,DEB,AMAZON SVCS EU-UK,4.65,,12925.02,Amazon,Swansea,UK,4.65,debit
4734,2017-10-24,CPT,LNK UNI - UNIVERSI,50.0,,12929.67,Cash,Swansea,UK,50.0,debit
4735,2017-10-24,BP,SAVE THE CHANGE,1.35,,12979.67,Savings,Swansea,UK,1.35,debit
4736,2017-10-23,DEB,IKEA ONLINE,75.4,,12981.02,Other Shopping,Unknown,Unknown,75.4,debit
4737,2017-10-23,DEB,AMAZON SVCS EU-UK,2.85,,13056.42,Amazon,Swansea,UK,2.85,debit
4738,2017-10-23,DEB,AMAZON EU AMAZON.C,15.4,,13059.27,Amazon,Swansea,UK,15.4,debit
4739,2017-10-23,DD,VIRGIN MEDIA PYMTS,49.0,,13074.67,Bills,Nottingham,UK,49.0,debit
4740,2017-10-23,BP,SAVE THE CHANGE,1.03,,13123.67,Savings,Swansea,UK,1.03,debit
4741,2017-10-20,DEB,Amazon UK Marketpl,15.77,,13124.7,Amazon,Swansea,UK,15.77,debit
4742,2017-10-20,DEB,DELIVEROOCOUK,19.2,,13140.47,Dine Out,Unknown,Unknown,19.2,debit
4743,2017-10-20,CPT,LNK UNI - UNIVERSI,50.0,,13159.67,Cash,Swansea,UK,50.0,debit
4744,2017-10-20,BP,SAVE THE CHANGE,0.08,,13209.67,Savings,Swansea,UK,0.08,debit
4745,2017-10-19,DEB,Amazon UK Marketpl,14.93,,13209.75,Amazon,Swansea,UK,14.93,debit
4746,2017-10-19,DEB,Amazon UK Marketpl,5.99,,13224.68,Amazon,Swansea,UK,5.99,debit
4747,2017-10-19,BP,SAVE THE CHANGE,0.53,,13230.67,Savings,Swansea,UK,0.53,debit
4748,2017-10-18,DEB,Amazon UK Retail,7.49,,13231.2,Amazon,Swansea,UK,7.49,debit
4749,2017-10-18,DEB,Amazon UK Marketpl,2.98,,13238.69,Amazon,Swansea,UK,2.98,debit
4750,2017-10-18,DD,ZURICH,19.36,,13241.67,Insurance,Unknown,Unknown,19.36,debit
4751,2017-10-17,CPT,LNK UNI - UNIVERSI,40.0,,13261.03,Cash,Swansea,UK,40.0,debit
4752,2017-10-17,BP,SAVE THE CHANGE,0.23,,13301.03,Savings,Swansea,UK,0.23,debit
4753,2017-10-16,DEB,Amazon UK Marketpl,7.77,,13301.26,Amazon,Swansea,UK,7.77,debit
4754,2017-10-16,DD,O2,17.26,,13309.03,Other Shopping,Swansea,UK,17.26,debit
4755,2017-10-16,BP,SAVE THE CHANGE,0.8,,13326.29,Savings,Swansea,UK,0.8,debit
4756,2017-10-13,DEB,DELIVEROOCOUK,20.2,,13327.09,Dine Out,Unknown,Unknown,20.2,debit
4757,2017-10-13,CPT,LNK UNI - UNIVERSI,20.0,,13347.29,Cash,Swansea,UK,20.0,debit
4758,2017-10-13,BP,SAVE THE CHANGE,0.05,,13367.29,Savings,Swansea,UK,0.05,debit
4759,2017-12-10,DEB,Amazon UK Retail,31.95,,13367.34,Amazon,Swansea,UK,31.95,debit
4760,2017-12-10,BP,SAVE THE CHANGE,1.33,,13399.29,Savings,Swansea,UK,1.33,debit
4761,2017-11-10,DEB,Amazon UK Retail,14.99,,13400.62,Amazon,Swansea,UK,14.99,debit
4762,2017-11-10,DEB,AMAZON.CO.UK,6.19,,13415.61,Amazon,Swansea,UK,6.19,debit
4763,2017-11-10,DEB,AMAZON.CO.UK,4.49,,13421.8,Amazon,Swansea,UK,4.49,debit
4764,2017-11-10,CHQ,LOYD 802 OXFORD ST,,383.47,13426.29,Supplementary Income,Swansea,UK,383.47,credit
4765,2017-11-10,BP,SAVE THE CHANGE,0.87,,13042.82,Savings,Swansea,UK,0.87,debit
4766,2017-10-10,DEB,Amazon UK Marketpl,4.38,,13043.69,Amazon,Swansea,UK,4.38,debit
4767,2017-10-10,CPT,LNK UNI - UNIVERSI,50.0,,13048.07,Cash,Swansea,UK,50.0,debit
4768,2017-10-10,DEB,NON-STG PURCH FEE,0.5,,13098.07,Others,Swansea,UK,0.5,debit
4769,2017-10-10,DEB,NON-STG TRANS FEE,32.4,,13098.57,Others,Swansea,UK,32.4,debit
4770,2017-10-10,DEB,HYATT REGENCY PHOE,1083.75,,13130.97,Hotels,Phoenix,USA,1083.75,debit
4771,2017-09-10,DD,LV LIFE,37.12,,14214.72,Insurance,Swansea,UK,37.12,debit
4772,2017-03-10,FPI,MARIANA MILLS,,200.0,14251.84,Supplementary Income,Swansea,UK,200.0,credit
4773,2017-03-10,DD,ASSURANT INTER LTD,21.37,,14051.84,Insurance,Swansea,UK,21.37,debit
4774,2017-02-10,FEE,ACCOUNT FEE,9.95,,14073.21,Bills,Swansea,UK,9.95,debit
4775,2017-02-10,DD,PRINCIPALITY BS,957.26,,14083.16,Mortgage,Swansea,UK,957.26,debit
4776,2017-02-10,DD,CC SWANSEA C.TAX,174.0,,15040.42,Bills,Swansea,UK,174.0,debit
4777,2017-02-10,DD,AVIVA LIFE,46.46,,15214.42,Insurance,Swansea,UK,46.46,debit
4778,2017-02-10,DD,DWR CYMRU W WATER,33.5,,15260.88,Bills,Swansea,UK,33.5,debit
4779,2017-02-10,SO,ESAVINGS ACCOUNT,300.0,,15294.38,Savings,Swansea,UK,300.0,debit
4780,2017-09-29,CPT,LNK UNI - UNIVERSI,150.0,,15594.38,Cash,Swansea,UK,150.0,debit
4781,2017-09-29,DD,UCU B ACCOUNT,23.11,,15744.38,Others,Swansea,UK,23.11,debit
4782,2017-09-29,BP,SAVE THE CHANGE,2.27,,15767.49,Savings,Swansea,UK,2.27,debit
4783,2017-09-29,BGC,SWANSEA UNI - PAY,,3180.97,15769.76,Paycheck,Swansea,UK,3180.97,credit
4784,2017-09-28,DEB,ARRIVA TRAINS WALE,95.3,,12588.79,Travel,Unknown,Unknown,95.3,debit
4785,2017-09-28,DEB,BIRMINGHAM INT HOT,91.5,,12684.09,Hotels,Birmingham,UK,91.5,debit
4786,2017-09-28,DEB,WASABI BIRMINGHAM,28.0,,12775.59,Dine Out,Birmingham,UK,28.0,debit
4787,2017-09-28,DEB,Amazon UK Marketpl,17.65,,12803.59,Amazon,Swansea,UK,17.65,debit
4788,2017-09-28,DEB,AMAZON UK RETAIL A,12.99,,12821.24,Amazon,Swansea,UK,12.99,debit
4789,2017-09-28,DEB,NON-STG PURCH FEE,0.5,,12834.23,Others,Swansea,UK,0.5,debit
4790,2017-09-28,DEB,NON-STG TRANS FEE,1.11,,12834.73,Others,Swansea,UK,1.11,debit
4791,2017-09-28,DEB,WPY*Klaus Mueller,37.29,,12835.84,Services,Swansea,UK,37.29,debit
4792,2017-09-27,BP,SAVE THE CHANGE,2.1,,12873.13,Savings,Swansea,UK,2.1,debit
4793,2017-09-26,DEB,ARRIVA TRAINS WALE,8.4,,12875.23,Travel,Unknown,Unknown,8.4,debit
4794,2017-09-26,DEB,Amazon UK Marketpl,6.01,,12883.63,Amazon,Swansea,UK,6.01,debit
4795,2017-09-26,DEB,Amazon UK Marketpl,4.99,,12889.64,Amazon,Swansea,UK,4.99,debit
4796,2017-09-26,DEB,Amazon UK Marketpl,2.99,,12894.63,Amazon,Swansea,UK,2.99,debit
4797,2017-09-26,DEB,Amazon UK Marketpl,2.51,,12897.62,Amazon,Swansea,UK,2.51,debit
4798,2017-09-25,FPI,MARIANA MILLS,,180.0,12900.13,Supplementary Income,Swansea,UK,180.0,credit
4799,2017-09-25,CPT,LNK UNI - UNIVERSI,100.0,,12720.13,Cash,Swansea,UK,100.0,debit
4800,2017-09-25,BP,SAVE THE CHANGE,0.86,,12820.13,Savings,Swansea,UK,0.86,debit
4801,2017-09-22,DEB,EASYJET   ESVS7J,380.94,,12820.99,Travel,Unknown,Unknown,380.94,debit
4802,2017-09-22,DEB,Amazon UK Marketpl,2.0,,13201.93,Amazon,Swansea,UK,2.0,debit
4803,2017-09-22,DEB,DELIVEROOCOUK,20.2,,13203.93,Dine Out,Unknown,Unknown,20.2,debit
4804,2017-09-22,CPT,LNK UNI - UNIVERSI,50.0,,13224.13,Cash,Swansea,UK,50.0,debit
4805,2017-09-22,BP,SAVE THE CHANGE,1.08,,13274.13,Savings,Swansea,UK,1.08,debit
4806,2017-09-21,DEB,WATSON & PRATTS,140.67,,13275.21,Groceries ,Lampeter,UK,140.67,debit
4807,2017-09-21,DEB,Amazon UK Marketpl,6.25,,13415.88,Amazon,Swansea,UK,6.25,debit
4808,2017-09-21,BP,SAVE THE CHANGE,0.01,,13422.13,Savings,Swansea,UK,0.01,debit
4809,2017-09-20,DEB,Amazon UK Retail,12.99,,13422.14,Amazon,Swansea,UK,12.99,debit
4810,2017-09-19,CPT,LNK UNI - UNIVERSI,50.0,,13435.13,Cash,Swansea,UK,50.0,debit
4811,2017-09-19,BP,SAVE THE CHANGE,0.5,,13485.13,Savings,Swansea,UK,0.5,debit
4812,2017-09-18,DEB,BIRMINGHAM INT HOT,47.5,,13485.63,Hotels,Birmingham,UK,47.5,debit
4813,2017-09-18,DD,O2,29.36,,13533.13,Other Shopping,Swansea,UK,29.36,debit
4814,2017-09-18,CPT,LNK ARRIVA TRAINS,50.0,,13562.49,Cash,Unknown,Unknown,50.0,debit
4815,2017-09-14,DEB,ARRIVA TRAINS WALE,89.0,,13612.49,Travel,Unknown,Unknown,89.0,debit
4816,2017-09-13,BP,SAVE THE CHANGE,0.52,,13701.49,Savings,Swansea,UK,0.52,debit
4817,2017-12-09,DEB,Amazon UK Marketpl,1.48,,13702.01,Amazon,Swansea,UK,1.48,debit
4818,2017-12-09,CPT,LNK UNI - UNIVERSI,50.0,,13703.49,Cash,Swansea,UK,50.0,debit
4819,2017-12-09,BP,SAVE THE CHANGE,0.2,,13753.49,Savings,Swansea,UK,0.2,debit
4820,2017-11-09,DEB,IZ *Brontosaurus V,31.8,,13753.69,Dine Out,Unknown,Unknown,31.8,debit
4821,2017-11-09,CPT,LNK UNI - UNIVERSI,50.0,,13785.49,Cash,Swansea,UK,50.0,debit
4822,2017-11-09,BP,SAVE THE CHANGE,1.2,,13835.49,Savings,Swansea,UK,1.2,debit
4823,2017-11-09,TFR,SERGEJS KATACINS,35.0,,13836.69,Services,Swansea,UK,35.0,debit
4824,2017-08-09,DEB,PLUSNET PLC 0845 1,41.6,,13871.69,Entertainment,Swansea,UK,41.6,debit
4825,2017-08-09,DEB,DELIVEROOCOUK,19.2,,13913.29,Dine Out,Unknown,Unknown,19.2,debit
4826,2017-08-09,DD,LV LIFE,37.12,,13932.49,Insurance,Swansea,UK,37.12,debit
4827,2017-08-09,BP,SAVE THE CHANGE,0.99,,13969.61,Savings,Swansea,UK,0.99,debit
4828,2017-07-09,DEB,BRITISH GAS TRADIN,83.66,,13970.6,Home Improvement,Swansea,UK,83.66,debit
4829,2017-07-09,DEB,BRITISH GAS TRADIN,49.35,,14054.26,Home Improvement,Swansea,UK,49.35,debit
4830,2017-06-09,BP,SAVE THE CHANGE,0.64,,14103.61,Savings,Swansea,UK,0.64,debit
4831,2017-05-09,CPT,LNK SWANSEA WIND S,200.0,,14104.25,Cash,Swansea,UK,200.0,debit
4832,2017-05-09,DEB,Amazon UK Marketpl,26.87,,14304.25,Amazon,Swansea,UK,26.87,debit
4833,2017-05-09,DEB,Amazon UK Marketpl,2.49,,14331.12,Amazon,Swansea,UK,2.49,debit
4834,2017-05-09,BP,SAVE THE CHANGE,2.77,,14333.61,Savings,Swansea,UK,2.77,debit
4835,2017-04-09,CPT,LNK 1 UNION STREET,100.0,,14336.38,Cash,Leicester,UK,100.0,debit
4836,2017-04-09,DEB,Amazon UK Marketpl,63.13,,14436.38,Amazon,Swansea,UK,63.13,debit
4837,2017-04-09,DEB,Amazon UK Marketpl,10.14,,14499.51,Amazon,Swansea,UK,10.14,debit
4838,2017-04-09,DEB,Amazon UK Retail,4.62,,14509.65,Amazon,Swansea,UK,4.62,debit
4839,2017-04-09,DEB,TICKETS08712200260,95.34,,14514.27,Travel,Unknown,Unknown,95.34,debit
4840,2017-04-09,DEB,HENDON HALL HOTEL,114.0,,14609.61,Hotels,London,UK,114.0,debit
4841,2017-04-09,DD,ASSURANT INTER LTD,21.47,,14723.61,Insurance,Swansea,UK,21.47,debit
4842,2017-04-09,BP,SAVE THE CHANGE,0.7,,14745.08,Savings,Swansea,UK,0.7,debit
4843,2017-04-09,TFR,SERGEJS KATACINS,182.0,,14745.78,Services,Swansea,UK,182.0,debit
4844,2017-01-09,FEE,ACCOUNT FEE,9.95,,14927.78,Bills,Swansea,UK,9.95,debit
4845,2017-01-09,DEB,ARRIVA TRAINS WALE,82.3,,14937.73,Travel,Unknown,Unknown,82.3,debit
4846,2017-01-09,DD,PRINCIPALITY BS,957.26,,15020.03,Mortgage,Swansea,UK,957.26,debit
4847,2017-01-09,DD,CC SWANSEA C.TAX,174.0,,15977.29,Bills,Swansea,UK,174.0,debit
4848,2017-01-09,DD,AVIVA LIFE,46.46,,16151.29,Insurance,Swansea,UK,46.46,debit
4849,2017-01-09,DD,DWR CYMRU W WATER,33.5,,16197.75,Bills,Swansea,UK,33.5,debit
4850,2017-01-09,SO,ESAVINGS ACCOUNT,300.0,,16231.25,Savings,Swansea,UK,300.0,debit
4851,2017-08-31,CPT,LNK UNI - UNIVERSI,50.0,,16531.25,Cash,Swansea,UK,50.0,debit
4852,2017-08-31,DD,UCU B ACCOUNT,22.7,,16581.25,Others,Swansea,UK,22.7,debit
4853,2017-08-31,BP,SAVE THE CHANGE,0.41,,16603.95,Savings,Swansea,UK,0.41,debit
4854,2017-08-31,BGC,SWANSEA UNI - PAY,,3180.97,16604.36,Paycheck,Swansea,UK,3180.97,credit
4855,2017-08-30,DEB,Amazon UK Marketpl,18.59,,13423.39,Amazon,Swansea,UK,18.59,debit
4856,2017-08-30,BP,SAVE THE CHANGE,0.24,,13441.98,Savings,Swansea,UK,0.24,debit
4857,2017-08-29,DEB,Amazon UK Retail,23.76,,13442.22,Amazon,Swansea,UK,23.76,debit
4858,2017-08-29,DEB,PLUSNET PLC 0845 1,,5.07,13465.98,Supplementary Income,Swansea,UK,5.07,credit
4859,2017-08-29,CPT,LNK UNI - UNIVERSI,50.0,,13460.91,Cash,Swansea,UK,50.0,debit
4860,2017-08-25,DEB,VIRGIN MEDIA PYMTS,25.0,,13510.91,Bills,Nottingham,UK,25.0,debit
4861,2017-08-25,BP,SAVE THE CHANGE,0.15,,13535.91,Savings,Swansea,UK,0.15,debit
4862,2017-08-24,DEB,4500 MILES,28.85,,13536.06,Dine Out,Unknown,Unknown,28.85,debit
4863,2017-08-24,BGC,PLUSNET PLC PAY AC,,9.0,13564.91,Supplementary Income,Swansea,UK,9.0,credit
4864,2017-08-23,CPT,LNK TESCO BLEN CRT,30.0,,13555.91,Cash,Bristol,Unknown,30.0,debit
4865,2017-08-23,BP,SAVE THE CHANGE,0.1,,13585.91,Savings,Swansea,UK,0.1,debit
4866,2017-08-22,DEB,THE LANGLEY ARMS,150.0,,13586.01,Travel,Unknown,Unknown,150.0,debit
4867,2017-08-22,DEB,ARRIVA TRAINS WALE,36.9,,13736.01,Travel,Unknown,Unknown,36.9,debit
4868,2017-08-21,CPT,LNK ARRIVA TRAINS,60.0,,13772.91,Cash,Unknown,Unknown,60.0,debit
4869,2017-08-21,DEB,IKEA ONLINE,194.0,,13832.91,Other Shopping,Unknown,Unknown,194.0,debit
4870,2017-08-21,DEB,AMZ*Globoshop,,48.99,14026.91,Supplementary Income,Swansea,UK,48.99,credit
4871,2017-08-18,CPT,LNK UNI - UNIVERSI,50.0,,13977.92,Cash,Swansea,UK,50.0,debit
4872,2017-08-17,CPT,LNK ARRIVA TRAINS,60.0,,14027.92,Cash,Unknown,Unknown,60.0,debit
4873,2017-08-17,DD,PNET3444685-1,18.99,,14087.92,Others,Swansea,UK,18.99,debit
4874,2017-08-16,CPT,LNK UNI - UNIVERSI,250.0,,14106.91,Cash,Swansea,UK,250.0,debit
4875,2017-08-16,DD,O2,24.42,,14356.91,Other Shopping,Swansea,UK,24.42,debit
4876,2017-08-16,DD,PNET3444685-1,9.0,,14381.33,Others,Swansea,UK,9.0,debit
4877,2017-08-16,BP,SAVE THE CHANGE,0.05,,14390.33,Savings,Swansea,UK,0.05,debit
4878,2017-08-15,DEB,AMAZON UK RETAIL A,23.95,,14390.38,Amazon,Swansea,UK,23.95,debit
4879,2017-08-15,CPT,LNK UNI - UNIVERSI,80.0,,14414.33,Cash,Swansea,UK,80.0,debit
4880,2017-08-15,BP,SAVE THE CHANGE,0.01,,14494.33,Savings,Swansea,UK,0.01,debit
4881,2017-08-14,DEB,AMAZON.CO.UK,11.99,,14494.34,Amazon,Swansea,UK,11.99,debit
4882,2017-08-14,DEB,BRITANNIA,49.0,,14506.33,Amazon,Swansea,UK,49.0,debit
4883,2017-11-08,DEB,AMZ*Discounted Cle,,10.58,14555.33,Supplementary Income,Swansea,UK,10.58,credit
4884,2017-11-08,CHQ,52,90.0,,14544.75,Cash,Unknown,Unknown,90.0,debit
4885,2017-11-08,BP,SAVE THE CHANGE,0.04,,14634.75,Savings,Swansea,UK,0.04,debit
4886,2017-10-08,CPT,LNK TESCO SWANSEA,60.0,,14634.79,Cash,swansea,UK,60.0,debit
4887,2017-10-08,DEB,Amazon UK Retail,15.96,,14694.79,Amazon,Swansea,UK,15.96,debit
4888,2017-10-08,BP,SAVE THE CHANGE,0.51,,14710.75,Savings,Swansea,UK,0.51,debit
4889,2017-09-08,DEB,Amazon UK Retail,5.49,,14711.26,Amazon,Swansea,UK,5.49,debit
4890,2017-09-08,DD,LV LIFE,37.12,,14716.75,Insurance,Swansea,UK,37.12,debit
4891,2017-09-08,BP,SAVE THE CHANGE,0.81,,14753.87,Savings,Swansea,UK,0.81,debit
4892,2017-08-08,DEB,Amazon UK Marketpl,8.39,,14754.68,Amazon,Swansea,UK,8.39,debit
4893,2017-08-08,DEB,THE HEALTH SHOP,38.8,,14763.07,Other Shopping,Unknown,Unknown,38.8,debit
4894,2017-08-08,CPT,LNK UNI - UNIVERSI,50.0,,14801.87,Cash,Swansea,UK,50.0,debit
4895,2017-08-08,BP,SAVE THE CHANGE,0.81,,14851.87,Savings,Swansea,UK,0.81,debit
4896,2017-07-08,DEB,IZ *Brontosaurus V,16.19,,14852.68,Dine Out,Unknown,Unknown,16.19,debit
4897,2017-07-08,BP,SAVE THE CHANGE,2.57,,14868.87,Savings,Swansea,UK,2.57,debit
4898,2017-07-08,DEB,NON-STG PURCH FEE,0.5,,14871.44,Others,Swansea,UK,0.5,debit
4899,2017-07-08,DEB,NON-STG TRANS FEE,5.36,,14871.94,Others,Swansea,UK,5.36,debit
4900,2017-07-08,DEB,HYATT REGENCY PHOE,179.44,,14877.3,Hotels,Phoenix,USA,179.44,debit
4901,2017-04-08,DEB,Amazon UK Marketpl,6.26,,15056.74,Amazon,Swansea,UK,6.26,debit
4902,2017-04-08,DEB,Amazon UK Retail,5.46,,15063.0,Amazon,Swansea,UK,5.46,debit
4903,2017-04-08,DEB,Amazon UK Marketpl,5.27,,15068.46,Amazon,Swansea,UK,5.27,debit
4904,2017-04-08,CPT,LNK UNI - UNIVERSI,50.0,,15073.73,Cash,Swansea,UK,50.0,debit
4905,2017-04-08,DD,ASSURANT INTER LTD,39.74,,15123.73,Insurance,Swansea,UK,39.74,debit
4906,2017-04-08,BP,SAVE THE CHANGE,0.71,,15163.47,Savings,Swansea,UK,0.71,debit
4907,2017-03-08,DEB,THE PRINCIPAL MANC,267.3,,15164.18,Dine Out,Manchester,UK,267.3,debit
4908,2017-03-08,DEB,Amazon UK Marketpl,48.99,,15431.48,Amazon,Swansea,UK,48.99,debit
4909,2017-03-08,DEB,AMZ*Dealsdirect247,,15.99,15480.47,Supplementary Income,Swansea,UK,15.99,credit
4910,2017-03-08,BP,SAVE THE CHANGE,0.9,,15464.48,Savings,Swansea,UK,0.9,debit
4911,2017-02-08,DEB,SPRINGFIELD DEVELO,160.0,,15465.38,Home Improvement,Swansea,UK,160.0,debit
4912,2017-02-08,DEB,SWANSEA UNI - CATE,3.1,,15625.38,Dine Out,Swansea,UK,3.1,debit
4913,2017-02-08,BP,SAVE THE CHANGE,0.4,,15628.48,Savings,Swansea,UK,0.4,debit
4914,2017-01-08,FEE,ACCOUNT FEE,9.95,,15628.88,Bills,Swansea,UK,9.95,debit
4915,2017-01-08,DEB,GWR WEBSALES,78.6,,15638.83,Travel,Unknown,Unknown,78.6,debit
4916,2017-01-08,CPT,LNK 404331M&S SWAN,80.0,,15717.43,Cash,Swansea,UK,80.0,debit
4917,2017-01-08,DD,PRINCIPALITY BS,1159.25,,15797.43,Mortgage,Swansea,UK,1159.25,debit
4918,2017-01-08,DD,CC SWANSEA C.TAX,174.0,,16956.68,Bills,Swansea,UK,174.0,debit
4919,2017-01-08,DD,AVIVA LIFE,46.46,,17130.68,Insurance,Swansea,UK,46.46,debit
4920,2017-01-08,DD,DWR CYMRU W WATER,33.5,,17177.14,Bills,Swansea,UK,33.5,debit
4921,2017-01-08,SO,ESAVINGS ACCOUNT,300.0,,17210.64,Savings,Swansea,UK,300.0,debit
4922,2017-01-08,BP,SAVE THE CHANGE,1.89,,17510.64,Savings,Swansea,UK,1.89,debit
4923,2017-07-31,DEB,Amazon UK Marketpl,26.25,,17512.53,Amazon,Swansea,UK,26.25,debit
4924,2017-07-31,DEB,Amazon UK Marketpl,1.27,,17538.78,Amazon,Swansea,UK,1.27,debit
4925,2017-07-31,DEB,IKEA ONLINE,360.0,,17540.05,Other Shopping,Unknown,Unknown,360.0,debit
4926,2017-07-31,DEB,CITY PLUMBING SUPP,153.59,,17900.05,Home Improvement,Swansea,UK,153.59,debit
4927,2017-07-31,DD,UCU B ACCOUNT,22.7,,18053.64,Others,Swansea,UK,22.7,debit
4928,2017-07-31,BP,SAVE THE CHANGE,0.82,,18076.34,Savings,Swansea,UK,0.82,debit
4929,2017-07-31,BGC,SWANSEA UNI - PAY,,3138.66,18077.16,Paycheck,Swansea,UK,3138.66,credit
4930,2017-07-28,DEB,AMAZON.CO.UK,11.96,,14938.5,Amazon,Swansea,UK,11.96,debit
4931,2017-07-28,DEB,AMAZON UK RETAIL A,7.38,,14950.46,Amazon,Swansea,UK,7.38,debit
4932,2017-07-28,DEB,AMAZON.CO.UK,13.84,,14957.84,Amazon,Swansea,UK,13.84,debit
4933,2017-07-28,CPT,LNK UNI - UNIVERSI,50.0,,14971.68,Cash,Swansea,UK,50.0,debit
4934,2017-07-25,CPT,LNK UNI - UNIVERSI,50.0,,15021.68,Cash,Swansea,UK,50.0,debit
4935,2017-07-21,CPT,LNK UNI - UNIVERSI,50.0,,15071.68,Cash,Swansea,UK,50.0,debit
4936,2017-07-21,DD,VIRGIN MEDIA PYMTS,30.97,,15121.68,Bills,Nottingham,UK,30.97,debit
4937,2017-07-21,BGC,SWANSEA UNIVERSITY,,1004.43,15152.65,Supplementary Income,Swansea,UK,1004.43,credit
4938,2017-07-20,DD,GOOD ENERGY LTD,124.74,,14148.22,Bills,Nottingham,UK,124.74,debit
4939,2017-07-19,CPT,LNK UNI - UNIVERSI,50.0,,14272.96,Cash,Swansea,UK,50.0,debit
4940,2017-07-17,DD,O2,26.73,,14322.96,Other Shopping,Swansea,UK,26.73,debit
4941,2017-07-14,BP,SAVE THE CHANGE,0.5,,14349.69,Savings,Swansea,UK,0.5,debit
4942,2017-07-13,DEB,Amazon UK Marketpl,6.5,,14350.19,Amazon,Swansea,UK,6.5,debit
4943,2017-07-13,DD,AVIVA LIFE,46.46,,14356.69,Insurance,Swansea,UK,46.46,debit
4944,2017-07-13,BP,SAVE THE CHANGE,0.98,,14403.15,Savings,Swansea,UK,0.98,debit
4945,2017-12-07,DEB,Amazon UK Marketpl,10.66,,14404.13,Amazon,Swansea,UK,10.66,debit
4946,2017-12-07,DEB,Amazon UK Marketpl,10.36,,14414.79,Amazon,Swansea,UK,10.36,debit
4947,2017-12-07,BP,SAVE THE CHANGE,0.44,,14425.15,Savings,Swansea,UK,0.44,debit
4948,2017-11-07,DEB,PLUSNET PLC 0845 1,68.98,,14425.59,Entertainment,Swansea,UK,68.98,debit
4949,2017-11-07,DEB,Amazon UK Marketpl,10.58,,14494.57,Amazon,Swansea,UK,10.58,debit
4950,2017-11-07,BP,SAVE THE CHANGE,1.18,,14505.15,Savings,Swansea,UK,1.18,debit
4951,2017-10-07,DEB,Amazon UK Retail,13.66,,14506.33,Entertainment,Swansea,UK,13.66,debit
4952,2017-10-07,DEB,Amazon UK Retail,17.84,,14519.99,Amazon,Swansea,UK,17.84,debit
4953,2017-10-07,DEB,Amazon UK Marketpl,2.62,,14537.83,Amazon,Swansea,UK,2.62,debit
4954,2017-10-07,DEB,Amazon UK Marketpl,1.7,,14540.45,Amazon,Swansea,UK,1.7,debit
4955,2017-10-07,DD,LVFS LTD A A/C,37.12,,14542.15,Insurance,Swansea,UK,37.12,debit
4956,2017-07-07,CPT,LNK UNI - UNIVERSI,100.0,,14579.27,Cash,Swansea,UK,100.0,debit
4957,2017-07-07,CHQ,LOYD 802 OXFORD ST,,1003.79,14679.27,Supplementary Income,Swansea,UK,1003.79,credit
4958,2017-07-07,BP,SAVE THE CHANGE,0.22,,13675.48,Savings,Swansea,UK,0.22,debit
4959,2017-06-07,DEB,Amazon UK Marketpl,16.78,,13675.7,Amazon,Swansea,UK,16.78,debit
4960,2017-06-07,TFR,F/FLOW NATWEST BAN,,828.49,13692.48,Supplementary Income,Swansea,UK,828.49,credit
4961,2017-06-07,CPT,LNK UNI - UNIVERSI,200.0,,12863.99,Cash,Swansea,UK,200.0,debit
4962,2017-06-07,BP,SAVE THE CHANGE,0.56,,13063.99,Savings,Swansea,UK,0.56,debit
4963,2017-05-07,DEB,Amazon UK Marketpl,14.44,,13064.55,Amazon,Swansea,UK,14.44,debit
4964,2017-05-07,BP,SAVE THE CHANGE,0.01,,13078.99,Savings,Swansea,UK,0.01,debit
4965,2017-04-07,DEB,AMAZON.CO.UK,16.99,,13079.0,Amazon,Swansea,UK,16.99,debit
4966,2017-04-07,BP,SAVE THE CHANGE,0.76,,13095.99,Savings,Swansea,UK,0.76,debit
4967,2017-03-07,FEE,ACCOUNT FEE,9.95,,13096.75,Bills,Swansea,UK,9.95,debit
4968,2017-03-07,DEB,Amazon UK Marketpl,20.24,,13106.7,Amazon,Swansea,UK,20.24,debit
4969,2017-03-07,DD,NATWEST BANK,828.49,,13126.94,Mortgage,Swansea,UK,828.49,debit
4970,2017-03-07,DD,CC SWANSEA C.TAX,174.0,,13955.43,Bills,Swansea,UK,174.0,debit
4971,2017-03-07,DD,GOOD ENERGY LTD,85.0,,14129.43,Bills,Swansea,UK,85.0,debit
4972,2017-03-07,DD,ASSURANT INTER LTD,39.74,,14214.43,Insurance,Swansea,UK,39.74,debit
4973,2017-03-07,DD,DWR CYMRU W WATER,32.5,,14254.17,Bills,Swansea,UK,32.5,debit
4974,2017-03-07,DD,TV LICENCE MBP,12.37,,14286.67,Bills,Swansea,UK,12.37,debit
4975,2017-03-07,SO,ESAVINGS ACCOUNT,300.0,,14299.04,Savings,Swansea,UK,300.0,debit
4976,2017-03-07,BGC,SWANSEA UNIVERSITY,,319.45,14599.04,Supplementary Income,Swansea,UK,319.45,credit
4977,2017-06-30,DD,UCU B ACCOUNT,22.7,,14279.59,Others,Swansea,UK,22.7,debit
4978,2017-06-30,BP,SAVE THE CHANGE,0.64,,14302.29,Savings,Swansea,UK,0.64,debit
4979,2017-06-30,BGC,SWANSEA UNI - PAY,,3138.65,14302.93,Paycheck,Swansea,UK,3138.65,credit
4980,2017-06-29,CPT,LNK UNI - UNIVERSI,250.0,,11164.28,Cash,Swansea,UK,250.0,debit
4981,2017-06-29,DEB,POST OFFICE COUNTE,62.99,,11414.28,Others,Swansea,UK,62.99,debit
4982,2017-06-29,DEB,Amazon UK Marketpl,16.99,,11477.27,Amazon,Swansea,UK,16.99,debit
4983,2017-06-29,DEB,Amazon UK Marketpl,13.8,,11494.26,Amazon,Swansea,UK,13.8,debit
4984,2017-06-29,DEB,Amazon UK Marketpl,5.58,,11508.06,Amazon,Swansea,UK,5.58,debit
4985,2017-06-29,FPO,DEZREZ LEGAL LTD,5619.03,,11513.64,Mortgage,Nottingham,UK,5619.03,debit
4986,2017-06-29,BP,SAVE THE CHANGE,0.86,,17132.67,Savings,Swansea,UK,0.86,debit
4987,2017-06-28,DEB,Amazon UK Marketpl,26.15,,17133.53,Amazon,Swansea,UK,26.15,debit
4988,2017-06-28,DEB,AMAZON UK RETAIL A,6.99,,17159.68,Amazon,Swansea,UK,6.99,debit
4989,2017-06-28,BP,SAVE THE CHANGE,0.99,,17166.67,Savings,Swansea,UK,0.99,debit
4990,2017-06-27,DEB,Amazon UK Marketpl,19.95,,17167.66,Amazon,Swansea,UK,19.95,debit
4991,2017-06-27,DEB,Amazon UK Retail,7.15,,17187.61,Amazon,Swansea,UK,7.15,debit
4992,2017-06-27,DEB,Amazon UK Marketpl,3.91,,17194.76,Amazon,Swansea,UK,3.91,debit
4993,2017-06-27,CPT,LNK UNI - UNIVERSI,50.0,,17198.67,Cash,Swansea,UK,50.0,debit
4994,2017-06-27,BP,SAVE THE CHANGE,0.8,,17248.67,Savings,Swansea,UK,0.8,debit
4995,2017-06-26,DEB,JS ONLINE GROCERY,323.2,,17249.47,Groceries,Swansea,UK,323.2,debit
4996,2017-06-26,DEP,SKETTY SWANSEA,,211.5,17572.67,Supplementary Income,Swansea,UK,211.5,credit
4997,2017-06-26,BP,SAVE THE CHANGE,0.01,,17361.17,Savings,Swansea,UK,0.01,debit
4998,2017-06-23,DEB,Amazon UK Marketpl,12.99,,17361.18,Amazon,Swansea,UK,12.99,debit
4999,2017-06-23,CPT,LNK UNI - UNIVERSI,20.0,,17374.17,Cash,Swansea,UK,20.0,debit
5000,2017-06-22,DD,CORGI HOMEPLAN CA,19.5,,17394.17,Home Improvement,Swansea,UK,19.5,debit
5001,2017-06-21,FPI,MARIANA MILLS,,375.0,17413.67,Supplementary Income,Swansea,UK,375.0,credit
5002,2017-06-21,CPT,LNK UNI - UNIVERSI,50.0,,17038.67,Cash,Swansea,UK,50.0,debit
5003,2017-06-21,DD,VIRGIN MEDIA PYMTS,39.58,,17088.67,Bills,Nottingham,UK,39.58,debit
5004,2017-06-21,BP,SAVE THE CHANGE,0.75,,17128.25,Savings,Swansea,UK,0.75,debit
5005,2017-06-20,DEB,Amazon UK Marketpl,15.99,,17129.0,Amazon,Swansea,UK,15.99,debit
5006,2017-06-20,DEB,Amazon UK Marketpl,11.26,,17144.99,Amazon,Swansea,UK,11.26,debit
5007,2017-06-20,BP,SAVE THE CHANGE,2.29,,17156.25,Savings,Swansea,UK,2.29,debit
5008,2017-06-19,DEB,Amazon UK Marketpl,80.16,,17158.54,Amazon,Swansea,UK,80.16,debit
5009,2017-06-19,DEB,Amazon UK Retail,78.97,,17238.7,Amazon,Swansea,UK,78.97,debit
5010,2017-06-19,DEB,Amazon UK Retail,44.96,,17317.67,Amazon,Swansea,UK,44.96,debit
5011,2017-06-19,DEB,Amazon UK Marketpl,27.6,,17362.63,Amazon,Swansea,UK,27.6,debit
5012,2017-06-19,DEB,AMAZON UK RETAIL A,19.98,,17390.23,Amazon,Swansea,UK,19.98,debit
5013,2017-06-19,DEB,Amazon UK Marketpl,5.04,,17410.21,Amazon,Swansea,UK,5.04,debit
5014,2017-06-19,DEB,COOL FISH RIDES S,,136.16,17415.25,Supplementary Income,Swansea,UK,136.16,credit
5015,2017-06-19,BP,SAVE THE CHANGE,0.94,,17279.09,Savings,Swansea,UK,0.94,debit
5016,2017-06-16,DEB,COOL FISH RIDES S,138.52,,17280.03,Entertainment,London,UK,138.52,debit
5017,2017-06-16,DEB,COOL FISH RIDES S,5.54,,17418.55,Entertainment,London,UK,5.54,debit
5018,2017-06-16,DD,O2,20.79,,17424.09,Other Shopping,Swansea,UK,20.79,debit
5019,2017-06-13,DEB,FOREIGN CASH FEE,2.0,,17444.88,Travel,Unknown,Unknown,2.0,debit
5020,2017-06-13,DEB,101823784,92.25,,17446.88,Others,Swansea,UK,92.25,debit
5021,2017-06-13,BP,SAVE THE CHANGE,1.11,,17539.13,Savings,Swansea,UK,1.11,debit
5022,2017-12-06,DEB,ARRIVA TRAINS WALE,8.2,,17540.24,Travel,Unknown,Unknown,8.2,debit
5023,2017-12-06,DEB,Amazon UK Retail,9.69,,17548.44,Amazon,Swansea,UK,9.69,debit
5024,2017-12-06,BP,SAVE THE CHANGE,0.49,,17558.13,Savings,Swansea,UK,0.49,debit
5025,2017-12-06,CPT,LNK ARRIVA TRAINS,60.0,,17558.62,Cash,Unknown,Unknown,60.0,debit
5026,2017-09-06,CPT,LNK UNI - UNIVERSI,50.0,,17618.62,Cash,Swansea,UK,50.0,debit
5027,2017-09-06,DEB,Amazon UK Marketpl,9.51,,17668.62,Amazon,Swansea,UK,9.51,debit
5028,2017-09-06,DD,LV LIFE,37.12,,17678.13,Insurance,Swansea,UK,37.12,debit
5029,2017-09-06,BP,SAVE THE CHANGE,0.1,,17715.25,Savings,Swansea,UK,0.1,debit
5030,2017-08-06,DEB,WWW.DEZREZLEGAL.CO,245.0,,17715.35,Insurance,Swansea,UK,245.0,debit
5031,2017-08-06,DEB,WATSON & PRATTS,128.9,,17960.35,Groceries ,Lampeter,UK,128.9,debit
5032,2017-07-06,BP,SAVE THE CHANGE,0.84,,18089.25,Savings,Swansea,UK,0.84,debit
5033,2017-06-06,DEB,Amazon UK Marketpl,8.16,,18090.09,Amazon,Swansea,UK,8.16,debit
5034,2017-06-06,CPT,LNK UNI - UNIVERSI,100.0,,18098.25,Cash,Swansea,UK,100.0,debit
5035,2017-06-06,BP,SAVE THE CHANGE,1.61,,18198.25,Savings,Swansea,UK,1.61,debit
5036,2017-05-06,DEB,Amazon UK Marketpl,6.44,,18199.86,Amazon,Swansea,UK,6.44,debit
5037,2017-05-06,DEB,Amazon UK Marketpl,12.44,,18206.3,Amazon,Swansea,UK,12.44,debit
5038,2017-05-06,DEB,Amazon Svcs Europe,8.52,,18218.74,Amazon,Swansea,UK,8.52,debit
5039,2017-05-06,DEB,AMAZON.CO.UK,6.99,,18227.26,Amazon,Swansea,UK,6.99,debit
5040,2017-05-06,DD,ASSURANT INTER LTD,39.74,,18234.25,Insurance,Swansea,UK,39.74,debit
5041,2017-05-06,BP,SAVE THE CHANGE,0.55,,18273.99,Savings,Swansea,UK,0.55,debit
5042,2017-02-06,DEB,AMAZON.CO.UK,18.45,,18274.54,Amazon,Swansea,UK,18.45,debit
5043,2017-02-06,CPT,LNK UNI - UNIVERSI,40.0,,18292.99,Cash,Swansea,UK,40.0,debit
5044,2017-01-06,FEE,ACCOUNT FEE,9.95,,18332.99,Bills,Swansea,UK,9.95,debit
5045,2017-01-06,CPT,LNK UNI - UNIVERSI,50.0,,18342.94,Cash,Swansea,UK,50.0,debit
5046,2017-01-06,DD,NATWEST BANK,828.49,,18392.94,Mortgage,Swansea,UK,828.49,debit
5047,2017-01-06,DD,CC SWANSEA C.TAX,174.0,,19221.43,Bills,Swansea,UK,174.0,debit
5048,2017-01-06,DD,GOOD ENERGY LTD,85.0,,19395.43,Bills,Swansea,UK,85.0,debit
5049,2017-01-06,DD,DWR CYMRU W WATER,32.5,,19480.43,Bills,Swansea,UK,32.5,debit
5050,2017-01-06,DD,TV LICENCE MBP,12.37,,19512.93,Bills,Swansea,UK,12.37,debit
5051,2017-01-06,SO,ESAVINGS ACCOUNT,300.0,,19525.3,Savings,Swansea,UK,300.0,debit
5052,2017-05-31,DD,UCU B ACCOUNT,22.7,,19825.3,Others,Swansea,UK,22.7,debit
5053,2017-05-31,BP,SAVE THE CHANGE,0.4,,19848.0,Savings,Swansea,UK,0.4,debit
5054,2017-05-31,BGC,SWANSEA UNI - PAY,,3138.65,19848.4,Paycheck,Swansea,UK,3138.65,credit
5055,2017-05-30,DEB,ARRIVA TRAINS WALE,166.6,,16709.75,Travel,Unknown,Unknown,166.6,debit
5056,2017-05-30,BP,SAVE THE CHANGE,0.51,,16876.35,Savings,Swansea,UK,0.51,debit
5057,2017-05-30,CPT,LNK RAIL BRISTOL T,50.0,,16876.86,Cash,Bristol,Unknown,50.0,debit
5058,2017-05-26,DEB,Amazon UK Retail,9.99,,16926.86,Amazon,Swansea,UK,9.99,debit
5059,2017-05-26,DEB,AMAZON UK RETAIL A,12.5,,16936.85,Amazon,Swansea,UK,12.5,debit
5060,2017-05-26,CPT,LNK UNI - UNIVERSI,80.0,,16949.35,Cash,Swansea,UK,80.0,debit
5061,2017-05-26,BP,SAVE THE CHANGE,1.49,,17029.35,Savings,Swansea,UK,1.49,debit
5062,2017-05-25,CPT,LNK UPLANDS CRESCE,100.0,,17030.84,Cash,Swansea,UK,100.0,debit
5063,2017-05-25,DEB,AMAZON UK RETAIL A,8.16,,17130.84,Amazon,Swansea,UK,8.16,debit
5064,2017-05-25,DEB,Amazon UK Marketpl,2.35,,17139.0,Amazon,Swansea,UK,2.35,debit
5065,2017-05-25,BP,SAVE THE CHANGE,0.12,,17141.35,Savings,Swansea,UK,0.12,debit
5066,2017-05-24,DEB,Amazon UK Marketpl,6.96,,17141.47,Amazon,Swansea,UK,6.96,debit
5067,2017-05-24,DEB,AMAZON UK RETAIL A,10.92,,17148.43,Amazon,Swansea,UK,10.92,debit
5068,2017-05-24,BP,SAVE THE CHANGE,1.45,,17159.35,Savings,Swansea,UK,1.45,debit
5069,2017-05-23,DEB,Amazon UK Marketpl,16.06,,17160.8,Amazon,Swansea,UK,16.06,debit
5070,2017-05-23,DEB,AMAZON UK RETAIL A,10.49,,17176.86,Amazon,Swansea,UK,10.49,debit
5071,2017-05-23,CPT,LNK UNI - UNIVERSI,60.0,,17187.35,Cash,Swansea,UK,60.0,debit
5072,2017-05-23,BP,SAVE THE CHANGE,0.01,,17247.35,Savings,Swansea,UK,0.01,debit
5073,2017-05-22,DEB,Amazon UK Marketpl,6.99,,17247.36,Amazon,Swansea,UK,6.99,debit
5074,2017-05-22,DD,VIRGIN MEDIA PYMTS,31.48,,17254.35,Bills,Nottingham,UK,31.48,debit
5075,2017-05-22,DD,CORGI HOMEPLAN CA,19.5,,17285.83,Home Improvement,Swansea,UK,19.5,debit
5076,2017-05-22,BP,SAVE THE CHANGE,1.51,,17305.33,Savings,Swansea,UK,1.51,debit
5077,2017-05-19,DEB,ARRIVA TRAINS WALE,22.4,,17306.84,Travel,Unknown,Unknown,22.4,debit
5078,2017-05-19,DEB,Amazon UK Retail,5.75,,17329.24,Amazon,Swansea,UK,5.75,debit
5079,2017-05-19,DEB,AMAZON UK RETAIL A,11.34,,17334.99,Amazon,Swansea,UK,11.34,debit
5080,2017-05-19,BP,SAVE THE CHANGE,0.71,,17346.33,Savings,Swansea,UK,0.71,debit
5081,2017-05-18,DEB,AMAZON.CO.UK,15.29,,17347.04,Amazon,Swansea,UK,15.29,debit
5082,2017-05-18,CPT,LNK UNI - UNIVERSI,100.0,,17362.33,Cash,Swansea,UK,100.0,debit
5083,2017-05-17,BP,SAVE THE CHANGE,0.02,,17462.33,Savings,Swansea,UK,0.02,debit
5084,2017-05-16,DEB,Amazon UK Retail,23.98,,17462.35,Amazon,Swansea,UK,23.98,debit
5085,2017-05-16,CPT,LNK UNI - UNIVERSI,100.0,,17486.33,Cash,Swansea,UK,100.0,debit
5086,2017-05-16,DD,O2,18.06,,17586.33,Other Shopping,Swansea,UK,18.06,debit
5087,2017-05-16,BP,SAVE THE CHANGE,0.01,,17604.39,Savings,Swansea,UK,0.01,debit
5088,2017-05-15,DEB,Amazon UK Marketpl,7.99,,17604.4,Amazon,Swansea,UK,7.99,debit
5089,2017-05-15,DEB,WWW.DEZREZLEGAL.CO,50.0,,17612.39,Insurance,Swansea,UK,50.0,debit
5090,2017-05-15,CPT,LNK UNI - UNIVERSI,50.0,,17662.39,Cash,Swansea,UK,50.0,debit
5091,2017-12-05,CPT,LNK UNI - UNIVERSI,30.0,,17712.39,Cash,Swansea,UK,30.0,debit
5092,2017-09-05,CPT,LNK SWANSEA WIND S,50.0,,17742.39,Cash,Swansea,UK,50.0,debit
5093,2017-09-05,DEB,TICKETS08712200260,33.0,,17792.39,Travel,Unknown,Unknown,33.0,debit
5094,2017-08-05,DEB,PERSIMMON HOMES WE,200.0,,17825.39,Home Improvement,Swansea,UK,200.0,debit
5095,2017-08-05,DD,LV LIFE,37.12,,18025.39,Insurance,Swansea,UK,37.12,debit
5096,2017-05-05,DEB,WWW.DEZREZLEGAL.CO,25.0,,18062.51,Insurance,Swansea,UK,25.0,debit
5097,2017-05-05,CPT,LOYD TALIESIN BUIL,50.0,,18087.51,Cash,Unknown,Unknown,50.0,debit
5098,2017-03-05,DD,ASSURANT INTER LTD,39.74,,18137.51,Insurance,Swansea,UK,39.74,debit
5099,2017-03-05,BP,SAVE THE CHANGE,1.13,,18177.25,Savings,Swansea,UK,1.13,debit
5100,2017-02-05,FEE,ACCOUNT FEE,9.95,,18178.38,Bills,Swansea,UK,9.95,debit
5101,2017-02-05,DEB,GRUPO HOTELES PLAY,607.58,,18188.33,Hotels,Almería,Spain,607.58,debit
5102,2017-02-05,DEB,SUSU TRADING LTD,37.29,,18795.91,Home Improvement,Swansea,UK,37.29,debit
5103,2017-02-05,CPT,LNK UNI - UNIVERSI,50.0,,18833.2,Cash,Swansea,UK,50.0,debit
5104,2017-02-05,DD,NATWEST BANK,828.49,,18883.2,Mortgage,Swansea,UK,828.49,debit
5105,2017-02-05,DD,CC SWANSEA C.TAX,174.0,,19711.69,Bills,Swansea,UK,174.0,debit
5106,2017-02-05,DD,GOOD ENERGY LTD,85.0,,19885.69,Bills,Swansea,UK,85.0,debit
5107,2017-02-05,DD,DWR CYMRU W WATER,32.5,,19970.69,Bills,Swansea,UK,32.5,debit
5108,2017-02-05,DD,TV LICENCE MBP,12.12,,20003.19,Bills,Swansea,UK,12.12,debit
5109,2017-02-05,SO,ESAVINGS ACCOUNT,300.0,,20015.31,Savings,Swansea,UK,300.0,debit
5110,2017-02-05,BGC,SWANSEA UNIVERSITY,,692.67,20315.31,Supplementary Income,Swansea,UK,692.67,credit
5111,2017-04-28,CPT,LNK UNI - UNIVERSI,30.0,,19622.64,Cash,Swansea,UK,30.0,debit
5112,2017-04-28,DD,UCU B ACCOUNT,22.7,,19652.64,Others,Swansea,UK,22.7,debit
5113,2017-04-28,BGC,SWANSEA UNI - PAY,,3138.66,19675.34,Paycheck,Swansea,UK,3138.66,credit
5114,2017-04-26,BP,SAVE THE CHANGE,0.03,,16536.68,Savings,Swansea,UK,0.03,debit
5115,2017-04-25,DEB,Amazon UK Marketpl,15.97,,16536.71,Amazon,Swansea,UK,15.97,debit
5116,2017-04-25,CPT,LNK UNI - UNIVERSI,40.0,,16552.68,Cash,Swansea,UK,40.0,debit
5117,2017-04-25,DD,CORGI HOMEPLAN CA,19.5,,16592.68,Home Improvement,Swansea,UK,19.5,debit
5118,2017-04-25,BP,SAVE THE CHANGE,0.6,,16612.18,Savings,Swansea,UK,0.6,debit
5119,2017-04-24,DEB,AMAZON UK RETAIL A,10.81,,16612.78,Amazon,Swansea,UK,10.81,debit
5120,2017-04-24,DEB,KLM UK  074132,265.59,,16623.59,Travel,Unknown,Unknown,265.59,debit
5121,2017-04-24,DEB,EXPEDIA 7260559230,3.0,,16889.18,Travel,Unknown,Unknown,3.0,debit
5122,2017-04-21,CPT,LNK UNI - UNIVERSI,30.0,,16892.18,Cash,Swansea,UK,30.0,debit
5123,2017-04-21,DD,VIRGIN MEDIA PYMTS,31.48,,16922.18,Bills,Nottingham,UK,31.48,debit
5124,2017-04-21,BP,SAVE THE CHANGE,0.01,,16953.66,Savings,Swansea,UK,0.01,debit
5125,2017-04-20,DEB,Amazon Svcs Europe,4.99,,16953.67,Amazon,Swansea,UK,4.99,debit
5126,2017-04-20,BP,SAVE THE CHANGE,0.74,,16958.66,Savings,Swansea,UK,0.74,debit
5127,2017-04-19,DEB,Amazon UK Marketpl,37.71,,16959.4,Amazon,Swansea,UK,37.71,debit
5128,2017-04-19,DEB,Amazon UK Marketpl,5.8,,16997.11,Amazon,Swansea,UK,5.8,debit
5129,2017-04-19,DEB,Amazon UK Marketpl,5.75,,17002.91,Amazon,Swansea,UK,5.75,debit
5130,2017-04-19,CPT,LNK LIFESTYLE EXPR,250.0,,17008.66,Cash,Leicester,UK,250.0,debit
5131,2017-04-19,CPT,LNK UNI - UNIVERSI,40.0,,17258.66,Cash,Swansea,UK,40.0,debit
5132,2017-04-19,DD,O2,31.13,,17298.66,Other Shopping,Swansea,UK,31.13,debit
5133,2017-04-19,BP,SAVE THE CHANGE,0.77,,17329.79,Savings,Swansea,UK,0.77,debit
5134,2017-04-18,DEB,AMAZON UK RETAIL A,3.99,,17330.56,Amazon,Swansea,UK,3.99,debit
5135,2017-04-18,DEB,Amazon UK Marketpl,3.24,,17334.55,Amazon,Swansea,UK,3.24,debit
5136,2017-04-18,BGC,SWANSEA UNIVERSITY,,151.28,17337.79,Supplementary Income,Swansea,UK,151.28,credit
5137,2017-04-18,CPT,LNK SALUBRIOUS PLA,40.0,,17186.51,Cash,Unknown,Unknown,40.0,debit
5138,2017-04-13,CPT,LNK UNI - UNIVERSI,80.0,,17226.51,Cash,Swansea,UK,80.0,debit
5139,2017-04-13,BP,SAVE THE CHANGE,0.45,,17306.51,Savings,Swansea,UK,0.45,debit
5140,2017-12-04,DEB,Amazon UK Marketpl,13.93,,17306.96,Amazon,Swansea,UK,13.93,debit
5141,2017-12-04,DEB,Amazon UK Marketpl,6.62,,17320.89,Amazon,Swansea,UK,6.62,debit
5142,2017-12-04,BP,SAVE THE CHANGE,0.91,,17327.51,Savings,Swansea,UK,0.91,debit
5143,2017-11-04,DEB,Amazon UK Marketpl,11.09,,17328.42,Amazon,Swansea,UK,11.09,debit
5144,2017-11-04,BP,SAVE THE CHANGE,0.67,,17339.51,Savings,Swansea,UK,0.67,debit
5145,2017-10-04,DEB,JS ONLINE GROCERY,315.35,,17340.18,Groceries,Swansea,UK,315.35,debit
5146,2017-10-04,DEB,Amazon UK Marketpl,10.98,,17655.53,Amazon,Swansea,UK,10.98,debit
5147,2017-10-04,DD,LV LIFE,37.12,,17666.51,Insurance,Swansea,UK,37.12,debit
5148,2017-07-04,CPT,LNK UNI - UNIVERSI,40.0,,17703.63,Cash,Swansea,UK,40.0,debit
5149,2017-07-04,BP,SAVE THE CHANGE,0.75,,17743.63,Savings,Swansea,UK,0.75,debit
5150,2017-06-04,DEB,WATSON & PRATTS,138.25,,17744.38,Groceries ,Lampeter,UK,138.25,debit
5151,2017-05-04,CPT,LNK UNI - UNIVERSI,50.0,,17882.63,Cash,Swansea,UK,50.0,debit
5152,2017-05-04,BP,SAVE THE CHANGE,0.04,,17932.63,Savings,Swansea,UK,0.04,debit
5153,2017-04-04,DEB,AMAZON UK RETAIL A,104.98,,17932.67,Amazon,Swansea,UK,104.98,debit
5154,2017-04-04,DEB,Amazon UK Marketpl,17.98,,18037.65,Amazon,Swansea,UK,17.98,debit
5155,2017-04-04,BP,SAVE THE CHANGE,0.12,,18055.63,Savings,Swansea,UK,0.12,debit
5156,2017-03-04,FEE,ACCOUNT FEE,9.95,,18055.75,Bills,Swansea,UK,9.95,debit
5157,2017-03-04,DEB,Amazon UK Marketpl,15.99,,18065.7,Amazon,Swansea,UK,15.99,debit
5158,2017-03-04,DEB,Amazon UK Marketpl,9.99,,18081.69,Amazon,Swansea,UK,9.99,debit
5159,2017-03-04,DEB,AMAZON UK RETAIL A,35.9,,18091.68,Amazon,Swansea,UK,35.9,debit
5160,2017-03-04,DD,NATWEST BANK,828.49,,18127.58,Mortgage,Swansea,UK,828.49,debit
5161,2017-03-04,DD,CC SWANSEA C.TAX,177.49,,18956.07,Bills,Swansea,UK,177.49,debit
5162,2017-03-04,DD,GOOD ENERGY LTD,85.0,,19133.56,Bills,Swansea,UK,85.0,debit
5163,2017-03-04,DD,ASSURANT INTER LTD,39.74,,19218.56,Insurance,Swansea,UK,39.74,debit
5164,2017-03-04,DD,DWR CYMRU W WATER,32.5,,19258.3,Bills,Swansea,UK,32.5,debit
5165,2017-03-04,DD,TV LICENCE MBP,12.12,,19290.8,Bills,Swansea,UK,12.12,debit
5166,2017-03-04,SO,ESAVINGS ACCOUNT,300.0,,19302.92,Savings,Swansea,UK,300.0,debit
5167,2017-03-31,DEB,NON-STG CASH FEE,2.0,,19602.92,Others,Swansea,UK,2.0,debit
5168,2017-03-31,DEB,NON-STG TRANS FEE,2.47,,19604.92,Others,Swansea,UK,2.47,debit
5169,2017-03-31,DEB,TETOUAN MHANNEC,82.74,,19607.39,Services,Swansea,UK,82.74,debit
5170,2017-03-31,DD,UCU B ACCOUNT,22.7,,19690.13,Others,Swansea,UK,22.7,debit
5171,2017-03-31,DEB,NON-STG CASH FEE,2.0,,19712.83,Others,Swansea,UK,2.0,debit
5172,2017-03-31,DEB,NON-STG TRANS FEE,2.47,,19714.83,Others,Swansea,UK,2.47,debit
5173,2017-03-31,DEB,CASA AEREPORT M,82.69,,19717.3,Travel,Casablanca,Morocco,82.69,debit
5174,2017-03-31,BP,SAVE THE CHANGE,0.03,,19799.99,Savings,Swansea,UK,0.03,debit
5175,2017-03-31,BGC,SWANSEA UNI - PAY,,3112.59,19800.02,Paycheck,Swansea,UK,3112.59,credit
5176,2017-03-30,DEB,Amazon UK Marketpl,1.97,,16687.43,Amazon,Swansea,UK,1.97,debit
5177,2017-03-28,BP,SAVE THE CHANGE,0.01,,16689.4,Savings,Swansea,UK,0.01,debit
5178,2017-03-27,DEB,Amazon UK Marketpl,26.99,,16689.41,Amazon,Swansea,UK,26.99,debit
5179,2017-03-27,DEB,Amazon UK Marketpl,6.0,,16716.4,Amazon,Swansea,UK,6.0,debit
5180,2017-03-27,BP,SAVE THE CHANGE,0.68,,16722.4,Savings,Swansea,UK,0.68,debit
5181,2017-03-24,DEB,Amazon UK Retail,9.9,,16723.08,Amazon,Swansea,UK,9.9,debit
5182,2017-03-24,DEB,AMAZON UK RETAIL A,9.42,,16732.98,Amazon,Swansea,UK,9.42,debit
5183,2017-03-24,BP,SAVE THE CHANGE,0.3,,16742.4,Savings,Swansea,UK,0.3,debit
5184,2017-03-23,CPT,LOYD TALIESIN BUIL,100.0,,16742.7,Cash,Unknown,Unknown,100.0,debit
5185,2017-03-23,DEB,AMAZON UK RETAIL A,35.7,,16842.7,Amazon,Swansea,UK,35.7,debit
5186,2017-03-23,BP,SAVE THE CHANGE,0.21,,16878.4,Savings,Swansea,UK,0.21,debit
5187,2017-03-22,DEB,Amazon UK Retail,4.79,,16878.61,Amazon,Swansea,UK,4.79,debit
5188,2017-03-22,CPT,LNK UNI - UNIVERSI,100.0,,16883.4,Cash,Swansea,UK,100.0,debit
5189,2017-03-22,DD,CORGI HOMEPLAN CA,19.5,,16983.4,Home Improvement,Swansea,UK,19.5,debit
5190,2017-03-21,CPT,LNK UNI - UNIVERSI,50.0,,17002.9,Cash,Swansea,UK,50.0,debit
5191,2017-03-21,DD,VIRGIN MEDIA PYMTS,31.48,,17052.9,Bills,Nottingham,UK,31.48,debit
5192,2017-03-21,BP,SAVE THE CHANGE,1.84,,17084.38,Savings,Swansea,UK,1.84,debit
5193,2017-03-20,DEB,AMAZON UK RETAIL A,93.73,,17086.22,Amazon,Swansea,UK,93.73,debit
5194,2017-03-20,DEB,IKEA ONLINE,82.5,,17179.95,Other Shopping,Unknown,Unknown,82.5,debit
5195,2017-03-20,DEB,Amazon UK Retail,8.97,,17262.45,Amazon,Swansea,UK,8.97,debit
5196,2017-03-20,DEB,GWR WEBSALES,112.7,,17271.42,Travel,Unknown,Unknown,112.7,debit
5197,2017-03-20,DEB,Amazon UK Marketpl,5.26,,17384.12,Amazon,Swansea,UK,5.26,debit
5198,2017-03-17,DEB,AMZ*MokenEye-UK,,35.99,17389.38,Supplementary Income,Swansea,UK,35.99,credit
5199,2017-03-17,CPT,LNK UNI - UNIVERSI,30.0,,17353.39,Cash,Swansea,UK,30.0,debit
5200,2017-03-17,BP,SAVE THE CHANGE,0.75,,17383.39,Savings,Swansea,UK,0.75,debit
5201,2017-03-16,DEB,AMAZON.CO.UK,7.25,,17384.14,Amazon,Swansea,UK,7.25,debit
5202,2017-03-16,CPT,LNK UNI - UNIVERSI,50.0,,17391.39,Cash,Swansea,UK,50.0,debit
5203,2017-03-16,DD,O2,16.83,,17441.39,Other Shopping,Swansea,UK,16.83,debit
5204,2017-03-16,BP,SAVE THE CHANGE,0.54,,17458.22,Savings,Swansea,UK,0.54,debit
5205,2017-03-15,DEB,Amazon UK Marketpl,3.46,,17458.76,Amazon,Swansea,UK,3.46,debit
5206,2017-03-15,BP,SAVE THE CHANGE,1.94,,17462.22,Savings,Swansea,UK,1.94,debit
5207,2017-03-14,DEB,Amazon UK Marketpl,12.86,,17464.16,Amazon,Swansea,UK,12.86,debit
5208,2017-03-14,DEB,Amazon UK Marketpl,10.05,,17477.02,Amazon,Swansea,UK,10.05,debit
5209,2017-03-14,DEB,NON-STG PURCH FEE,1.0,,17487.07,Others,Swansea,UK,1.0,debit
5210,2017-03-14,DEB,NON-STG TRANS FEE,8.67,,17488.07,Others,Swansea,UK,8.67,debit
5211,2017-03-14,DEB,AIRMARO G.B I,290.15,,17496.74,Travel,Unknown,Unknown,290.15,debit
5212,2017-03-14,BP,SAVE THE CHANGE,0.6,,17786.89,Savings,Swansea,UK,0.6,debit
5213,2017-03-13,DEB,ARRIVA TRAINS WALE,22.4,,17787.49,Travel,Unknown,Unknown,22.4,debit
5214,2017-03-13,CPT,LNK ARRIVA TRAINS,80.0,,17809.89,Cash,Unknown,Unknown,80.0,debit
5215,2017-10-03,DEB,AMAZON UK PRIME AM,79.0,,17889.89,Amazon,Swansea,UK,79.0,debit
5216,2017-10-03,CPT,LNK UNI - UNIVERSI,60.0,,17968.89,Cash,Swansea,UK,60.0,debit
5217,2017-10-03,BP,SAVE THE CHANGE,0.97,,18028.89,Savings,Swansea,UK,0.97,debit
5218,2017-09-03,DEB,Amazon UK Marketpl,20.03,,18029.86,Amazon,Swansea,UK,20.03,debit
5219,2017-09-03,BP,SAVE THE CHANGE,0.17,,18049.89,Savings,Swansea,UK,0.17,debit
5220,2017-08-03,DEB,AMAZON UK RETAIL A,5.83,,18050.06,Amazon,Swansea,UK,5.83,debit
5221,2017-08-03,CPT,LNK UNI - UNIVERSI,30.0,,18055.89,Cash,Swansea,UK,30.0,debit
5222,2017-08-03,DD,LV LIFE,37.12,,18085.89,Insurance,Swansea,UK,37.12,debit
5223,2017-07-03,BP,SAVE THE CHANGE,2.05,,18123.01,Savings,Swansea,UK,2.05,debit
5224,2017-06-03,DEB,Amazon UK Marketpl,35.99,,18125.06,Amazon,Swansea,UK,35.99,debit
5225,2017-06-03,DEB,ARRIVA TRAINS WALE,95.3,,18161.05,Travel,Unknown,Unknown,95.3,debit
5226,2017-06-03,DEB,ASHA'S,42.2,,18256.35,Dine Out,Unknown,Unknown,42.2,debit
5227,2017-06-03,DEB,Amazon UK Marketpl,10.88,,18298.55,Amazon,Swansea,UK,10.88,debit
5228,2017-06-03,DEB,WASABI BIRMINGHAM,10.58,,18309.43,Dine Out,Birmingham,UK,10.58,debit
5229,2017-06-03,CPT,LNK UNI - UNIVERSI,50.0,,18320.01,Cash,Swansea,UK,50.0,debit
5230,2017-06-03,BP,SAVE THE CHANGE,0.75,,18370.01,Savings,Swansea,UK,0.75,debit
5231,2017-03-03,DEB,Amazon UK Marketpl,20.79,,18370.76,Amazon,Swansea,UK,20.79,debit
5232,2017-03-03,DEB,Amazon UK Marketpl,5.46,,18391.55,Amazon,Swansea,UK,5.46,debit
5233,2017-03-03,DD,ASSURANT INTER LTD,39.74,,18397.01,Savings,Swansea,UK,39.74,debit
5234,2017-02-03,CPT,LNK UNI - UNIVERSI,50.0,,18436.75,Cash,Swansea,UK,50.0,debit
5235,2017-02-03,BP,SAVE THE CHANGE,0.63,,18486.75,Savings,Swansea,UK,0.63,debit
5236,2017-01-03,FEE,ACCOUNT FEE,9.95,,18487.38,Bills,Swansea,UK,9.95,debit
5237,2017-01-03,DEB,Amazon UK Marketpl,8.38,,18497.33,Amazon,Swansea,UK,8.38,debit
5238,2017-01-03,DEB,AMAZON UK RETAIL A,3.99,,18505.71,Amazon,Swansea,UK,3.99,debit
5239,2017-01-03,DD,NATWEST BANK,828.49,,18509.7,Mortgage,Swansea,UK,828.49,debit
5240,2017-01-03,DD,GOOD ENERGY LTD,85.0,,19338.19,Bills,Swansea,UK,85.0,debit
5241,2017-01-03,DD,DWR CYMRU W WATER,32.5,,19423.19,Bills,Swansea,UK,32.5,debit
5242,2017-01-03,DD,TV LICENCE MBP,12.12,,19455.69,Bills,Swansea,UK,12.12,debit
5243,2017-01-03,SO,ESAVINGS ACCOUNT,300.0,,19467.81,Savings,Swansea,UK,300.0,debit
5244,2017-02-28,CPT,LNK UNI - UNIVERSI,50.0,,19767.81,Cash,Swansea,UK,50.0,debit
5245,2017-02-28,DD,UCU B ACCOUNT,22.7,,19817.81,Others,Swansea,UK,22.7,debit
5246,2017-02-28,BP,SAVE THE CHANGE,0.98,,19840.51,Savings,Swansea,UK,0.98,debit
5247,2017-02-28,BGC,SWANSEA UNI - PAY,,3112.59,19841.49,Paycheck,Swansea,UK,3112.59,credit
5248,2017-02-27,DEB,AMAZON UK RETAIL A,26.02,,16728.9,Amazon,Swansea,UK,26.02,debit
5249,2017-02-24,CPT,LNK UNI - UNIVERSI,50.0,,16754.92,Cash,Swansea,UK,50.0,debit
5250,2017-02-23,BP,SAVE THE CHANGE,0.54,,16804.92,Savings,Swansea,UK,0.54,debit
5251,2017-02-22,DEB,Amazon UK Marketpl,26.46,,16805.46,Amazon,Swansea,UK,26.46,debit
5252,2017-02-22,DD,CORGI HOMEPLAN CA,19.5,,16831.92,Home Improvement,Swansea,UK,19.5,debit
5253,2017-02-22,BP,SAVE THE CHANGE,0.38,,16851.42,Savings,Swansea,UK,0.38,debit
5254,2017-02-21,DEB,Amazon UK Marketpl,3.63,,16851.8,Amazon,Swansea,UK,3.63,debit
5255,2017-02-21,DEB,AMAZON UK RETAIL A,9.99,,16855.43,Amazon,Swansea,UK,9.99,debit
5256,2017-02-21,CPT,LNK UNI - UNIVERSI,50.0,,16865.42,Cash,Swansea,UK,50.0,debit
5257,2017-02-21,DD,VIRGIN MEDIA PYMTS,31.48,,16915.42,Bills,Nottingham,UK,31.48,debit
5258,2017-02-21,BP,SAVE THE CHANGE,0.02,,16946.9,Savings,Swansea,UK,0.02,debit
5259,2017-02-20,DEB,Amazon UK Marketpl,7.98,,16946.92,Amazon,Swansea,UK,7.98,debit
5260,2017-02-17,CPT,LNK UNI - UNIVERSI,40.0,,16954.9,Cash,Swansea,UK,40.0,debit
5261,2017-02-17,CHQ,51,156.0,,16994.9,Cash,Unknown,Unknown,156.0,debit
5262,2017-02-17,BP,SAVE THE CHANGE,0.94,,17150.9,Savings,Swansea,UK,0.94,debit
5263,2017-02-16,DEB,Amazon UK Marketpl,7.82,,17151.84,Amazon,Swansea,UK,7.82,debit
5264,2017-02-16,DEB,Amazon UK Marketpl,3.24,,17159.66,Amazon,Swansea,UK,3.24,debit
5265,2017-02-16,DD,O2,16.83,,17162.9,Other Shopping,Swansea,UK,16.83,debit
5266,2017-02-15,CPT,LNK UNI - UNIVERSI,40.0,,17179.73,Cash,Swansea,UK,40.0,debit
5267,2017-02-13,CPT,LNK UNI - UNIVERSI,50.0,,17219.73,Cash,Swansea,UK,50.0,debit
5268,2017-02-13,BP,SAVE THE CHANGE,1.35,,17269.73,Savings,Swansea,UK,1.35,debit
5269,2017-10-02,DEB,WWW.ORGANICFRESHFO,122.58,,17271.08,Groceries,Swansea,UK,122.58,debit
5270,2017-10-02,DEB,Amazon UK Marketpl,12.07,,17393.66,Amazon,Swansea,UK,12.07,debit
5271,2017-10-02,CPT,LNK UNI - UNIVERSI,30.0,,17405.73,Cash,Swansea,UK,30.0,debit
5272,2017-10-02,BP,SAVE THE CHANGE,0.45,,17435.73,Savings,Swansea,UK,0.45,debit
5273,2017-09-02,DEB,Amazon UK Marketpl,8.55,,17436.18,Amazon,Swansea,UK,8.55,debit
5274,2017-08-02,CPT,LNK UNI - UNIVERSI,40.0,,17444.73,Cash,Swansea,UK,40.0,debit
5275,2017-08-02,DD,LV LIFE,37.12,,17484.73,Insurance,Swansea,UK,37.12,debit
5276,2017-07-02,CPT,LNK UNI - UNIVERSI,50.0,,17521.85,Cash,Swansea,UK,50.0,debit
5277,2017-07-02,BP,SAVE THE CHANGE,0.59,,17571.85,Savings,Swansea,UK,0.59,debit
5278,2017-06-02,DEB,Amazon UK Marketpl,4.41,,17572.44,Amazon,Swansea,UK,4.41,debit
5279,2017-06-02,DEB,Amazon UK Marketpl,6.0,,17576.85,Amazon,Swansea,UK,6.0,debit
5280,2017-03-02,CPT,LNK UNI - UNIVERSI,30.0,,17582.85,Cash,Swansea,UK,30.0,debit
5281,2017-03-02,DD,GOOD ENERGY LTD,85.0,,17612.85,Bills,Swansea,UK,85.0,debit
5282,2017-03-02,DD,ASSURANT INTER LTD,39.74,,17697.85,Insurance,Swansea,UK,39.74,debit
5283,2017-03-02,BP,SAVE THE CHANGE,0.49,,17737.59,Savings,Swansea,UK,0.49,debit
5284,2017-02-02,DEB,Amazon UK Marketpl,17.99,,17738.08,Amazon,Swansea,UK,17.99,debit
5285,2017-02-02,DEB,Amazon UK Marketpl,16.52,,17756.07,Amazon,Swansea,UK,16.52,debit
5286,2017-02-02,CPT,LNK UNI - UNIVERSI,50.0,,17772.59,Cash,Swansea,UK,50.0,debit
5287,2017-01-02,FEE,ACCOUNT FEE,9.95,,17822.59,Bills,Swansea,UK,9.95,debit
5288,2017-01-02,DD,NATWEST BANK,828.49,,17832.54,Mortgage,Swansea,UK,828.49,debit
5289,2017-01-02,DD,DWR CYMRU W WATER,32.5,,18661.03,Bills,Swansea,UK,32.5,debit
5290,2017-01-02,DD,TV LICENCE MBP,12.12,,18693.53,Bills,Swansea,UK,12.12,debit
5291,2017-01-02,SO,ESAVINGS ACCOUNT,300.0,,18705.65,Savings,Swansea,UK,300.0,debit
5292,2017-01-02,BP,SAVE THE CHANGE,0.01,,19005.65,Savings,Swansea,UK,0.01,debit
5293,2017-01-31,DEB,Amazon UK Marketpl,4.99,,19005.66,Amazon,Swansea,UK,4.99,debit
5294,2017-01-31,CPT,LNK UNI - UNIVERSI,50.0,,19010.65,Cash,Swansea,UK,50.0,debit
5295,2017-01-31,DD,UCU B ACCOUNT,22.7,,19060.65,Others,Swansea,UK,22.7,debit
5296,2017-01-31,BP,SAVE THE CHANGE,0.73,,19083.35,Savings,Swansea,UK,0.73,debit
5297,2017-01-31,BGC,SWANSEA UNI - PAY,,3113.0,19084.08,Paycheck,Swansea,UK,3113.0,credit
5298,2017-01-30,DEB,Amazon UK Marketpl,1.27,,15971.08,Amazon,Swansea,UK,1.27,debit
5299,2017-01-30,BP,SAVE THE CHANGE,2.02,,15972.35,Savings,Swansea,UK,2.02,debit
5300,2017-01-27,DEB,JS ONLINE GROCERY,210.85,,15974.37,Groceries,Swansea,UK,210.85,debit
5301,2017-01-27,DEB,Amazon UK Marketpl,20.03,,16185.22,Amazon,Swansea,UK,20.03,debit
5302,2017-01-27,DEB,Amazon UK Marketpl,5.4,,16205.25,Amazon,Swansea,UK,5.4,debit
5303,2017-01-27,DEB,Amazon UK Retail,2.7,,16210.65,Amazon,Swansea,UK,2.7,debit
5304,2017-01-27,CPT,LNK THE KINGSWAY,60.0,,16213.35,Cash,Unknown,Unknown,60.0,debit
5305,2017-01-27,BGC,SWANSEA UNIVERSITY,,168.35,16273.35,Supplementary Income,Swansea,UK,168.35,credit
5306,2017-01-25,FPO,JOHN DEMISA,81.0,,16105.0,Services,Swansea,UK,81.0,debit
5307,2017-01-25,CPT,LNK UNI - UNIVERSI,50.0,,16186.0,Cash,Swansea,UK,50.0,debit
5308,2017-01-25,BP,SAVE THE CHANGE,0.05,,16236.0,Savings,Swansea,UK,0.05,debit
5309,2017-01-24,DEB,TICKETS 0871220026,174.0,,16236.05,Travel,Unknown,Unknown,174.0,debit
5310,2017-01-24,DEB,Amazon UK Marketpl,15.95,,16410.05,Amazon,Swansea,UK,15.95,debit
5311,2017-01-24,BP,SAVE THE CHANGE,0.73,,16426.0,Savings,Swansea,UK,0.73,debit
5312,2017-01-23,DEB,ODEON,20.0,,16426.73,Entertainment,Unknown,Unknown,20.0,debit
5313,2017-01-23,DEB,Amazon UK Marketpl,1.27,,16446.73,Amazon,Swansea,UK,1.27,debit
5314,2017-01-23,CPT,LNK UNI - UNIVERSI,60.0,,16448.0,Cash,Swansea,UK,60.0,debit
5315,2017-01-23,DD,VIRGIN MEDIA PYMTS,31.48,,16508.0,Bills,Nottingham,UK,31.48,debit
5316,2017-01-23,DD,CORGI HOMEPLAN CA,19.5,,16539.48,Home Improvement,Swansea,UK,19.5,debit
5317,2017-01-20,CPT,LNK UNI - UNIVERSI,60.0,,16558.98,Cash,Swansea,UK,60.0,debit
5318,2017-01-17,CPT,LNK UNI - UNIVERSI,60.0,,16618.98,Cash,Swansea,UK,60.0,debit
5319,2017-01-17,BP,SAVE THE CHANGE,0.01,,16678.98,Savings,Swansea,UK,0.01,debit
5320,2017-01-16,DEB,Amazon UK Marketpl,11.99,,16678.99,Amazon,Swansea,UK,11.99,debit
5321,2017-01-16,DD,O2,18.82,,16690.98,Other Shopping,Swansea,UK,18.82,debit
5322,2017-01-13,CPT,LNK UNI - UNIVERSI,50.0,,16709.8,Cash,Swansea,UK,50.0,debit
5323,2017-01-13,BP,SAVE THE CHANGE,0.93,,16759.8,Savings,Swansea,UK,0.93,debit
5324,2017-12-01,DEB,Amazon UK Marketpl,12.07,,16760.73,Amazon,Swansea,UK,12.07,debit
5325,2017-11-01,BP,SAVE THE CHANGE,0.22,,16772.8,Savings,Swansea,UK,0.22,debit
5326,2017-10-01,DEB,Amazon UK Marketpl,23.78,,16773.02,Amazon,Swansea,UK,23.78,debit
5327,2017-10-01,CPT,LNK UNI - UNIVERSI,50.0,,16796.8,Cash,Swansea,UK,50.0,debit
5328,2017-09-01,CPT,LNK UNI - UNIVERSI,30.0,,16846.8,Cash,Swansea,UK,30.0,debit
5329,2017-09-01,DD,LV LIFE,37.12,,16876.8,Insurance,Swansea,UK,37.12,debit
5330,2017-06-01,CPT,LNK UNI - UNIVERSI,50.0,,16913.92,Cash,Swansea,UK,50.0,debit
5331,2017-06-01,BP,SAVE THE CHANGE,0.58,,16963.92,Savings,Swansea,UK,0.58,debit
5332,2017-05-01,DEB,WWW.ORGANICFRESHFO,112.42,,16964.5,Groceries,Swansea,UK,112.42,debit
5333,2017-05-01,DEB,AMAZON UK RETAIL A,12.0,,17076.92,Amazon,Swansea,UK,12.0,debit
5334,2017-05-01,BP,SAVE THE CHANGE,0.69,,17088.92,Savings,Swansea,UK,0.69,debit
5335,2017-04-01,DEB,Amazon UK Marketpl,10.58,,17089.61,Amazon,Swansea,UK,10.58,debit
5336,2017-04-01,DEB,Amazon UK Marketpl,1.73,,17100.19,Amazon,Swansea,UK,1.73,debit
5337,2017-04-01,BP,SAVE THE CHANGE,1.42,,17101.92,Savings,Swansea,UK,1.42,debit
5338,2017-03-01,FEE,ACCOUNT FEE,9.95,,17103.34,Bills,Swansea,UK,9.95,debit
5339,2017-03-01,DEB,VUE BSL LTD,24.48,,17113.29,Entertainment,Unknown,Unknown,24.48,debit
5340,2017-03-01,DEB,AMAZON UK RETAIL A,8.1,,17137.77,Amazon,Swansea,UK,8.1,debit
5341,2017-03-01,DD,NATWEST BANK,828.49,,17145.87,Mortgage,Swansea,UK,828.49,debit
5342,2017-03-01,DD,CC SWANSEA C.TAX,233.0,,17974.36,Bills,Swansea,UK,233.0,debit
5343,2017-03-01,DD,GOOD ENERGY GAS,43.0,,18207.36,Bills,Swansea,UK,43.0,debit
5344,2017-03-01,DD,GOOD ENERGY LTD,42.0,,18250.36,Bills,Swansea,UK,42.0,debit
5345,2017-03-01,DD,ASSURANT INTER LTD,39.74,,18292.36,Insurance,Swansea,UK,39.74,debit
5346,2017-03-01,DD,DWR CYMRU W WATER,32.5,,18332.1,Bills,Swansea,UK,32.5,debit
5347,2017-03-01,DD,TV LICENCE MBP,12.12,,18364.6,Bills,Swansea,UK,12.12,debit
5348,2017-03-01,SO,ESAVINGS ACCOUNT,300.0,,18376.72,Savings,Swansea,UK,300.0,debit
5349,2017-03-01,CPT,LNK SWANSEA WIND S,50.0,,18676.72,Cash,Swansea,UK,50.0,debit
5350,2016-12-30,DD,UCU B ACCOUNT,22.7,,18726.72,Others,Swansea,UK,22.7,debit
5351,2016-12-29,BP,SAVE THE CHANGE,0.05,,18749.42,Savings,Swansea,UK,0.05,debit
5352,2016-12-28,DEB,Amazon UK Marketpl,139.95,,18749.47,Amazon,Swansea,UK,139.95,debit
5353,2016-12-28,FPI,MARIANA MILLS,,250.0,18889.42,Supplementary Income,Swansea,UK,250.0,credit
5354,2016-12-22,DD,CORGI HOMEPLAN CA,19.5,,18639.42,Home Improvement,Swansea,UK,19.5,debit
5355,2016-12-22,BP,SAVE THE CHANGE,0.4,,18658.92,Savings,Swansea,UK,0.4,debit
5356,2016-12-22,BGC,SWANSEA UNIVERSITY,,1048.42,18659.32,Supplementary Income,Swansea,UK,1048.42,credit
5357,2016-12-21,DEB,ARRIVA TRAINS WALE,72.6,,17610.9,Travel,Unknown,Unknown,72.6,debit
5358,2016-12-21,DD,VIRGIN MEDIA PYMTS,31.48,,17683.5,Bills,Nottingham,UK,31.48,debit
5359,2016-12-21,BP,SAVE THE CHANGE,1.18,,17714.98,Savings,Swansea,UK,1.18,debit
5360,2016-12-20,DEB,POST OFFICE COUNTE,4.84,,17716.16,Others,Swansea,UK,4.84,debit
5361,2016-12-20,DEB,Amazon UK Marketpl,4.29,,17721.0,Amazon,Swansea,UK,4.29,debit
5362,2016-12-20,DEB,Amazon UK Marketpl,2.69,,17725.29,Amazon,Swansea,UK,2.69,debit
5363,2016-12-20,BP,SAVE THE CHANGE,0.54,,17727.98,Savings,Swansea,UK,0.54,debit
5364,2016-12-19,DEB,Amazon UK Marketpl,26.46,,17728.52,Amazon,Swansea,UK,26.46,debit
5365,2016-12-19,CPT,LNK UNI - UNIVERSI,100.0,,17754.98,Cash,Swansea,UK,100.0,debit
5366,2016-12-19,BP,SAVE THE CHANGE,0.28,,17854.98,Savings,Swansea,UK,0.28,debit
5367,2016-12-19,BGC,SWANSEA UNI - PAY,,3112.59,17855.26,Paycheck,Swansea,UK,3112.59,credit
5368,2016-12-16,DEB,AMAZON UK RETAIL A,9.72,,14742.67,Amazon,Swansea,UK,9.72,debit
5369,2016-12-16,CPT,LNK UNI - UNIVERSI,50.0,,14752.39,Cash,Swansea,UK,50.0,debit
5370,2016-12-16,DD,O2,17.41,,14802.39,Other Shopping,Swansea,UK,17.41,debit
5371,2016-12-16,BP,SAVE THE CHANGE,0.85,,14819.8,Savings,Swansea,UK,0.85,debit
5372,2016-12-15,DEB,Amazon UK Marketpl,16.15,,14820.65,Amazon,Swansea,UK,16.15,debit
5373,2016-12-14,BP,SAVE THE CHANGE,0.37,,14836.8,Savings,Swansea,UK,0.37,debit
5374,2016-12-13,DEB,Amazon UK Marketpl,3.63,,14837.17,Amazon,Swansea,UK,3.63,debit
5375,2016-12-13,FPI,MARIANA MILLS,,300.0,14840.8,Supplementary Income,Swansea,UK,300.0,credit
5376,2016-12-13,CPT,LNK UNI - UNIVERSI,50.0,,14540.8,Cash,Swansea,UK,50.0,debit
5377,2016-12-13,BP,SAVE THE CHANGE,0.87,,14590.8,Savings,Swansea,UK,0.87,debit
5378,2016-12-12,DEB,Amazon UK Retail,13.79,,14591.67,Amazon,Swansea,UK,13.79,debit
5379,2016-12-12,DEB,Amazon UK Marketpl,3.45,,14605.46,Amazon,Swansea,UK,3.45,debit
5380,2016-12-12,DEB,AMAZON UK RETAIL A,9.99,,14608.91,Amazon,Swansea,UK,9.99,debit
5381,2016-12-12,DEB,Amazon UK Retail,9.9,,14618.9,Amazon,Swansea,UK,9.9,debit
5382,2016-09-12,CPT,LOYD TALIESIN BUIL,50.0,,14628.8,Cash,Unknown,Unknown,50.0,debit
5383,2016-09-12,DD,LV LIFE,37.12,,14678.8,Insurance,Swansea,UK,37.12,debit
5384,2016-09-12,BP,SAVE THE CHANGE,0.97,,14715.92,Savings,Swansea,UK,0.97,debit
5385,2016-08-12,DEB,Amazon UK Marketpl,20.03,,14716.89,Amazon,Swansea,UK,20.03,debit
5386,2016-08-12,DEB,AMAZON UK RETAIL A,,7.0,14736.92,Supplementary Income,Swansea,UK,7.0,credit
5387,2016-07-12,CPT,LNK UNI - UNIVERSI,40.0,,14729.92,Cash,Swansea,UK,40.0,debit
5388,2016-07-12,BP,SAVE THE CHANGE,1.39,,14769.92,Savings,Swansea,UK,1.39,debit
5389,2016-06-12,DEB,AMAZON UK RETAIL A,88.9,,14771.31,Amazon,Swansea,UK,88.9,debit
5390,2016-06-12,DEB,AMAZON MKTPLACE PM,29.34,,14860.21,Amazon,Swansea,UK,29.34,debit
5391,2016-06-12,DEB,AMAZON.DE PAYMENTS,16.56,,14889.55,Amazon,Swansea,UK,16.56,debit
5392,2016-06-12,DEB,AMAZON MKTPLACE PM,7.81,,14906.11,Amazon,Swansea,UK,7.81,debit
5393,2016-06-12,CPT,LNK UNI - UNIVERSI,40.0,,14913.92,Cash,Swansea,UK,40.0,debit
5394,2016-05-12,DD,ASSURANT INTER LTD,39.74,,14953.92,Insurance,Swansea,UK,39.74,debit
5395,2016-05-12,BP,SAVE THE CHANGE,0.56,,14993.66,Savings,Swansea,UK,0.56,debit
5396,2016-02-12,DEB,Amazon *Mktplce EU,96.95,,14994.22,Amazon,Swansea,UK,96.95,debit
5397,2016-02-12,DEB,Amazon UK Marketpl,18.49,,15091.17,Amazon,Swansea,UK,18.49,debit
5398,2016-02-12,CPT,LNK UNI - UNIVERSI,50.0,,15109.66,Cash,Swansea,UK,50.0,debit
5399,2016-01-12,FEE,ACCOUNT FEE,9.95,,15159.66,Bills,Swansea,UK,9.95,debit
5400,2016-01-12,DD,NATWEST BANK,828.49,,15169.61,Mortgage,Swansea,UK,828.49,debit
5401,2016-01-12,DD,CC SWANSEA C.TAX,233.0,,15998.1,Bills,Swansea,UK,233.0,debit
5402,2016-01-12,DD,GOOD ENERGY GAS,43.0,,16231.1,Bills,Swansea,UK,43.0,debit
5403,2016-01-12,DD,GOOD ENERGY LTD,42.0,,16274.1,Bills,Swansea,UK,42.0,debit
5404,2016-01-12,DD,DWR CYMRU W WATER,32.5,,16316.1,Bills,Swansea,UK,32.5,debit
5405,2016-01-12,DD,TV LICENCE MBP,12.18,,16348.6,Bills,Swansea,UK,12.18,debit
5406,2016-01-12,SO,ESAVINGS ACCOUNT,300.0,,16360.78,Savings,Swansea,UK,300.0,debit
5407,2016-01-12,BP,SAVE THE CHANGE,0.6,,16660.78,Savings,Swansea,UK,0.6,debit
5408,2016-11-30,DEB,ARRIVA TRAINS WALE,56.4,,16661.38,Travel,Unknown,Unknown,56.4,debit
5409,2016-11-30,DD,UCU B ACCOUNT,22.7,,16717.78,Others,Swansea,UK,22.7,debit
5410,2016-11-30,BP,SAVE THE CHANGE,0.6,,16740.48,Savings,Swansea,UK,0.6,debit
5411,2016-11-30,BGC,SWANSEA UNI - PAY,,3112.59,16741.08,Paycheck,Swansea,UK,3112.59,credit
5412,2016-11-29,CPT,LNK ARRIVA TRAINS,80.0,,13628.49,Cash,Unknown,Unknown,80.0,debit
5413,2016-11-29,DEB,ARRIVA TRAINS WALE,56.4,,13708.49,Travel,Unknown,Unknown,56.4,debit
5414,2016-11-29,BP,SAVE THE CHANGE,0.1,,13764.89,Savings,Swansea,UK,0.1,debit
5415,2016-11-28,DEB,Amazon UK Marketpl,12.9,,13764.99,Amazon,Swansea,UK,12.9,debit
5416,2016-11-28,CPT,LNK ARRIVA TRAINS,80.0,,13777.89,Cash,Unknown,Unknown,80.0,debit
5417,2016-11-28,BP,SAVE THE CHANGE,0.35,,13857.89,Savings,Swansea,UK,0.35,debit
5418,2016-11-28,FPI,MARIANA MILLS,,25.0,13858.24,Supplementary Income,Swansea,UK,25.0,credit
5419,2016-11-25,DEB,JS ONLINE GROCERY,322.65,,13833.24,Groceries,Swansea,UK,322.65,debit
5420,2016-11-25,CPT,LNK UNI - UNIVERSI,50.0,,14155.89,Cash,Swansea,UK,50.0,debit
5421,2016-11-24,BP,SAVE THE CHANGE,0.02,,14205.89,Savings,Swansea,UK,0.02,debit
5422,2016-11-23,DEB,Amazon UK Marketpl,39.99,,14205.91,Amazon,Swansea,UK,39.99,debit
5423,2016-11-23,DEB,AMAZON UK RETAIL A,10.99,,14245.9,Amazon,Swansea,UK,10.99,debit
5424,2016-11-23,CPT,LNK UNI - UNIVERSI,50.0,,14256.89,Cash,Swansea,UK,50.0,debit
5425,2016-11-23,BP,SAVE THE CHANGE,1.58,,14306.89,Savings,Swansea,UK,1.58,debit
5426,2016-11-22,DEB,Amazon UK Marketpl,408.45,,14308.47,Amazon,Swansea,UK,408.45,debit
5427,2016-11-22,DEB,Amazon UK Marketpl,9.49,,14716.92,Amazon,Swansea,UK,9.49,debit
5428,2016-11-22,DEB,SUSU TRADING LTD,54.48,,14726.41,Home Improvement,Swansea,UK,54.48,debit
5429,2016-11-22,DD,CORGI HOMEPLAN CA,19.5,,14780.89,Home Improvement,Swansea,UK,19.5,debit
5430,2016-11-22,BP,SAVE THE CHANGE,0.86,,14800.39,Savings,Swansea,UK,0.86,debit
5431,2016-11-21,DEB,Amazon UK Marketpl,42.98,,14801.25,Amazon,Swansea,UK,42.98,debit
5432,2016-11-21,DEB,Amazon UK Marketpl,23.99,,14844.23,Amazon,Swansea,UK,23.99,debit
5433,2016-11-21,DEB,Amazon UK Marketpl,8.17,,14868.22,Amazon,Swansea,UK,8.17,debit
5434,2016-11-21,CPT,LNK UNI - UNIVERSI,50.0,,14876.39,Cash,Swansea,UK,50.0,debit
5435,2016-11-21,DD,VIRGIN MEDIA PYMTS,31.48,,14926.39,Bills,Nottingham,UK,31.48,debit
5436,2016-11-21,BP,SAVE THE CHANGE,0.05,,14957.87,Savings,Swansea,UK,0.05,debit
5437,2016-11-18,DEB,Amazon UK Marketpl,10.95,,14957.92,Amazon,Swansea,UK,10.95,debit
5438,2016-11-16,DD,O2,37.28,,14968.87,Other Shopping,Swansea,UK,37.28,debit
5439,2016-11-16,BP,SAVE THE CHANGE,1.52,,15006.15,Savings,Swansea,UK,1.52,debit
5440,2016-11-15,DEB,Amazon UK Marketpl,12.49,,15007.67,Amazon,Swansea,UK,12.49,debit
5441,2016-11-15,DEB,Amazon Svcs Europe,8.5,,15020.16,Amazon,Swansea,UK,8.5,debit
5442,2016-11-15,DEB,Amazon UK Marketpl,8.49,,15028.66,Amazon,Swansea,UK,8.49,debit
5443,2016-11-15,CPT,LNK UNI - UNIVERSI,50.0,,15037.15,Cash,Swansea,UK,50.0,debit
5444,2016-11-15,BP,SAVE THE CHANGE,0.01,,15087.15,Savings,Swansea,UK,0.01,debit
5445,2016-11-14,DEB,WWW.ALLBAMBOOLTD.C,102.0,,15087.16,Home Improvement,Swansea,UK,102.0,debit
5446,2016-11-14,DEB,Amazon UK Retail,5.99,,15189.16,Amazon,Swansea,UK,5.99,debit
5447,2016-11-14,FPI,MARIANA MILLS 13NOV16,,130.0,15195.15,Supplementary Income,Swansea,UK,130.0,credit
5448,2016-11-11,CPT,LOYD TALIESIN BUIL,50.0,,15065.15,Cash,Unknown,Unknown,50.0,debit
5449,2016-11-11,CHQ,47,320.0,,15115.15,Cash,Unknown,Unknown,320.0,debit
5450,2016-09-11,DD,LV LIFE,37.12,,15435.15,Insurance,Swansea,UK,37.12,debit
5451,2016-09-11,BP,SAVE THE CHANGE,1.04,,15472.27,Savings,Swansea,UK,1.04,debit
5452,2016-08-11,DEB,Amazon UK Retail,11.45,,15473.31,Amazon,Swansea,UK,11.45,debit
5453,2016-08-11,DEB,AMAZON MKTPLACE PM,6.51,,15484.76,Amazon,Swansea,UK,6.51,debit
5454,2016-08-11,CPT,LNK FULTON HOUSE,50.0,,15491.27,Cash,Swansea,UK,50.0,debit
5455,2016-08-11,BP,SAVE THE CHANGE,0.96,,15541.27,Savings,Swansea,UK,0.96,debit
5456,2016-07-11,DEB,Amazon Svcs Europe,14.04,,15542.23,Amazon,Swansea,UK,14.04,debit
5457,2016-07-11,BP,SAVE THE CHANGE,0.8,,15556.27,Savings,Swansea,UK,0.8,debit
5458,2016-04-11,DEB,SWANSEA UNI - CATE,4.2,,15557.07,Dine Out,Swansea,UK,4.2,debit
5459,2016-04-11,CPT,LOYD WALES UNIV SW,20.0,,15561.27,Cash,Swansea,UK,20.0,debit
5460,2016-03-11,CPT,LOYD WALES UNIV SW,50.0,,15581.27,Cash,Swansea,UK,50.0,debit
5461,2016-03-11,DD,ASSURANT INTER LTD,39.74,,15631.27,Insurance,Swansea,UK,39.74,debit
5462,2016-03-11,BP,SAVE THE CHANGE,0.44,,15671.01,Savings,Swansea,UK,0.44,debit
5463,2016-02-11,DEB,Amazon UK Marketpl,27.56,,15671.45,Amazon,Swansea,UK,27.56,debit
5464,2016-02-11,BP,SAVE THE CHANGE,0.78,,15699.01,Savings,Swansea,UK,0.78,debit
5465,2016-01-11,FEE,ACCOUNT FEE,9.95,,15699.79,Bills,Swansea,UK,9.95,debit
5466,2016-01-11,FPI,MARIANA MILLS,,250.0,15709.74,Supplementary Income,Swansea,UK,250.0,credit
5467,2016-01-11,DD,NATWEST BANK,828.49,,15459.74,Mortgage,Swansea,UK,828.49,debit
5468,2016-01-11,DD,CC SWANSEA C.TAX,233.0,,16288.23,Bills,Swansea,UK,233.0,debit
5469,2016-01-11,DD,GOOD ENERGY GAS,43.0,,16521.23,Bills,Swansea,UK,43.0,debit
5470,2016-01-11,DD,GOOD ENERGY LTD,42.0,,16564.23,Bills,Swansea,UK,42.0,debit
5471,2016-01-11,DD,DWR CYMRU W WATER,32.5,,16606.23,Bills,Swansea,UK,32.5,debit
5472,2016-01-11,DD,TV LICENCE MBP,12.12,,16638.73,Bills,Swansea,UK,12.12,debit
5473,2016-01-11,DEB,NON-STG PURCH FEE,1.0,,16650.85,Others,Swansea,UK,1.0,debit
5474,2016-01-11,DEB,NON-STG TRANS FEE,24.49,,16651.85,Others,Swansea,UK,24.49,debit
5475,2016-01-11,DEB,EMBASSY SUITES BAL,819.22,,16676.34,Travel,Baltimore,USA,819.22,debit
5476,2016-01-11,SO,ESAVINGS ACCOUNT,300.0,,17495.56,Savings,Swansea,UK,300.0,debit
5477,2016-10-31,CPT,LOYD WALES UNIV SW,50.0,,17795.56,Cash,Swansea,UK,50.0,debit
5478,2016-10-31,DD,UCU B ACCOUNT,22.7,,17845.56,Others,Swansea,UK,22.7,debit
5479,2016-10-31,BGC,SWANSEA UNI - PAY,,3166.96,17868.26,Paycheck,Swansea,UK,3166.96,credit
5480,2016-10-28,BP,SAVE THE CHANGE,0.06,,14701.3,Savings,Swansea,UK,0.06,debit
5481,2016-10-28,BGC,SWANSEA UNIVERSITY,,438.85,14701.36,Supplementary Income,Swansea,UK,438.85,credit
5482,2016-10-27,DEB,NON-STG PURCH FEE,1.0,,14262.51,Others,Swansea,UK,1.0,debit
5483,2016-10-27,DEB,NON-STG TRANS FEE,2.45,,14263.51,Others,Swansea,UK,2.45,debit
5484,2016-10-27,DEB,SUPREME AIRPORT SH,81.94,,14265.96,Travel,Unknown,Unknown,81.94,debit
5485,2016-10-25,BP,SAVE THE CHANGE,0.43,,14347.9,Savings,Swansea,UK,0.43,debit
5486,2016-10-24,DEB,Amazon UK Marketpl,13.57,,14348.33,Amazon,Swansea,UK,13.57,debit
5487,2016-10-24,DD,CORGI HOMEPLAN CA,19.5,,14361.9,Home Improvement,Swansea,UK,19.5,debit
5488,2016-10-24,BP,SAVE THE CHANGE,0.04,,14381.4,Savings,Swansea,UK,0.04,debit
5489,2016-10-24,BGC,SWANSEA UNIVERSITY,,335.33,14381.44,Supplementary Income,Swansea,UK,335.33,credit
5490,2016-10-21,DEB,EASYJET   ERB813,645.96,,14046.11,Travel,Unknown,Unknown,645.96,debit
5491,2016-10-21,CPT,LOYD WALES UNIV SW,70.0,,14692.07,Cash,Swansea,UK,70.0,debit
5492,2016-10-21,DD,VIRGIN MEDIA PYMTS,27.99,,14762.07,Bills,Nottingham,UK,27.99,debit
5493,2016-10-21,BP,SAVE THE CHANGE,0.02,,14790.06,Savings,Swansea,UK,0.02,debit
5494,2016-10-20,FPI,MARIANA MILLS,,340.0,14790.08,Supplementary Income,Swansea,UK,340.0,credit
5495,2016-10-20,DEB,Amazon UK Marketpl,10.98,,14450.08,Amazon,Swansea,UK,10.98,debit
5496,2016-10-20,CPT,LOYD WALES UNIV SW,80.0,,14461.06,Cash,Swansea,UK,80.0,debit
5497,2016-10-20,BP,SAVE THE CHANGE,0.94,,14541.06,Savings,Swansea,UK,0.94,debit
5498,2016-10-19,DEB,SUSU TRADING LTD,52.84,,14542.0,Home Improvement,Swansea,UK,52.84,debit
5499,2016-10-19,DEB,Amazon *Mktplce EU,11.22,,14594.84,Cash,Swansea,UK,11.22,debit
5500,2016-10-18,BP,SAVE THE CHANGE,0.97,,14606.06,Savings,Swansea,UK,0.97,debit
5501,2016-10-17,DEB,Amazon UK Retail,30.43,,14607.03,Amazon,Swansea,UK,30.43,debit
5502,2016-10-17,DEB,Audible.co.uk,14.6,,14637.46,Entertainment,Unknown,Unknown,14.6,debit
5503,2016-10-17,DEB,EC GIFTWARE LTD,,6.65,14652.06,Supplementary Income,Swansea,UK,6.65,credit
5504,2016-10-17,DD,O2,33.12,,14645.41,Other Shopping,Swansea,UK,33.12,debit
5505,2016-10-17,BP,SAVE THE CHANGE,1.99,,14678.53,Savings,Swansea,UK,1.99,debit
5506,2016-10-14,DEB,Amazon UK Marketpl,14.01,,14680.52,Amazon,Swansea,UK,14.01,debit
5507,2016-10-14,DEB,Amazon UK Marketpl,11.49,,14694.53,Amazon,Swansea,UK,11.49,debit
5508,2016-10-14,DEB,EC GIFTWARE LTD,72.51,,14706.02,Other Shopping,Unknown,Unknown,72.51,debit
5509,2016-10-14,CPT,LOYD WALES UNIV SW,40.0,,14778.53,Cash,Swansea,UK,40.0,debit
5510,2016-11-10,BP,SAVE THE CHANGE,1.07,,14818.53,Savings,Swansea,UK,1.07,debit
5511,2016-10-10,DEB,Amazon UK Marketpl,22.99,,14819.6,Amazon,Swansea,UK,22.99,debit
5512,2016-10-10,DEB,Amazon UK Marketpl,29.44,,14842.59,Amazon,Swansea,UK,29.44,debit
5513,2016-10-10,DEB,Amazon UK Marketpl,8.5,,14872.03,Amazon,Swansea,UK,8.5,debit
5514,2016-10-10,CPT,LOYD WALES UNIV SW,30.0,,14880.53,Cash,Swansea,UK,30.0,debit
5515,2016-10-10,DD,LV LIFE,37.12,,14910.53,Insurance,Swansea,UK,37.12,debit
5516,2016-10-10,BP,SAVE THE CHANGE,1.05,,14947.65,Savings,Swansea,UK,1.05,debit
5517,2016-07-10,DEB,AMAZON UK RETAIL A,10.19,,14948.7,Amazon,Swansea,UK,10.19,debit
5518,2016-07-10,DEB,Amazon Svcs Europe,8.76,,14958.89,Amazon,Swansea,UK,8.76,debit
5519,2016-07-10,CPT,LOYD WALES UNIV SW,20.0,,14967.65,Cash,Swansea,UK,20.0,debit
5520,2016-07-10,CHQ,46,40.0,,14987.65,Cash,Unknown,Unknown,40.0,debit
5521,2016-06-10,FPI,MARIANA MILLS,,250.0,15027.65,Supplementary Income,Swansea,UK,250.0,credit
5522,2016-06-10,CPT,LOYD WALES UNIV SW,40.0,,14777.65,Cash,Swansea,UK,40.0,debit
5523,2016-05-10,BP,SAVE THE CHANGE,0.83,,14817.65,Savings,Swansea,UK,0.83,debit
5524,2016-04-10,DEB,Amazon UK Marketpl,9.98,,14818.48,Amazon,Swansea,UK,9.98,debit
5525,2016-04-10,DEB,Amazon UK Marketpl,9.94,,14828.46,Amazon,Swansea,UK,9.94,debit
5526,2016-04-10,DEB,Amazon UK Marketpl,4.25,,14838.4,Amazon,Swansea,UK,4.25,debit
5527,2016-04-10,BP,SAVE THE CHANGE,0.47,,14842.65,Savings,Swansea,UK,0.47,debit
5528,2016-03-10,FEE,ACCOUNT FEE,9.95,,14843.12,Bills,Swansea,UK,9.95,debit
5529,2016-03-10,DEB,Amazon UK Marketpl,38.53,,14853.07,Amazon,Swansea,UK,38.53,debit
5530,2016-03-10,DEB,Amazon UK Marketpl,165.0,,14891.6,Amazon,Swansea,UK,165.0,debit
5531,2016-03-10,DD,NATWEST BANK,828.49,,15056.6,Mortgage,Swansea,UK,828.49,debit
5532,2016-03-10,DD,CC SWANSEA C.TAX,231.81,,15885.09,Bills,Swansea,UK,231.81,debit
5533,2016-03-10,DD,GOOD ENERGY GAS,43.0,,16116.9,Bills,Swansea,UK,43.0,debit
5534,2016-03-10,DD,GOOD ENERGY LTD,42.0,,16159.9,Bills,Swansea,UK,42.0,debit
5535,2016-03-10,DD,ASSURANT INTER LTD,39.74,,16201.9,Insurance,Swansea,UK,39.74,debit
5536,2016-03-10,DD,DWR CYMRU W WATER,29.5,,16241.64,Bills,Swansea,UK,29.5,debit
5537,2016-03-10,DD,TV LICENCE MBP,12.12,,16271.14,Bills,Swansea,UK,12.12,debit
5538,2016-03-10,SO,ESAVINGS ACCOUNT,300.0,,16283.26,Savings,Swansea,UK,300.0,debit
5539,2016-03-10,BP,SAVE THE CHANGE,0.85,,16583.26,Savings,Swansea,UK,0.85,debit
5540,2016-09-30,DEB,JS ONLINE GROCERY,194.15,,16584.11,Groceries,Swansea,UK,194.15,debit
5541,2016-09-30,DEB,JS ONLINE GROCERY,,3.0,16778.26,Supplementary Income,Swansea,UK,3.0,credit
5542,2016-09-30,CPT,LOYD WALES UNIV SW,30.0,,16775.26,Cash,Swansea,UK,30.0,debit
5543,2016-09-30,DD,UCU B ACCOUNT,22.7,,16805.26,Others,Swansea,UK,22.7,debit
5544,2016-09-30,BGC,SWANSEA UNI - PAY,,3085.63,16827.96,Paycheck,Swansea,UK,3085.63,credit
5545,2016-09-29,BP,SAVE THE CHANGE,1.69,,13742.33,Savings,Swansea,UK,1.69,debit
5546,2016-09-28,DEB,Amazon UK Marketpl,22.99,,13744.02,Amazon,Swansea,UK,22.99,debit
5547,2016-09-28,DEB,PIZZA EXPRESS,20.3,,13767.01,Dine Out,Unknown,Unknown,20.3,debit
5548,2016-09-28,DEB,Amazon Svcs Europe,7.02,,13787.31,Amazon,Swansea,UK,7.02,debit
5549,2016-09-28,CPT,LOYD WALES UNIV SW,50.0,,13794.33,Cash,Swansea,UK,50.0,debit
5550,2016-09-28,BP,SAVE THE CHANGE,1.39,,13844.33,Savings,Swansea,UK,1.39,debit
5551,2016-09-27,DEB,HILTON,265.0,,13845.72,Hotels,Unknown,Unknown,265.0,debit
5552,2016-09-27,DEB,ARRIVA TRAINS WALE,116.8,,14110.72,Travel,Unknown,Unknown,116.8,debit
5553,2016-09-27,DEB,ARRIVA TRAINS WALE,113.8,,14227.52,Travel,Unknown,Unknown,113.8,debit
5554,2016-09-27,DEB,Amazon UK Marketpl,13.54,,14341.32,Amazon,Swansea,UK,13.54,debit
5555,2016-09-27,DEB,SKR*ETHICAL PETS,28.47,,14354.86,Other Shopping,Unknown,Unknown,28.47,debit
5556,2016-09-27,DEB,ARRIVA TRAINS WALE,,113.8,14383.33,Supplementary Income,Swansea,UK,113.8,credit
5557,2016-09-27,BP,SAVE THE CHANGE,1.14,,14269.53,Savings,Swansea,UK,1.14,debit
5558,2016-09-26,DEB,Amazon UK Retail,10.74,,14270.67,Amazon,Swansea,UK,10.74,debit
5559,2016-09-26,DEB,Amazon UK Marketpl,1.83,,14281.41,Amazon,Swansea,UK,1.83,debit
5560,2016-09-26,DEB,Amazon UK Marketpl,12.29,,14283.24,Amazon,Swansea,UK,12.29,debit
5561,2016-09-26,CPT,LNK ARRIVA TRAINS,50.0,,14295.53,Cash,Unknown,Unknown,50.0,debit
5562,2016-09-23,BP,SAVE THE CHANGE,0.53,,14345.53,Savings,Swansea,UK,0.53,debit
5563,2016-09-22,DEB,AMAZON UK RETAIL A,159.98,,14346.06,Amazon,Swansea,UK,159.98,debit
5564,2016-09-22,DEB,AMAZON UK RETAIL A,19.49,,14506.04,Amazon,Swansea,UK,19.49,debit
5565,2016-09-22,DD,CORGI HOMEPLAN CA,19.5,,14525.53,Home Improvement,Swansea,UK,19.5,debit
5566,2016-09-22,BP,SAVE THE CHANGE,0.04,,14545.03,Savings,Swansea,UK,0.04,debit
5567,2016-09-21,DEB,AMAZON UK RETAIL A,129.96,,14545.07,Amazon,Swansea,UK,129.96,debit
5568,2016-09-21,DD,VIRGIN MEDIA PYMTS,27.99,,14675.03,Bills,Nottingham,UK,27.99,debit
5569,2016-09-21,BP,SAVE THE CHANGE,0.05,,14703.02,Savings,Swansea,UK,0.05,debit
5570,2016-09-20,DEB,Amazon UK Marketpl,16.99,,14703.07,Amazon,Swansea,UK,16.99,debit
5571,2016-09-20,DEB,Amazon UK Marketpl,14.96,,14720.06,Amazon,Swansea,UK,14.96,debit
5572,2016-09-16,DD,O2,24.21,,14735.02,Other Shopping,Swansea,UK,24.21,debit
5573,2016-09-14,BP,SAVE THE CHANGE,0.05,,14759.23,Savings,Swansea,UK,0.05,debit
5574,2016-09-13,DEB,Amazon UK Marketpl,36.95,,14759.28,Amazon,Swansea,UK,36.95,debit
5575,2016-09-13,BP,SAVE THE CHANGE,0.28,,14796.23,Savings,Swansea,UK,0.28,debit
5576,2016-12-09,DEB,Amazon UK Marketpl,9.72,,14796.51,Amazon,Swansea,UK,9.72,debit
5577,2016-12-09,BP,SAVE THE CHANGE,0.42,,14806.23,Savings,Swansea,UK,0.42,debit
5578,2016-12-09,FPI,MARIANA MILLS,,150.0,14806.65,Supplementary Income,Swansea,UK,150.0,credit
5579,2016-09-09,DEB,Amazon UK Marketpl,37.99,,14656.65,Amazon,Swansea,UK,37.99,debit
5580,2016-09-09,DEB,Amazon UK Marketpl,9.89,,14694.64,Amazon,Swansea,UK,9.89,debit
5581,2016-09-09,DEB,AMAZON UK RETAIL A,21.7,,14704.53,Amazon,Swansea,UK,21.7,debit
5582,2016-09-09,CPT,LOYD WALES UNIV SW,50.0,,14726.23,Cash,Swansea,UK,50.0,debit
5583,2016-09-09,DD,LV LIFE,37.12,,14776.23,Insurance,Swansea,UK,37.12,debit
5584,2016-09-09,BP,SAVE THE CHANGE,0.61,,14813.35,Savings,Swansea,UK,0.61,debit
5585,2016-08-09,DEB,Amazon UK Marketpl,14.95,,14813.96,Amazon,Swansea,UK,14.95,debit
5586,2016-08-09,DEB,Amazon UK Marketpl,9.9,,14828.91,Amazon,Swansea,UK,9.9,debit
5587,2016-08-09,DEB,Amazon UK Marketpl,5.54,,14838.81,Amazon,Swansea,UK,5.54,debit
5588,2016-06-09,BP,SAVE THE CHANGE,0.75,,14844.35,Savings,Swansea,UK,0.75,debit
5589,2016-05-09,DEB,NON-STG PURCH FEE,1.0,,14845.1,Others,Swansea,UK,1.0,debit
5590,2016-05-09,DEB,NON-STG TRANS FEE,1.77,,14846.1,Others,Swansea,UK,1.77,debit
5591,2016-05-09,DEB,TERRA RESTAURANTE,59.25,,14847.87,Dine Out,Porto,Portugal,59.25,debit
5592,2016-05-09,DD,ASSURANT INTER LTD,39.85,,14907.12,Insurance,Swansea,UK,39.85,debit
5593,2016-05-09,BP,SAVE THE CHANGE,0.4,,14946.97,Savings,Swansea,UK,0.4,debit
5594,2016-02-09,DEB,ARRIVA TRAINS WALE,72.6,,14947.37,Travel,Unknown,Unknown,72.6,debit
5595,2016-01-09,FEE,ACCOUNT FEE,9.95,,15019.97,Bills,Swansea,UK,9.95,debit
5596,2016-01-09,DD,NATWEST BANK,828.49,,15029.92,Mortgage,Swansea,UK,828.49,debit
5597,2016-01-09,DD,CC SWANSEA C.TAX,127.0,,15858.41,Bills,Swansea,UK,127.0,debit
5598,2016-01-09,DD,GOOD ENERGY GAS,43.0,,15985.41,Bills,Swansea,UK,43.0,debit
5599,2016-01-09,DD,GOOD ENERGY LTD,42.0,,16028.41,Bills,Swansea,UK,42.0,debit
5600,2016-01-09,DD,DWR CYMRU W WATER,29.5,,16070.41,Bills,Swansea,UK,29.5,debit
5601,2016-01-09,DD,TV LICENCE MBP,12.12,,16099.91,Bills,Swansea,UK,12.12,debit
5602,2016-01-09,SO,ESAVINGS ACCOUNT,300.0,,16112.03,Savings,Swansea,UK,300.0,debit
5603,2016-01-09,BP,SAVE THE CHANGE,0.67,,16412.03,Savings,Swansea,UK,0.67,debit
5604,2016-08-31,DEB,Amazon UK Marketpl,19.33,,16412.7,Amazon,Swansea,UK,19.33,debit
5605,2016-08-31,BP,SAVE THE CHANGE,0.47,,16432.03,Savings,Swansea,UK,0.47,debit
5606,2016-08-31,BGC,SWANSEA UNI - PAY,,3085.63,16432.5,Paycheck,Swansea,UK,3085.63,credit
5607,2016-08-30,DEB,Amazon UK Marketpl,19.99,,13346.87,Amazon,Swansea,UK,19.99,debit
5608,2016-08-30,DEB,Amazon UK Marketpl,13.96,,13366.86,Amazon,Swansea,UK,13.96,debit
5609,2016-08-30,DEB,Amazon UK Marketpl,13.58,,13380.82,Amazon,Swansea,UK,13.58,debit
5610,2016-08-30,CPT,LOYD WALES UNIV SW,30.0,,13394.4,Cash,Swansea,UK,30.0,debit
5611,2016-08-30,BP,SAVE THE CHANGE,0.22,,13424.4,Savings,Swansea,UK,0.22,debit
5612,2016-08-30,CPT,LNK UNION STREET,30.0,,13424.62,Cash,Unknown,Unknown,30.0,debit
5613,2016-08-26,DEB,Amazon UK Marketpl,6.78,,13454.62,Amazon,Swansea,UK,6.78,debit
5614,2016-08-26,CPT,LOYD WALES UNIV SW,30.0,,13461.4,Cash,Swansea,UK,30.0,debit
5615,2016-08-26,DD,UCU B ACCOUNT,22.37,,13491.4,Others,Swansea,UK,22.37,debit
5616,2016-08-26,BP,SAVE THE CHANGE,1.21,,13513.77,Savings,Swansea,UK,1.21,debit
5617,2016-08-25,DEB,Amazon UK Marketpl,5.16,,13514.98,Amazon,Swansea,UK,5.16,debit
5618,2016-08-25,DEB,AMAZON UK RETAIL A,3.63,,13520.14,Amazon,Swansea,UK,3.63,debit
5619,2016-08-25,FPO,FB EDMUNDS,31.25,,13523.77,Uncategorized,Unknown,Unknown,31.25,debit
5620,2016-08-25,BP,SAVE THE CHANGE,1.03,,13555.02,Savings,Swansea,UK,1.03,debit
5621,2016-08-24,DEB,Amazon UK Marketpl,89.99,,13556.05,Amazon,Swansea,UK,89.99,debit
5622,2016-08-24,DEB,Amazon UK Marketpl,21.25,,13646.04,Amazon,Swansea,UK,21.25,debit
5623,2016-08-24,DEB,AMAZON UK RETAIL A,13.73,,13667.29,Amazon,Swansea,UK,13.73,debit
5624,2016-08-24,DEB,Amazon UK Marketpl,,17.99,13681.02,Supplementary Income,Swansea,UK,17.99,credit
5625,2016-08-24,CPT,LOYD WALES UNIV SW,50.0,,13663.03,Cash,Swansea,UK,50.0,debit
5626,2016-08-24,BP,SAVE THE CHANGE,0.29,,13713.03,Savings,Swansea,UK,0.29,debit
5627,2016-08-23,DEB,Amazon UK Marketpl,9.72,,13713.32,Amazon,Swansea,UK,9.72,debit
5628,2016-08-23,DEB,Amazon UK Marketpl,8.99,,13723.04,Amazon,Swansea,UK,8.99,debit
5629,2016-08-23,BP,SAVE THE CHANGE,1.43,,13732.03,Savings,Swansea,UK,1.43,debit
5630,2016-08-22,DEB,Amazon UK Marketpl,11.38,,13733.46,Amazon,Swansea,UK,11.38,debit
5631,2016-08-22,DEB,Amazon UK Retail,58.2,,13744.84,Amazon,Swansea,UK,58.2,debit
5632,2016-08-22,DEB,Amazon UK Marketpl,49.99,,13803.04,Amazon,Swansea,UK,49.99,debit
5633,2016-08-22,DD,VIRGIN MEDIA PYMTS,27.99,,13853.03,Bills,Nottingham,UK,27.99,debit
5634,2016-08-22,DD,CORGI HOMEPLAN CA,19.5,,13881.02,Home Improvement,Swansea,UK,19.5,debit
5635,2016-08-19,FPI,MARIANA MILLS,,175.0,13900.52,Supplementary Income,Swansea,UK,175.0,credit
5636,2016-08-17,DEB,CROWNE PLAZA,135.0,,13725.52,Hotels,Unknown,Unknown,135.0,debit
5637,2016-08-17,BP,SAVE THE CHANGE,0.2,,13860.52,Savings,Swansea,UK,0.2,debit
5638,2016-08-16,DEB,CROWNE PLAZA,25.8,,13860.72,Hotels,Unknown,Unknown,25.8,debit
5639,2016-08-16,DD,O2,17.32,,13886.52,Other Shopping,Swansea,UK,17.32,debit
5640,2016-08-16,BP,SAVE THE CHANGE,1.0,,13903.84,Savings,Swansea,UK,1.0,debit
5641,2016-08-15,DEB,JS ONLINE GROCERY,368.5,,13904.84,Groceries,Swansea,UK,368.5,debit
5642,2016-08-15,DEB,Amazon UK Marketpl,17.99,,14273.34,Amazon,Swansea,UK,17.99,debit
5643,2016-08-15,DEB,GWR WEBSALES ECOM,137.0,,14291.33,Travel,Unknown,Unknown,137.0,debit
5644,2016-08-15,DEB,AMAZON UK RETAIL A,99.51,,14428.33,Amazon,Swansea,UK,99.51,debit
5645,2016-08-15,CPT,LNK ARRIVA TRAINS,50.0,,14527.84,Cash,Unknown,Unknown,50.0,debit
5646,2016-08-15,BP,SAVE THE CHANGE,0.1,,14577.84,Savings,Swansea,UK,0.1,debit
5647,2016-12-08,DEB,Amazon UK Marketpl,16.9,,14577.94,Amazon,Swansea,UK,16.9,debit
5648,2016-12-08,CPT,LOYD WALES UNIV SW,50.0,,14594.84,Amazon,Swansea,UK,50.0,debit
5649,2016-09-08,BP,SAVE THE CHANGE,0.19,,14644.84,Savings,Swansea,UK,0.19,debit
5650,2016-08-08,DEB,Amazon UK Marketpl,2.81,,14645.03,Amazon,Swansea,UK,2.81,debit
5651,2016-08-08,DD,LV LIFE,37.12,,14647.84,Insurance,Swansea,UK,37.12,debit
5652,2016-05-08,BP,SAVE THE CHANGE,1.03,,14684.96,Savings,Swansea,UK,1.03,debit
5653,2016-04-08,DEB,Amazon UK Marketpl,13.89,,14685.99,Amazon,Swansea,UK,13.89,debit
5654,2016-04-08,DEB,NON-STG PURCH FEE,1.0,,14699.88,Others,Swansea,UK,1.0,debit
5655,2016-04-08,DEB,NON-STG TRANS FEE,0.18,,14700.88,Others,Swansea,UK,0.18,debit
5656,2016-04-08,DEB,KLM NETHERLA074821,6.08,,14701.06,Travel,Unknown,Unknown,6.08,debit
5657,2016-03-08,DD,ASSURANT INTER LTD,35.56,,14707.14,Insurance,Swansea,UK,35.56,debit
5658,2016-02-08,BP,SAVE THE CHANGE,0.52,,14742.7,Savings,Swansea,UK,0.52,debit
5659,2016-02-08,BGC,SWANSEA UNIVERSITY,,1652.84,14743.22,Supplementary Income,Swansea,UK,1652.84,credit
5660,2016-01-08,FEE,ACCOUNT FEE,9.95,,13090.38,Bills,Swansea,UK,9.95,debit
5661,2016-01-08,DEB,Amazon UK Marketpl,9.48,,13100.33,Amazon,Swansea,UK,9.48,debit
5662,2016-01-08,CPT,LOYD WALES UNIV SW,100.0,,13109.81,Cash,Swansea,UK,100.0,debit
5663,2016-01-08,DD,NATWEST BANK,828.49,,13209.81,Mortgage,Swansea,UK,828.49,debit
5664,2016-01-08,DD,CC SWANSEA C.TAX,127.0,,14038.3,Bills,Swansea,UK,127.0,debit
5665,2016-01-08,DD,GOOD ENERGY GAS,43.0,,14165.3,Bills,Swansea,UK,43.0,debit
5666,2016-01-08,DD,DWR CYMRU W WATER,29.5,,14208.3,Bills,Swansea,UK,29.5,debit
5667,2016-01-08,DD,GOOD ENERGY LTD,13.0,,14237.8,Bills,Swansea,UK,13.0,debit
5668,2016-01-08,DD,TV LICENCE MBP,12.12,,14250.8,Bills,Swansea,UK,12.12,debit
5669,2016-01-08,SO,ESAVINGS ACCOUNT,300.0,,14262.92,Savings,Swansea,UK,300.0,debit
5670,2016-01-08,BP,SAVE THE CHANGE,0.52,,14562.92,Savings,Swansea,UK,0.52,debit
5671,2016-07-29,DEB,Amazon UK Marketpl,16.48,,14563.44,Amazon,Swansea,UK,16.48,debit
5672,2016-07-29,CPT,LOYD WALES UNIV SW,50.0,,14579.92,Cash,Swansea,UK,50.0,debit
5673,2016-07-29,DD,UCU B ACCOUNT,22.37,,14629.92,Others,Swansea,UK,22.37,debit
5674,2016-07-29,BP,SAVE THE CHANGE,0.6,,14652.29,Savings,Swansea,UK,0.6,debit
5675,2016-07-29,BGC,SWANSEA UNI - PAY,,3085.64,14652.89,Paycheck,Swansea,UK,3085.64,credit
5676,2016-07-28,DEB,Amazon UK Retail,16.74,,11567.25,Amazon,Swansea,UK,16.74,debit
5677,2016-07-28,DEB,Amazon UK Marketpl,13.98,,11583.99,Amazon,Swansea,UK,13.98,debit
5678,2016-07-28,DEB,Amazon Svcs Europe,6.68,,11597.97,Amazon,Swansea,UK,6.68,debit
5679,2016-07-28,BP,SAVE THE CHANGE,1.32,,11604.65,Savings,Swansea,UK,1.32,debit
5680,2016-07-27,DEB,Amazon UK Marketpl,14.22,,11605.97,Amazon,Swansea,UK,14.22,debit
5681,2016-07-27,DEB,Amazon UK Marketpl,10.46,,11620.19,Amazon,Swansea,UK,10.46,debit
5682,2016-07-27,CPT,LOYD WALES UNIV SW,20.0,,11630.65,Cash,Swansea,UK,20.0,debit
5683,2016-07-27,BP,SAVE THE CHANGE,0.01,,11650.65,Savings,Swansea,UK,0.01,debit
5684,2016-07-26,DEB,Amazon UK Marketpl,15.99,,11650.66,Amazon,Swansea,UK,15.99,debit
5685,2016-07-25,DD,CORGI HOMEPLAN CA,19.5,,11666.65,Home Improvement,Swansea,UK,19.5,debit
5686,2016-07-25,BP,SAVE THE CHANGE,1.38,,11686.15,Savings,Swansea,UK,1.38,debit
5687,2016-07-25,BGC,UNIVERSITY OF EAST,,167.84,11687.53,Supplementary Income,Swansea,UK,167.84,credit
5688,2016-07-22,DEB,Amazon UK Marketpl,18.13,,11519.69,Amazon,Swansea,UK,18.13,debit
5689,2016-07-22,DEB,AMAZON UK RETAIL A,9.49,,11537.82,Amazon,Swansea,UK,9.49,debit
5690,2016-07-22,CPT,LOYD WALES UNIV SW,50.0,,11547.31,Cash,Swansea,UK,50.0,debit
5691,2016-07-22,BP,SAVE THE CHANGE,0.42,,11597.31,Savings,Swansea,UK,0.42,debit
5692,2016-07-21,DEB,Amazon UK Retail,9.9,,11597.73,Amazon,Swansea,UK,9.9,debit
5693,2016-07-21,DEB,Amazon UK Marketpl,8.68,,11607.63,Amazon,Swansea,UK,8.68,debit
5694,2016-07-21,DD,VIRGIN MEDIA PYMTS,27.99,,11616.31,Bills,Nottingham,UK,27.99,debit
5695,2016-07-21,BP,SAVE THE CHANGE,0.02,,11644.3,Savings,Swansea,UK,0.02,debit
5696,2016-07-20,DEB,EXPEDIA 1126326416,774.98,,11644.32,Travel,Unknown,Unknown,774.98,debit
5697,2016-07-20,BP,SAVE THE CHANGE,0.77,,12419.3,Savings,Swansea,UK,0.77,debit
5698,2016-07-19,DEB,Amazon Svcs Europe,12.23,,12420.07,Amazon,Swansea,UK,12.23,debit
5699,2016-07-19,BP,SAVE THE CHANGE,0.74,,12432.3,Savings,Swansea,UK,0.74,debit
5700,2016-07-18,DEB,EASYJET   EQWFKG,383.96,,12433.04,Travel,Unknown,Unknown,383.96,debit
5701,2016-07-18,DEB,Amazon UK Marketpl,7.3,,12817.0,Amazon,Swansea,UK,7.3,debit
5702,2016-07-18,DD,O2,22.81,,12824.3,Other Shopping,Swansea,UK,22.81,debit
5703,2016-07-18,BP,SAVE THE CHANGE,0.95,,12847.11,Savings,Swansea,UK,0.95,debit
5704,2016-07-18,CPT,SBY  SWANSEA UPL C,50.0,,12848.06,Other Shopping,Swansea,UK,50.0,debit
5705,2016-07-18,DEB,Amazon UK Marketpl,23.05,,12898.06,Amazon,Swansea,UK,23.05,debit
5706,2016-07-15,CPT,LOYD WALES UNIV SW,50.0,,12921.11,Cash,Swansea,UK,50.0,debit
5707,2016-07-15,BGC,SWANSEA UNIVERSITY,,858.01,12971.11,Supplementary Income,Swansea,UK,858.01,credit
5708,2016-07-14,BP,SAVE THE CHANGE,1.23,,12113.1,Savings,Swansea,UK,1.23,debit
5709,2016-07-13,DEB,Amazon UK Marketpl,32.29,,12114.33,Amazon,Swansea,UK,32.29,debit
5710,2016-07-13,DEB,Amazon UK Marketpl,17.48,,12146.62,Amazon,Swansea,UK,17.48,debit
5711,2016-07-13,CPT,LOYD WALES UNIV SW,50.0,,12164.1,Cash,Swansea,UK,50.0,debit
5712,2016-12-07,CPT,LOYD WALES UNIV SW,50.0,,12214.1,Cash,Swansea,UK,50.0,debit
5713,2016-12-07,BP,SAVE THE CHANGE,0.34,,12264.1,Savings,Swansea,UK,0.34,debit
5714,2016-11-07,DEB,Amazon UK Marketpl,13.98,,12264.44,Amazon,Swansea,UK,13.98,debit
5715,2016-11-07,DEB,Amazon UK Marketpl,8.68,,12278.42,Amazon,Swansea,UK,8.68,debit
5716,2016-08-07,CPT,LOYD WALES UNIV SW,60.0,,12287.1,Cash,Swansea,UK,60.0,debit
5717,2016-08-07,DD,LV LIFE,37.12,,12347.1,Insurance,Swansea,UK,37.12,debit
5718,2016-07-07,DD,ASSURANT INTER LTD,35.56,,12384.22,Insurance,Swansea,UK,35.56,debit
5719,2016-07-07,BP,SAVE THE CHANGE,0.71,,12419.78,Savings,Swansea,UK,0.71,debit
5720,2016-06-07,FPI,MARIANA MILLS,,300.0,12420.49,Supplementary Income,Swansea,UK,300.0,credit
5721,2016-06-07,DEB,NON-STG PURCH FEE,1.0,,12120.49,Others,Swansea,UK,1.0,debit
5722,2016-06-07,DEB,NON-STG TRANS FEE,28.89,,12121.49,Others,Swansea,UK,28.89,debit
5723,2016-06-07,DEB,ALEXANDER BEACH HO,966.29,,12150.38,Hotels,Malia,Greece,966.29,debit
5724,2016-06-07,BP,SAVE THE CHANGE,0.06,,13116.67,Savings,Swansea,UK,0.06,debit
5725,2016-05-07,CPT,LOYD SWANSEA UNIVE,30.0,,13116.73,Cash,Swansea,UK,30.0,debit
5726,2016-05-07,DEB,Amazon UK Marketpl,39.94,,13146.73,Amazon,Swansea,UK,39.94,debit
5727,2016-05-07,BP,SAVE THE CHANGE,0.67,,13186.67,Savings,Swansea,UK,0.67,debit
5728,2016-04-07,DEB,Amazon UK Retail,21.33,,13187.34,Amazon,Swansea,UK,21.33,debit
5729,2016-04-07,DEB,SWANSEA UNIVERSITY,1100.0,,13208.67,Others,Swansea,UK,1100.0,debit
5730,2016-04-07,CPT,LNK BRISTOL LANDSI,50.0,,14308.67,Cash,Bristol,UK,50.0,debit
5731,2016-01-07,FEE,ACCOUNT FEE,9.95,,14358.67,Bills,Swansea,UK,9.95,debit
5732,2016-01-07,DD,NATWEST BANK,828.49,,14368.62,Mortgage,Swansea,UK,828.49,debit
5733,2016-01-07,DD,CC SWANSEA C.TAX,127.0,,15197.11,Bills,Swansea,UK,127.0,debit
5734,2016-01-07,DD,GOOD ENERGY GAS,43.0,,15324.11,Bills,Swansea,UK,43.0,debit
5735,2016-01-07,DD,DWR CYMRU W WATER,29.5,,15367.11,Bills,Swansea,UK,29.5,debit
5736,2016-01-07,DD,GOOD ENERGY LTD,13.0,,15396.61,Bills,Swansea,UK,13.0,debit
5737,2016-01-07,DD,TV LICENCE MBP,12.12,,15409.61,Bills,Swansea,UK,12.12,debit
5738,2016-01-07,SO,ESAVINGS ACCOUNT,300.0,,15421.73,Savings,Swansea,UK,300.0,debit
5739,2016-06-30,DD,UCU B ACCOUNT,22.37,,15721.73,Others,Swansea,UK,22.37,debit
5740,2016-06-30,BGC,SWANSEA UNI - PAY,,3085.63,15744.1,Paycheck,Swansea,UK,3085.63,credit
5741,2016-06-28,BP,SAVE THE CHANGE,0.4,,12658.47,Savings,Swansea,UK,0.4,debit
5742,2016-06-27,DEB,FOREIGN CASH FEE,2.87,,12658.87,Travel,Unknown,Unknown,2.87,debit
5743,2016-06-27,DEB,Stalida-Malia,191.84,,12661.74,Travel,Malia,Greece,191.84,debit
5744,2016-06-27,DEB,ARRIVA TRAINS WALE,72.6,,12853.58,Travel,Unknown,Unknown,72.6,debit
5745,2016-06-27,DEB,J B PEARCE LTD,65.0,,12926.18,Travel,Bristol,Unknown,65.0,debit
5746,2016-06-24,BP,SAVE THE CHANGE,0.51,,12991.18,Savings,Swansea,UK,0.51,debit
5747,2016-06-23,DEB,Amazon UK Marketpl,5.49,,12991.69,Amazon,Swansea,UK,5.49,debit
5748,2016-06-23,DD,CORGI HOMEPLAN CA,19.5,,12997.18,Home Improvement,Swansea,UK,19.5,debit
5749,2016-06-22,BP,SAVE THE CHANGE,1.02,,13016.68,Savings,Swansea,UK,1.02,debit
5750,2016-06-21,CPT,LNK SWANSEA WIND S,50.0,,13017.7,Cash,Swansea,UK,50.0,debit
5751,2016-06-21,DEB,Amazon UK Retail,22.49,,13067.7,Amazon,Swansea,UK,22.49,debit
5752,2016-06-21,DEB,Amazon UK Marketpl,15.49,,13090.19,Amazon,Swansea,UK,15.49,debit
5753,2016-06-21,DD,VIRGIN MEDIA PYMTS,27.99,,13105.68,Bills,Nottingham,UK,27.99,debit
5754,2016-06-21,BP,SAVE THE CHANGE,0.67,,13133.67,Savings,Swansea,UK,0.67,debit
5755,2016-06-20,DEB,Amazon UK Marketpl,11.99,,13134.34,Amazon,Swansea,UK,11.99,debit
5756,2016-06-20,DEB,Amazon UK Marketpl,4.34,,13146.33,Amazon,Swansea,UK,4.34,debit
5757,2016-06-20,DEB,SKYPE SUBSCRIPTION,10.0,,13150.67,Bills,Nottingham,UK,10.0,debit
5758,2016-06-17,CPT,LOYD WALES UNIV SW,20.0,,13160.67,Cash,Swansea,UK,20.0,debit
5759,2016-06-17,BP,SAVE THE CHANGE,0.94,,13180.67,Savings,Swansea,UK,0.94,debit
5760,2016-06-16,DEB,Amazon UK Marketpl,5.06,,13181.61,Amazon,Swansea,UK,5.06,debit
5761,2016-06-16,DD,O2,16.83,,13186.67,Other Shopping,Swansea,UK,16.83,debit
5762,2016-06-15,BP,SAVE THE CHANGE,0.64,,13203.5,Savings,Swansea,UK,0.64,debit
5763,2016-06-14,DEB,Amazon UK Marketpl,3.36,,13204.14,Amazon,Swansea,UK,3.36,debit
5764,2016-06-14,BP,SAVE THE CHANGE,0.43,,13207.5,Savings,Swansea,UK,0.43,debit
5765,2016-06-13,DEB,JS ONLINE GROCERY,235.83,,13207.93,Groceries,Swansea,UK,235.83,debit
5766,2016-06-13,DEB,Amazon UK Marketpl,26.74,,13443.76,Amazon,Swansea,UK,26.74,debit
5767,2016-08-06,DD,LV LIFE,37.12,,13470.5,Insurance,Swansea,UK,37.12,debit
5768,2016-08-06,DEB,NON-STG CASH FEE,2.0,,13507.62,Others,Swansea,UK,2.0,debit
5769,2016-08-06,DEB,NON-STG TRANS FEE,3.54,,13509.62,Others,Swansea,UK,3.54,debit
5770,2016-08-06,DEB,ING BANK,118.56,,13513.16,Others,Swansea,UK,118.56,debit
5771,2016-07-06,BP,SAVE THE CHANGE,1.93,,13631.72,Savings,Swansea,UK,1.93,debit
5772,2016-06-06,DEB,SCHIMMELPENNICKHUY,385.66,,13633.65,Uncategorized,Unknown,Unknown,385.66,debit
5773,2016-06-06,DEB,NON-STG PURCH FEE,1.0,,14019.31,Others,Swansea,UK,1.0,debit
5774,2016-06-06,DEB,NON-STG TRANS FEE,1.25,,14020.31,Others,Swansea,UK,1.25,debit
5775,2016-06-06,DEB,NS SCHIPHOL,42.03,,14021.56,Travel,Amsterdam,Netherlands,42.03,debit
5776,2016-06-06,DEB,Amazon UK Marketpl,9.75,,14063.59,Amazon,Swansea,UK,9.75,debit
5777,2016-06-06,DEB,Amazon UK Marketpl,3.63,,14073.34,Amazon,Swansea,UK,3.63,debit
5778,2016-06-06,BP,SAVE THE CHANGE,1.25,,14076.97,Savings,Swansea,UK,1.25,debit
5779,2016-03-06,DEB,Amazon UK Marketpl,15.21,,14078.22,Amazon,Swansea,UK,15.21,debit
5780,2016-03-06,DEB,Amazon UK Marketpl,5.54,,14093.43,Amazon,Swansea,UK,5.54,debit
5781,2016-03-06,DD,ASSURANT INTER LTD,35.56,,14098.97,Insurance,Swansea,UK,35.56,debit
5782,2016-03-06,BP,SAVE THE CHANGE,0.65,,14134.53,Savings,Swansea,UK,0.65,debit
5783,2016-02-06,DEB,Amazon UK Retail,12.35,,14135.18,Amazon,Swansea,UK,12.35,debit
5784,2016-02-06,BP,SAVE THE CHANGE,0.81,,14147.53,Savings,Swansea,UK,0.81,debit
5785,2016-01-06,FEE,ACCOUNT FEE,9.95,,14148.34,Bills,Swansea,UK,9.95,debit
5786,2016-01-06,DEB,Amazon UK Marketpl,4.2,,14158.29,Amazon,Swansea,UK,4.2,debit
5787,2016-01-06,DEB,Amazon UK Marketpl,3.99,,14162.49,Amazon,Swansea,UK,3.99,debit
5788,2016-01-06,DD,NATWEST BANK,828.49,,14166.48,Mortgage,Swansea,UK,828.49,debit
5789,2016-01-06,DD,CC SWANSEA C.TAX,127.0,,14994.97,Bills,Swansea,UK,127.0,debit
5790,2016-01-06,DD,GOOD ENERGY GAS,43.0,,15121.97,Bills,Swansea,UK,43.0,debit
5791,2016-01-06,DD,DWR CYMRU W WATER,29.5,,15164.97,Bills,Swansea,UK,29.5,debit
5792,2016-01-06,DD,GOOD ENERGY LTD,13.0,,15194.47,Bills,Swansea,UK,13.0,debit
5793,2016-01-06,DD,TV LICENCE MBP,12.12,,15207.47,Bills,Swansea,UK,12.12,debit
5794,2016-01-06,SO,ESAVINGS ACCOUNT,300.0,,15219.59,Savings,Swansea,UK,300.0,debit
5795,2016-01-06,BP,SAVE THE CHANGE,0.33,,15519.59,Savings,Swansea,UK,0.33,debit
5796,2016-05-31,DEB,EASYJET   000EQP,665.72,,15519.92,Travel,Unknown,Unknown,665.72,debit
5797,2016-05-31,DEB,Amazon UK Marketpl,6.95,,16185.64,Amazon,Swansea,UK,6.95,debit
5798,2016-05-31,DD,UCU B ACCOUNT,22.37,,16192.59,Others,Swansea,UK,22.37,debit
5799,2016-05-31,BP,SAVE THE CHANGE,0.57,,16214.96,Savings,Swansea,UK,0.57,debit
5800,2016-05-31,BGC,SWANSEA UNI - PAY,,3085.63,16215.53,Paycheck,Swansea,UK,3085.63,credit
5801,2016-05-31,CPT,LNK SWANSEA 2,50.0,,13129.9,Cash,Swansea,UK,50.0,debit
5802,2016-05-27,DEB,ARRIVA TRAINS WALE,137.7,,13179.9,Travel,Unknown,Unknown,137.7,debit
5803,2016-05-27,DEB,Amazon UK Marketpl,3.73,,13317.6,Amazon,Swansea,UK,3.73,debit
5804,2016-05-27,BP,SAVE THE CHANGE,0.01,,13321.33,Savings,Swansea,UK,0.01,debit
5805,2016-05-26,DEB,Amazon UK Marketpl,17.99,,13321.34,Amazon,Swansea,UK,17.99,debit
5806,2016-05-26,BP,SAVE THE CHANGE,1.16,,13339.33,Savings,Swansea,UK,1.16,debit
5807,2016-05-25,DEB,Amazon UK Marketpl,9.75,,13340.49,Amazon,Swansea,UK,9.75,debit
5808,2016-05-25,DEB,Amazon UK Marketpl,8.09,,13350.24,Amazon,Swansea,UK,8.09,debit
5809,2016-05-25,CPT,LOYD WALES UNIV SW,50.0,,13358.33,Cash,Swansea,UK,50.0,debit
5810,2016-05-25,BGC,UNIVERSITY OF OXFO,,340.0,13408.33,Supplementary Income,Swansea,UK,340.0,credit
5811,2016-05-24,BP,SAVE THE CHANGE,0.93,,13068.33,Savings,Swansea,UK,0.93,debit
5812,2016-05-23,DEB,AMAZON MKTPLACE PM,10.9,,13069.26,Amazon,Swansea,UK,10.9,debit
5813,2016-05-23,DEB,Amazon UK Marketpl,35.17,,13080.16,Amazon,Swansea,UK,35.17,debit
5814,2016-05-23,DD,VIRGIN MEDIA PYMTS,27.99,,13115.33,Bills,Nottingham,UK,27.99,debit
5815,2016-05-23,DD,CORGI HOMEPLAN CA,19.5,,13143.32,Home Improvement,Swansea,UK,19.5,debit
5816,2016-05-20,CPT,LOYD WALES UNIV SW,50.0,,13162.82,Cash,Swansea,UK,50.0,debit
5817,2016-05-18,CPT,LOYD WALES UNIV SW,40.0,,13212.82,Cash,Swansea,UK,40.0,debit
5818,2016-05-18,BP,SAVE THE CHANGE,0.21,,13252.82,Savings,Swansea,UK,0.21,debit
5819,2016-05-17,DEB,Amazon UK Marketpl,5.79,,13253.03,Amazon,Swansea,UK,5.79,debit
5820,2016-05-17,BP,SAVE THE CHANGE,1.34,,13258.82,Savings,Swansea,UK,1.34,debit
5821,2016-05-16,DEB,Amazon UK Retail,17.17,,13260.16,Amazon,Swansea,UK,17.17,debit
5822,2016-05-16,DEB,Amazon UK Marketpl,11.5,,13277.33,Amazon,Swansea,UK,11.5,debit
5823,2016-05-16,DEB,Amazon UK Retail,9.99,,13288.83,Amazon,Swansea,UK,9.99,debit
5824,2016-05-16,DD,O2,21.82,,13298.82,Other Shopping,Swansea,UK,21.82,debit
5825,2016-05-13,BP,SAVE THE CHANGE,0.32,,13320.64,Savings,Swansea,UK,0.32,debit
5826,2016-05-13,BGC,SWANSEA UNIVERSITY,,1019.74,13320.96,Supplementary Income,Swansea,UK,1019.74,credit
5827,2016-12-05,DEB,Amazon UK Retail,7.99,,12301.22,Amazon,Swansea,UK,7.99,debit
5828,2016-12-05,DEB,AMAZON MKTPLACE PM,6.69,,12309.21,Amazon,Swansea,UK,6.69,debit
5829,2016-12-05,BP,SAVE THE CHANGE,0.22,,12315.9,Savings,Swansea,UK,0.22,debit
5830,2016-11-05,DEB,Amazon UK Retail,17.96,,12316.12,Amazon,Swansea,UK,17.96,debit
5831,2016-11-05,DEB,Amazon UK Marketpl,12.82,,12334.08,Amazon,Swansea,UK,12.82,debit
5832,2016-11-05,BP,SAVE THE CHANGE,1.42,,12346.9,Savings,Swansea,UK,1.42,debit
5833,2016-10-05,DEB,AMAZON MKTPLACE PM,15.1,,12348.32,Amazon,Swansea,UK,15.1,debit
5834,2016-10-05,DEB,Amazon UK Marketpl,10.87,,12363.42,Amazon,Swansea,UK,10.87,debit
5835,2016-10-05,DEB,Amazon UK Retail,8.97,,12374.29,Amazon,Swansea,UK,8.97,debit
5836,2016-10-05,DEB,Amazon UK Marketpl,5.64,,12383.26,Amazon,Swansea,UK,5.64,debit
5837,2016-10-05,BP,SAVE THE CHANGE,1.15,,12388.9,Savings,Swansea,UK,1.15,debit
5838,2016-09-05,DEB,Amazon UK Marketpl,5.82,,12390.05,Amazon,Swansea,UK,5.82,debit
5839,2016-09-05,DEB,Amazon UK Marketpl,2.03,,12395.87,Amazon,Swansea,UK,2.03,debit
5840,2016-09-05,DD,LV LIFE,37.12,,12397.9,Insurance,Swansea,UK,37.12,debit
5841,2016-06-05,FPO,JAMES DAVIES,40.0,,12435.02,Services,Swansea,UK,40.0,debit
5842,2016-06-05,BP,SAVE THE CHANGE,0.7,,12475.02,Savings,Swansea,UK,0.7,debit
5843,2016-05-05,FPO,JAMES DAVIES,240.0,,12475.72,Services,Swansea,UK,240.0,debit
5844,2016-05-05,DEB,HAMPTON BY HILTON,99.0,,12715.72,Hotels,Unknown,Unknown,99.0,debit
5845,2016-05-05,DEB,KLM UK  074174,168.3,,12814.72,Travel,Unknown,Unknown,168.3,debit
5846,2016-05-05,BP,SAVE THE CHANGE,0.01,,12983.02,Savings,Swansea,UK,0.01,debit
5847,2016-04-05,DEB,Amazon UK Marketpl,3.99,,12983.03,Amazon,Swansea,UK,3.99,debit
5848,2016-04-05,DEB,EXPEDIA 1118747955,3.0,,12987.02,Travel,Unknown,Unknown,3.0,debit
5849,2016-04-05,BP,SAVE THE CHANGE,3.55,,12990.02,Savings,Swansea,UK,3.55,debit
5850,2016-03-05,FEE,ACCOUNT FEE,9.95,,12993.57,Bills,Swansea,UK,9.95,debit
5851,2016-03-05,Unknown,INTEREST (GROSS),,6.33,13003.52,Interest,Swansea,UK,6.33,credit
5852,2016-03-05,DEB,Amazon UK Marketpl,9.42,,12997.19,Amazon,Swansea,UK,9.42,debit
5853,2016-03-05,DEB,Amazon UK Marketpl,2.0,,13006.61,Amazon,Swansea,UK,2.0,debit
5854,2016-03-05,DEB,Amazon UK Marketpl,4.25,,13008.61,Amazon,Swansea,UK,4.25,debit
5855,2016-03-05,DEB,Amazon UK Marketpl,3.95,,13012.86,Amazon,Swansea,UK,3.95,debit
5856,2016-03-05,DEB,Amazon UK Marketpl,3.22,,13016.81,Amazon,Swansea,UK,3.22,debit
5857,2016-03-05,DEB,Amazon UK Marketpl,2.27,,13020.03,Amazon,Swansea,UK,2.27,debit
5858,2016-03-05,DEB,Amazon UK Retail,14.85,,13022.3,Amazon,Swansea,UK,14.85,debit
5859,2016-03-05,DEB,Amazon UK Marketpl,6.49,,13037.15,Amazon,Swansea,UK,6.49,debit
5860,2016-03-05,DD,NATWEST BANK,828.49,,13043.64,Mortgage,Swansea,UK,828.49,debit
5861,2016-03-05,DD,CC SWANSEA C.TAX,127.0,,13872.13,Bills,Swansea,UK,127.0,debit
5862,2016-03-05,DD,GOOD ENERGY GAS,43.0,,13999.13,Bills,Swansea,UK,43.0,debit
5863,2016-03-05,DD,ASSURANT INTER LTD,35.56,,14042.13,Insurance,Swansea,UK,35.56,debit
5864,2016-03-05,DD,DWR CYMRU W WATER,29.5,,14077.69,Bills,Swansea,UK,29.5,debit
5865,2016-03-05,DD,GOOD ENERGY LTD,13.0,,14107.19,Bills,Swansea,UK,13.0,debit
5866,2016-03-05,DD,TV LICENCE MBP,12.12,,14120.19,Bills,Swansea,UK,12.12,debit
5867,2016-03-05,SO,ESAVINGS ACCOUNT,300.0,,14132.31,Savings,Swansea,UK,300.0,debit
5868,2016-03-05,BP,SAVE THE CHANGE,0.68,,14432.31,Savings,Swansea,UK,0.68,debit
5869,2016-03-05,CPT,LNK SWANSEA WIND S,60.0,,14432.99,Cash,Swansea,UK,60.0,debit
5870,2016-04-29,DEB,Amazon Svcs Europe,8.82,,14492.99,Amazon,Swansea,UK,8.82,debit
5871,2016-04-29,DEB,Amazon UK Marketpl,8.5,,14501.81,Amazon,Swansea,UK,8.5,debit
5872,2016-04-29,CPT,LOYD WALES UNIV SW,40.0,,14510.31,Cash,Swansea,UK,40.0,debit
5873,2016-04-29,DD,UCU B ACCOUNT,22.37,,14550.31,Others,Swansea,UK,22.37,debit
5874,2016-04-29,BGC,SWANSEA UNI - PAY,,3085.64,14572.68,Paycheck,Swansea,UK,3085.64,credit
5875,2016-04-28,BP,SAVE THE CHANGE,1.25,,11487.04,Savings,Swansea,UK,1.25,debit
5876,2016-04-27,DEB,Amazon UK Marketpl,23.49,,11488.29,Amazon,Swansea,UK,23.49,debit
5877,2016-04-27,CPT,LOYD WALES UNIV SW,50.0,,11511.78,Cash,Swansea,UK,50.0,debit
5878,2016-04-27,DEB,Amazon UK Marketpl,9.26,,11561.78,Amazon,Swansea,UK,9.26,debit
5879,2016-04-26,BP,SAVE THE CHANGE,1.46,,11571.04,Savings,Swansea,UK,1.46,debit
5880,2016-04-25,DEB,Amazon UK Retail,34.99,,11572.5,Amazon,Swansea,UK,34.99,debit
5881,2016-04-25,DEB,Amazon UK Marketpl,16.45,,11607.49,Amazon,Swansea,UK,16.45,debit
5882,2016-04-25,DEB,Amazon UK Marketpl,13.99,,11623.94,Amazon,Swansea,UK,13.99,debit
5883,2016-04-25,DEB,Amazon UK Marketpl,3.87,,11637.93,Amazon,Swansea,UK,3.87,debit
5884,2016-04-25,DEB,Amazon UK Marketpl,12.86,,11641.8,Amazon,Swansea,UK,12.86,debit
5885,2016-04-25,DEB,Amazon UK Marketpl,1.95,,11654.66,Amazon,Swansea,UK,1.95,debit
5886,2016-04-25,DEB,Amazon UK Retail,26.43,,11656.61,Amazon,Swansea,UK,26.43,debit
5887,2016-04-25,DD,CORGI HOMEPLAN CA,19.5,,11683.04,Home Improvement,Swansea,UK,19.5,debit
5888,2016-04-22,CPT,LOYD WALES UNIV SW,40.0,,11702.54,Cash,Swansea,UK,40.0,debit
5889,2016-04-22,DEP,SWANSEA UNIVERSITY,,491.23,11742.54,Supplementary Income,Swansea,UK,491.23,credit
5890,2016-04-22,BP,SAVE THE CHANGE,0.07,,11251.31,Savings,Swansea,UK,0.07,debit
5891,2016-04-21,DEB,HMSHOST AMSTERDAM,21.93,,11251.38,Dine Out,Amsterdam,Netherlands,21.93,debit
5892,2016-04-21,DD,VIRGIN MEDIA PYMTS,27.99,,11273.31,Bills,Nottingham,UK,27.99,debit
5893,2016-04-21,BP,SAVE THE CHANGE,0.01,,11301.3,Savings,Swansea,UK,0.01,debit
5894,2016-04-20,DEB,Amazon UK Retail,11.99,,11301.31,Amazon,Swansea,UK,11.99,debit
5895,2016-04-19,BP,SAVE THE CHANGE,0.99,,11313.3,Savings,Swansea,UK,0.99,debit
5896,2016-04-18,DEB,HMSHOST AMSTERDAM,30.22,,11314.29,Dine Out,Amsterdam,Netherlands,30.22,debit
5897,2016-04-18,DEB,NON-STG PURCH FEE,1.0,,11344.51,Others,Swansea,UK,1.0,debit
5898,2016-04-18,DEB,NON-STG TRANS FEE,0.14,,11345.51,Others,Swansea,UK,0.14,debit
5899,2016-04-18,DEB,WWW.HOTSPOTSCHIPHO,4.79,,11345.65,Uncategorized,Unknown,Unknown,4.79,debit
5900,2016-04-18,DD,O2,38.92,,11350.44,Other Shopping,Swansea,UK,38.92,debit
5901,2016-04-18,BP,SAVE THE CHANGE,1.42,,11389.36,Savings,Swansea,UK,1.42,debit
5902,2016-04-15,DEB,Shop 1/ Fashion Sh,72.28,,11390.78,Clothes,Unknown,Unknown,72.28,debit
5903,2016-04-15,DEB,ARRIVA TRAINS WALE,8.3,,11463.06,Travel,Unknown,Unknown,8.3,debit
5904,2016-04-15,BP,SAVE THE CHANGE,0.1,,11471.36,Savings,Swansea,UK,0.1,debit
5905,2016-04-14,DEB,JS ONLINE GROCERY,262.9,,11471.46,Groceries,Swansea,UK,262.9,debit
5906,2016-04-14,CPT,LNK ARRIVA TRAINS,50.0,,11734.36,Cash,Unknown,Unknown,50.0,debit
5907,2016-04-14,BP,SAVE THE CHANGE,0.5,,11784.36,Savings,Swansea,UK,0.5,debit
5908,2016-04-13,DEB,W DAVIES & SON,12.5,,11784.86,Others,Swansea,UK,12.5,debit
5909,2016-04-13,CPT,LOYD WALES UNIV SW,40.0,,11797.36,Cash,Swansea,UK,40.0,debit
5910,2016-12-04,DEB,THE BIKE HUB,35.0,,11837.36,Other Shopping,Unknown,Unknown,35.0,debit
5911,2016-12-04,CPT,LOYD WALES UNIV SW,50.0,,11872.36,Cash,Swansea,UK,50.0,debit
5912,2016-12-04,BP,SAVE THE CHANGE,0.69,,11922.36,Savings,Swansea,UK,0.69,debit
5913,2016-11-04,FPO,A.MEADOWCROFT,40.0,,11923.05,Services,Swansea,UK,40.0,debit
5914,2016-11-04,DEB,Amazon UK Retail,7.8,,11963.05,Amazon,Swansea,UK,7.8,debit
5915,2016-11-04,DEB,Amazon UK Marketpl,1.51,,11970.85,Amazon,Swansea,UK,1.51,debit
5916,2016-11-04,BP,SAVE THE CHANGE,0.6,,11972.36,Savings,Swansea,UK,0.6,debit
5917,2016-08-04,DEB,CHINA VISA SERVICE,176.0,,11972.96,Travel,Unknown,Unknown,176.0,debit
5918,2016-08-04,DEB,ARRIVA TRAINS WALE,87.4,,12148.96,Travel,Unknown,Unknown,87.4,debit
5919,2016-08-04,CPT,LOYD WALES UNIV SW,50.0,,12236.36,Cash,Swansea,UK,50.0,debit
5920,2016-08-04,DD,LV LIFE,37.12,,12286.36,Insurance,Swansea,UK,37.12,debit
5921,2016-08-04,BP,SAVE THE CHANGE,0.1,,12323.48,Savings,Swansea,UK,0.1,debit
5922,2016-07-04,DEB,LUL TICKET MACHINE,4.9,,12323.58,Travel,London,UK,4.9,debit
5923,2016-07-04,DEB,ST GILES HOTEL,239.0,,12328.48,Hotels,Unknown,Unknown,239.0,debit
5924,2016-06-04,CPT,HFX  TOTTENHAM COU,50.0,,12567.48,Cash,London,UK,50.0,debit
5925,2016-06-04,DD,CC SWANSEA C.TAX,125.44,,12617.48,Bills,Swansea,UK,125.44,debit
5926,2016-06-04,BP,SAVE THE CHANGE,0.1,,12742.92,Savings,Swansea,UK,0.1,debit
5927,2016-05-04,DEB,ARRIVA TRAINS WALE,101.0,,12743.02,Travel,Unknown,Unknown,101.0,debit
5928,2016-05-04,DEB,LUL TICKET MACHINE,4.9,,12844.02,Travel,London,UK,4.9,debit
5929,2016-05-04,DD,ASSURANT INTER LTD,35.56,,12848.92,Insurance,Swansea,UK,35.56,debit
5930,2016-05-04,BP,SAVE THE CHANGE,2.33,,12884.48,Savings,Swansea,UK,2.33,debit
5931,2016-04-04,DEB,Amazon UK Marketpl,74.99,,12886.81,Amazon,Swansea,UK,74.99,debit
5932,2016-04-04,DEB,Amazon UK Marketpl,20.24,,12961.8,Amazon,Swansea,UK,20.24,debit
5933,2016-04-04,DEB,Amazon *Mktplce EU,8.02,,12982.04,Amazon,Swansea,UK,8.02,debit
5934,2016-04-04,DEB,Amazon UK Marketpl,5.42,,12990.06,Amazon,Swansea,UK,5.42,debit
5935,2016-04-04,BP,SAVE THE CHANGE,0.15,,12995.48,Savings,Swansea,UK,0.15,debit
5936,2016-01-04,FEE,ACCOUNT FEE,9.95,,12995.63,Bills,Swansea,UK,9.95,debit
5937,2016-01-04,Unknown,INTEREST (NET),,5.07,13005.58,Interest,Swansea,UK,5.07,credit
5938,2016-01-04,DEB,Amazon UK Marketpl,3.85,,13000.51,Amazon,Swansea,UK,3.85,debit
5939,2016-01-04,DD,NATWEST BANK,828.49,,13004.36,Mortgage,Swansea,UK,828.49,debit
5940,2016-01-04,DD,GOOD ENERGY GAS,43.0,,13832.85,Bills,Swansea,UK,43.0,debit
5941,2016-01-04,DD,DWR CYMRU W WATER,14.5,,13875.85,Bills,Swansea,UK,14.5,debit
5942,2016-01-04,DD,GOOD ENERGY LTD,13.0,,13890.35,Bills,Swansea,UK,13.0,debit
5943,2016-01-04,DD,TV LICENCE MBP,12.12,,13903.35,Bills,Swansea,UK,12.12,debit
5944,2016-01-04,SO,ESAVINGS ACCOUNT,300.0,,13915.47,Savings,Swansea,UK,300.0,debit
5945,2016-01-04,BP,SAVE THE CHANGE,1.31,,14215.47,Savings,Swansea,UK,1.31,debit
5946,2016-03-31,DEB,Amazon UK Retail,12.45,,14216.78,Amazon,Swansea,UK,12.45,debit
5947,2016-03-31,DEB,Amazon UK Marketpl,10.24,,14229.23,Amazon,Swansea,UK,10.24,debit
5948,2016-03-31,DD,UNIV & COL UNION,22.37,,14239.47,Services,Swansea,UK,22.37,debit
5949,2016-03-31,BGC,SWANSEA UNIVERSITY,,3126.88,14261.84,Supplementary Income,Swansea,UK,3126.88,credit
5950,2016-03-30,BP,SAVE THE CHANGE,2.14,,11134.96,Savings,Swansea,UK,2.14,debit
5951,2016-03-29,DEB,Amazon UK Marketpl,27.89,,11137.1,Amazon,Swansea,UK,27.89,debit
5952,2016-03-29,DEB,Amazon UK Marketpl,17.95,,11164.99,Amazon,Swansea,UK,17.95,debit
5953,2016-03-29,DEB,Amazon UK Marketpl,16.17,,11182.94,Amazon,Swansea,UK,16.17,debit
5954,2016-03-29,DEB,POST OFFICE COUNTE,14.5,,11199.11,Others,Swansea,UK,14.5,debit
5955,2016-03-29,DEB,Amazon UK Marketpl,6.56,,11213.61,Amazon,Swansea,UK,6.56,debit
5956,2016-03-29,DEB,Amazon UK Marketpl,5.79,,11220.17,Amazon,Swansea,UK,5.79,debit
5957,2016-03-29,CPT,LOYD WALES UNIV SW,30.0,,11225.96,Cash,Swansea,UK,30.0,debit
5958,2016-03-24,CPT,LOYD WALES UNIV SW,50.0,,11255.96,Cash,Swansea,UK,50.0,debit
5959,2016-03-24,BP,SAVE THE CHANGE,0.2,,11305.96,Savings,Swansea,UK,0.2,debit
5960,2016-03-23,DEB,ARRIVA TRAINS WALE,91.8,,11306.16,Travel,Unknown,Unknown,91.8,debit
5961,2016-03-22,DEB,Amazon UK Marketpl,18.0,,11397.96,Amazon,Swansea,UK,18.0,debit
5962,2016-03-22,DD,CORGI HOMEPLAN CA,19.5,,11415.96,Home Improvement,Swansea,UK,19.5,debit
5963,2016-03-22,BP,SAVE THE CHANGE,0.52,,11435.46,Savings,Swansea,UK,0.52,debit
5964,2016-03-21,DEB,Amazon UK Retail,7.5,,11435.98,Amazon,Swansea,UK,7.5,debit
5965,2016-03-21,DEB,Amazon UK Marketpl,4.98,,11443.48,Amazon,Swansea,UK,4.98,debit
5966,2016-03-21,DD,VIRGIN MEDIA PYMTS,27.99,,11448.46,Bills,Nottingham,UK,27.99,debit
5967,2016-03-21,BP,SAVE THE CHANGE,0.14,,11476.45,Savings,Swansea,UK,0.14,debit
5968,2016-03-18,DEB,Amazon UK Marketpl,19.99,,11476.59,Amazon,Swansea,UK,19.99,debit
5969,2016-03-18,DEB,Amazon UK Marketpl,2.87,,11496.58,Amazon,Swansea,UK,2.87,debit
5970,2016-03-18,CPT,LOYD WALES UNIV SW,50.0,,11499.45,Cash,Swansea,UK,50.0,debit
5971,2016-03-18,BP,SAVE THE CHANGE,2.0,,11549.45,Savings,Swansea,UK,2.0,debit
5972,2016-03-17,DEB,Amazon Svcs Europe,17.24,,11551.45,Amazon,Swansea,UK,17.24,debit
5973,2016-03-17,DEB,POST OFFICE COUNTE,14.5,,11568.69,Others,Swansea,UK,14.5,debit
5974,2016-03-17,DEB,Amazon UK Marketpl,4.26,,11583.19,Amazon,Swansea,UK,4.26,debit
5975,2016-03-17,BP,SAVE THE CHANGE,2.68,,11587.45,Savings,Swansea,UK,2.68,debit
5976,2016-03-16,DEB,WWW.COLSTONHALL.OR,85.35,,11590.13,Travel,Bristol,Unknown,85.35,debit
5977,2016-03-16,DEB,Amazon UK Retail,12.35,,11675.48,Amazon,Swansea,UK,12.35,debit
5978,2016-03-16,DEB,Amazon UK Retail,11.99,,11687.83,Amazon,Swansea,UK,11.99,debit
5979,2016-03-16,DEB,Amazon UK Marketpl,11.41,,11699.82,Amazon,Swansea,UK,11.41,debit
5980,2016-03-16,DEB,Amazon Svcs Europe,10.22,,11711.23,Amazon,Swansea,UK,10.22,debit
5981,2016-03-16,CPT,LOYD WALES UNIV SW,50.0,,11721.45,Cash,Swansea,UK,50.0,debit
5982,2016-03-16,DD,O2,18.21,,11771.45,Other Shopping,Swansea,UK,18.21,debit
5983,2016-03-15,BP,SAVE THE CHANGE,0.91,,11789.66,Savings,Swansea,UK,0.91,debit
5984,2016-03-14,DEB,AMAZON MKTPLACE PM,26.85,,11790.57,Amazon,Swansea,UK,26.85,debit
5985,2016-03-14,DEB,Amazon Svcs Europe,2.75,,11817.42,Amazon,Swansea,UK,2.75,debit
5986,2016-03-14,DEB,NON-STG PURCH FEE,1.0,,11820.17,Others,Swansea,UK,1.0,debit
5987,2016-03-14,DEB,NON-STG TRANS FEE,0.1,,11821.17,Others,Swansea,UK,0.1,debit
5988,2016-03-14,DEB,RLR-CC.COM 1 88846,3.49,,11821.27,Others,Swansea,UK,3.49,debit
5989,2016-03-14,BP,SAVE THE CHANGE,0.72,,11824.76,Savings,Swansea,UK,0.72,debit
5990,2016-03-14,BGC,UNIOF WARWICK,,101.45,11825.48,Supplementary Income,Swansea,UK,101.45,credit
5991,2016-03-14,DEB,NON-STG PURCH FEE,1.0,,11724.03,Others,Swansea,UK,1.0,debit
5992,2016-03-14,DEB,NON-STG TRANS FEE,0.1,,11725.03,Others,Swansea,UK,0.1,debit
5993,2016-03-14,DEB,ACTBLUE*BERNIE.SAN,3.54,,11725.13,Services,Swansea,UK,3.54,debit
5994,2016-11-03,DEB,Amazon UK Marketpl,10.74,,11728.67,Amazon,Swansea,UK,10.74,debit
5995,2016-10-03,CHQ,45,1100.0,,11739.41,Cash,Unknown,Unknown,1100.0,debit
5996,2016-09-03,DEB,Amazon Prime,79.0,,12839.41,Amazon,Swansea,UK,79.0,debit
5997,2016-09-03,DD,LV LIFE,37.12,,12918.41,Insurance,Swansea,UK,37.12,debit
5998,2016-09-03,BP,SAVE THE CHANGE,0.58,,12955.53,Savings,Swansea,UK,0.58,debit
5999,2016-08-03,DEB,AMAZON MKTPLACE PM,12.42,,12956.11,Amazon,Swansea,UK,12.42,debit
6000,2016-07-03,BP,SAVE THE CHANGE,0.43,,12968.53,Savings,Swansea,UK,0.43,debit
6001,2016-04-03,DEB,NON-STG PURCH FEE,1.0,,12968.96,Others,Swansea,UK,1.0,debit
6002,2016-04-03,DEB,NON-STG TRANS FEE,0.1,,12969.96,Others,Swansea,UK,0.1,debit
6003,2016-04-03,DEB,ACTBLUE*BERNIE.SAN,3.57,,12970.06,Services,Swansea,UK,3.57,debit
6004,2016-04-03,CPT,LOYD WALES UNIV SW,50.0,,12973.63,Cash,Swansea,UK,50.0,debit
6005,2016-04-03,BP,SAVE THE CHANGE,0.55,,13023.63,Savings,Swansea,UK,0.55,debit
6006,2016-03-03,DEB,JS ONLINE GROCERY,241.45,,13024.18,Groceries,Swansea,UK,241.45,debit
6007,2016-03-03,DD,ASSURANT INTER LTD,35.56,,13265.63,Insurance,Swansea,UK,35.56,debit
6008,2016-03-03,BP,SAVE THE CHANGE,0.51,,13301.19,Savings,Swansea,UK,0.51,debit
6009,2016-02-03,DEB,Amazon UK Retail,10.49,,13301.7,Amazon,Swansea,UK,10.49,debit
6010,2016-02-03,TFR,F/FLOW UNIVERSITY,,907.92,13312.19,Supplementary Income,Swansea,UK,907.92,credit
6011,2016-02-03,BP,SAVE THE CHANGE,0.05,,12404.27,Savings,Swansea,UK,0.05,debit
6012,2016-01-03,FEE,ACCOUNT FEE,9.95,,12404.32,Bills,Swansea,UK,9.95,debit
6013,2016-01-03,Unknown,INTEREST (NET),,4.74,12414.27,Interest,Swansea,UK,4.74,credit
6014,2016-01-03,DEB,Amazon UK Marketpl,49.95,,12409.53,Amazon,Swansea,UK,49.95,debit
6015,2016-01-03,DD,NATWEST BANK,828.49,,12459.48,Mortgage,Swansea,UK,828.49,debit
6016,2016-01-03,DD,GOOD ENERGY GAS,43.0,,13287.97,Bills,Swansea,UK,43.0,debit
6017,2016-01-03,DD,DWR CYMRU W WATER,14.5,,13330.97,Bills,Swansea,UK,14.5,debit
6018,2016-01-03,DD,GOOD ENERGY LTD,13.0,,13345.47,Bills,Swansea,UK,13.0,debit
6019,2016-01-03,DD,TV LICENCE MBP,12.12,,13358.47,Bills,Swansea,UK,12.12,debit
6020,2016-01-03,SO,ESAVINGS ACCOUNT,300.0,,13370.59,Savings,Swansea,UK,300.0,debit
6021,2016-02-29,DEB,IKEA ONLINE,98.0,,13670.59,Other Shopping,Unknown,Unknown,98.0,debit
6022,2016-02-29,DD,UNIV & COL UNION,22.37,,13768.59,Services,Swansea,UK,22.37,debit
6023,2016-02-29,BGC,SWANSEA UNIVERSITY,,3127.28,13790.96,Supplementary Income,Swansea,UK,3127.28,credit
6024,2016-02-26,CPT,LOYD WALES UNIV SW,50.0,,10663.68,Cash,Swansea,UK,50.0,debit
6025,2016-02-26,BGC,SWANSEA UNIVERSITY,,964.6,10713.68,Supplementary Income,Swansea,UK,964.6,credit
6026,2016-02-25,CHQ,44,50.0,,9749.08,Cash,Unknown,Unknown,50.0,debit
6027,2016-02-24,BP,SAVE THE CHANGE,0.01,,9799.08,Savings,Swansea,UK,0.01,debit
6028,2016-02-23,DEB,Amazon UK Retail,11.99,,9799.09,Amazon,Swansea,UK,11.99,debit
6029,2016-02-23,CPT,LOYD WALES UNIV SW,40.0,,9811.08,Cash,Swansea,UK,40.0,debit
6030,2016-02-23,FPO,A.MEADOWCROFT,65.0,,9851.08,Services,Swansea,UK,65.0,debit
6031,2016-02-23,BP,SAVE THE CHANGE,0.56,,9916.08,Savings,Swansea,UK,0.56,debit
6032,2016-02-22,DEB,Amazon UK Marketpl,37.69,,9916.64,Amazon,Swansea,UK,37.69,debit
6033,2016-02-22,DEB,Amazon UK Retail,10.0,,9954.33,Amazon,Swansea,UK,10.0,debit
6034,2016-02-22,DEB,Amazon UK Marketpl,4.75,,9964.33,Amazon,Swansea,UK,4.75,debit
6035,2016-02-22,DD,VIRGIN MEDIA PYMTS,27.99,,9969.08,Bills,Nottingham,UK,27.99,debit
6036,2016-02-19,CPT,LOYD WALES UNIV SW,30.0,,9997.07,Cash,Swansea,UK,30.0,debit
6037,2016-02-19,BP,SAVE THE CHANGE,0.67,,10027.07,Savings,Swansea,UK,0.67,debit
6038,2016-02-18,DEB,Amazon UK Marketpl,12.99,,10027.74,Amazon,Swansea,UK,12.99,debit
6039,2016-02-18,DEB,Amazon UK Marketpl,1.34,,10040.73,Amazon,Swansea,UK,1.34,debit
6040,2016-02-18,BP,SAVE THE CHANGE,1.35,,10042.07,Savings,Swansea,UK,1.35,debit
6041,2016-02-17,DEB,ARRIVA TRAINS WALE,73.5,,10043.42,Travel,Unknown,Unknown,73.5,debit
6042,2016-02-17,DEB,Amazon UK Marketpl,21.16,,10116.92,Amazon,Swansea,UK,21.16,debit
6043,2016-02-17,DEB,Amazon UK Marketpl,19.99,,10138.08,Amazon,Swansea,UK,19.99,debit
6044,2016-02-16,CPT,LNK ARRIVA TRAINS,50.0,,10158.07,Cash,Unknown,Unknown,50.0,debit
6045,2016-02-16,DD,O2,18.92,,10208.07,Other Shopping,Swansea,UK,18.92,debit
6046,2016-02-16,BP,SAVE THE CHANGE,0.92,,10226.99,Savings,Swansea,UK,0.92,debit
6047,2016-02-15,DEB,Amazon UK Retail,21.09,,10227.91,Amazon,Swansea,UK,21.09,debit
6048,2016-02-15,DEB,Amazon UK Retail,7.0,,10249.0,Amazon,Swansea,UK,7.0,debit
6049,2016-02-15,DEB,Amazon UK Marketpl,3.99,,10256.0,Amazon,Swansea,UK,3.99,debit
6050,2016-02-15,DEP,SWANSEA UNIVERSITY,,18.0,10259.99,Supplementary Income,Swansea,UK,18.0,credit
6051,2016-12-02,CPT,LOYD WALES UNIV SW,20.0,,10241.99,Cash,Swansea,UK,20.0,debit
6052,2016-11-02,CPT,LOYD WALES UNIV SW,40.0,,10261.99,Cash,Swansea,UK,40.0,debit
6053,2016-10-02,BP,SAVE THE CHANGE,0.01,,10301.99,Savings,Swansea,UK,0.01,debit
6054,2016-09-02,DEB,Amazon UK Retail,17.99,,10302.0,Amazon,Swansea,UK,17.99,debit
6055,2016-09-02,DEB,Amazon UK Retail,5.0,,10319.99,Amazon,Swansea,UK,5.0,debit
6056,2016-08-02,DD,LV LIFE,37.12,,10324.99,Insurance,Swansea,UK,37.12,debit
6057,2016-08-02,FPO,A.MEADOWCROFT,90.0,,10362.11,Services,Swansea,UK,90.0,debit
6058,2016-05-02,CPT,LOYD WALES UNIV SW,100.0,,10452.11,Cash,Swansea,UK,100.0,debit
6059,2016-04-02,CPT,LOYD WALES UNIV SW,100.0,,10552.11,Cash,Swansea,UK,100.0,debit
6060,2016-04-02,BP,SAVE THE CHANGE,0.25,,10652.11,Savings,Swansea,UK,0.25,debit
6061,2016-03-02,DEB,Amazon UK Marketpl,8.75,,10652.36,Amazon,Swansea,UK,8.75,debit
6062,2016-03-02,DD,ASSURANT INTER LTD,35.56,,10661.11,Insurance,Swansea,UK,35.56,debit
6063,2016-02-02,CPT,LOYD WALES UNIV SW,50.0,,10696.67,Cash,Swansea,UK,50.0,debit
6064,2016-02-02,BP,SAVE THE CHANGE,1.33,,10746.67,Savings,Swansea,UK,1.33,debit
6065,2016-01-02,FEE,ACCOUNT FEE,9.95,,10748.0,Bills,Swansea,UK,9.95,debit
6066,2016-01-02,Unknown,INTEREST (NET),,4.57,10757.95,Interest,Swansea,UK,4.57,credit
6067,2016-01-02,DEB,Amazon UK Marketpl,26.55,,10753.38,Amazon,Swansea,UK,26.55,debit
6068,2016-01-02,DEB,Amazon UK Marketpl,19.28,,10779.93,Amazon,Swansea,UK,19.28,debit
6069,2016-01-02,DEB,Amazon UK Marketpl,9.84,,10799.21,Amazon,Swansea,UK,9.84,debit
6070,2016-01-02,DD,NATWEST BANK,828.49,,10809.05,Mortgage,Swansea,UK,828.49,debit
6071,2016-01-02,DD,CC SWANSEA C.TAX,122.0,,11637.54,Bills,Swansea,UK,122.0,debit
6072,2016-01-02,DD,GOOD ENERGY GAS,43.0,,11759.54,Bills,Swansea,UK,43.0,debit
6073,2016-01-02,DD,DWR CYMRU W WATER,14.5,,11802.54,Bills,Swansea,UK,14.5,debit
6074,2016-01-02,DD,GOOD ENERGY LTD,13.0,,11817.04,Bills,Swansea,UK,13.0,debit
6075,2016-01-02,DD,TV LICENCE MBP,12.12,,11830.04,Bills,Swansea,UK,12.12,debit
6076,2016-01-02,SO,ESAVINGS ACCOUNT,300.0,,11842.16,Savings,Swansea,UK,300.0,debit
6077,2016-01-02,BP,SAVE THE CHANGE,0.85,,12142.16,Savings,Swansea,UK,0.85,debit
6078,2016-01-29,DEB,Amazon UK Marketpl,1.15,,12143.01,Amazon,Swansea,UK,1.15,debit
6079,2016-01-29,CPT,LOYD WALES UNIV SW,50.0,,12144.16,Cash,Swansea,UK,50.0,debit
6080,2016-01-29,DD,UNIV & COL UNION,22.37,,12194.16,Services,Swansea,UK,22.37,debit
6081,2016-01-29,BGC,SWANSEA UNIVERSITY,,3126.88,12216.53,Supplementary Income,Swansea,UK,3126.88,credit
6082,2016-01-27,BP,SAVE THE CHANGE,1.32,,9089.65,Savings,Swansea,UK,1.32,debit
6083,2016-01-26,DEB,Amazon UK Retail,17.17,,9090.97,Amazon,Swansea,UK,17.17,debit
6084,2016-01-26,DEB,Amazon UK Marketpl,9.99,,9108.14,Amazon,Swansea,UK,9.99,debit
6085,2016-01-26,DEB,Amazon UK Marketpl,7.98,,9118.13,Amazon,Swansea,UK,7.98,debit
6086,2016-01-26,DEB,Amazon UK Marketpl,5.9,,9126.11,Amazon,Swansea,UK,5.9,debit
6087,2016-01-26,DEB,Amazon UK Marketpl,3.64,,9132.01,Amazon,Swansea,UK,3.64,debit
6088,2016-01-26,CPT,LOYD WALES UNIV SW,50.0,,9135.65,Cash,Swansea,UK,50.0,debit
6089,2016-01-25,BP,SAVE THE CHANGE,0.39,,9185.65,Savings,Swansea,UK,0.39,debit
6090,2016-01-22,DEB,NON-STG PURCH FEE,1.0,,9186.04,Others,Swansea,UK,1.0,debit
6091,2016-01-22,DEB,NON-STG TRANS FEE,20.41,,9187.04,Others,Swansea,UK,20.41,debit
6092,2016-01-22,DEB,HILTON HTL UNIV OF,682.61,,9207.45,Travel,Unknown,Unknown,682.61,debit
6093,2016-01-21,DD,VIRGIN MEDIA PYMTS,16.91,,9890.06,Bills,Nottingham,UK,16.91,debit
6094,2016-01-21,DEB,NON-STG CASH FEE,2.0,,9906.97,Others,Swansea,UK,2.0,debit
6095,2016-01-21,DEB,NON-STG TRANS FEE,2.16,,9908.97,Others,Swansea,UK,2.16,debit
6096,2016-01-21,DEB,*UNIVERSITY OF HOU,72.51,,9911.13,Travel,Houston,USA,72.51,debit
6097,2016-01-20,BP,SAVE THE CHANGE,0.55,,9983.64,Savings,Swansea,UK,0.55,debit
6098,2016-01-19,DEB,NON-STG PURCH FEE,1.0,,9984.19,Others,Swansea,UK,1.0,debit
6099,2016-01-19,DEB,NON-STG TRANS FEE,0.52,,9985.19,Others,Swansea,UK,0.52,debit
6100,2016-01-19,DEB,UNITED  016260,17.45,,9985.71,Travel,Unknown,Unknown,17.45,debit
6101,2016-01-19,BP,SAVE THE CHANGE,0.8,,10003.16,Savings,Swansea,UK,0.8,debit
6102,2016-01-18,DEB,NON-STG PURCH FEE,1.0,,10003.96,Others,Swansea,UK,1.0,debit
6103,2016-01-18,DEB,NON-STG TRANS FEE,4.55,,10004.96,Others,Swansea,UK,4.55,debit
6104,2016-01-18,DEB,HOLIDAY INN HOUSTO,152.2,,10009.51,Hotels,Unknown,Unknown,152.2,debit
6105,2016-01-18,DD,O2,16.62,,10161.71,Other Shopping,Swansea,UK,16.62,debit
6106,2016-12-01,BP,SAVE THE CHANGE,1.94,,10178.33,Savings,Swansea,UK,1.94,debit
6107,2016-11-01,DEB,NON-STG PURCH FEE,1.0,,10180.27,Others,Swansea,UK,1.0,debit
6108,2016-11-01,DEB,NON-STG TRANS FEE,0.55,,10181.27,Others,Swansea,UK,0.55,debit
6109,2016-11-01,DEB,HOUSTON GEORGE BUS,18.59,,10181.82,Travel,Huston,USA,18.59,debit
6110,2016-11-01,DEB,NON-STG PURCH FEE,1.0,,10200.41,Others,Swansea,UK,1.0,debit
6111,2016-11-01,DEB,NON-STG TRANS FEE,0.51,,10201.41,Others,Swansea,UK,0.51,debit
6112,2016-11-01,DEB,UNITED  016260,17.18,,10201.92,Travel,Unknown,Unknown,17.18,debit
6113,2016-11-01,DEB,Amazon UK Marketpl,14.29,,10219.1,Amazon,Swansea,UK,14.29,debit
6114,2016-11-01,BP,SAVE THE CHANGE,0.16,,10233.39,Savings,Swansea,UK,0.16,debit
6115,2016-08-01,DEB,Amazon UK Retail,34.99,,10233.55,Amazon,Swansea,UK,34.99,debit
6116,2016-08-01,DEB,Amazon UK Marketpl,7.85,,10268.54,Amazon,Swansea,UK,7.85,debit
6117,2016-08-01,CPT,LOYD WALES UNIV SW,40.0,,10276.39,Cash,Swansea,UK,40.0,debit
6118,2016-08-01,DD,LV LIFE,37.12,,10316.39,Insurance,Swansea,UK,37.12,debit
6119,2016-08-01,BP,SAVE THE CHANGE,1.2,,10353.51,Savings,Swansea,UK,1.2,debit
6120,2016-07-01,DEB,JS ONLINE GROCERY,231.6,,10354.71,Groceries,Swansea,UK,231.6,debit
6121,2016-07-01,DEB,AMAZON MKTPLACE PM,16.2,,10586.31,Amazon,Swansea,UK,16.2,debit
6122,2016-07-01,CPT,LOYD WALES UNIV SW,100.0,,10602.51,Cash,Swansea,UK,100.0,debit
6123,2016-07-01,BP,SAVE THE CHANGE,0.77,,10702.51,Savings,Swansea,UK,0.77,debit
6124,2016-06-01,DEB,Amazon UK Marketpl,11.75,,10703.28,Amazon,Swansea,UK,11.75,debit
6125,2016-06-01,DEB,Amazon UK Marketpl,5.5,,10715.03,Amazon,Swansea,UK,5.5,debit
6126,2016-06-01,DEB,Amazon UK Marketpl,3.98,,10720.53,Amazon,Swansea,UK,3.98,debit
6127,2016-05-01,CPT,LOYD WALES UNIV SW,100.0,,10724.51,Cash,Swansea,UK,100.0,debit
6128,2016-05-01,BP,SAVE THE CHANGE,0.15,,10824.51,Savings,Swansea,UK,0.15,debit
6129,2016-04-01,FEE,ACCOUNT FEE,9.95,,10824.66,Bills,Swansea,UK,9.95,debit
6130,2016-04-01,Unknown,INTEREST (NET),,5.56,10834.61,Interest,Swansea,UK,5.56,credit
6131,2016-04-01,DEB,Amazon UK Retail,8.99,,10829.05,Amazon,Swansea,UK,8.99,debit
6132,2016-04-01,DEB,Amazon UK Marketpl,1.86,,10838.04,Amazon,Swansea,UK,1.86,debit
6133,2016-04-01,DD,NATWEST BANK,828.49,,10839.9,Mortgage,Swansea,UK,828.49,debit
6134,2016-04-01,DD,CC SWANSEA C.TAX,122.0,,11668.39,Bills,Swansea,UK,122.0,debit
6135,2016-04-01,DD,GOOD ENERGY GAS,43.0,,11790.39,Bills,Swansea,UK,43.0,debit
6136,2016-04-01,DD,ASSURANT INTER LTD,35.56,,11833.39,Insurance,Swansea,UK,35.56,debit
6137,2016-04-01,DD,DWR CYMRU W WATER,14.5,,11868.95,Bills,Swansea,UK,14.5,debit
6138,2016-04-01,DD,GOOD ENERGY LTD,13.0,,11883.45,Bills,Swansea,UK,13.0,debit
6139,2016-04-01,DD,TV LICENCE MBP,12.12,,11896.45,Bills,Swansea,UK,12.12,debit
6140,2016-04-01,SO,ESAVINGS ACCOUNT,300.0,,11908.57,Savings,Swansea,UK,300.0,debit
6141,2016-04-01,BP,SAVE THE CHANGE,1.97,,12208.57,Savings,Swansea,UK,1.97,debit
6142,2016-04-01,CPT,LNK THE COOPERATIV,40.0,,12210.54,Cash,Unknown,Unknown,40.0,debit
6143,2015-12-31,DEB,Amazon UK Retail,26.93,,12250.54,Amazon,Swansea,UK,26.93,debit
6144,2015-12-31,DEB,Amazon UK Retail,8.97,,12277.47,Amazon,Swansea,UK,8.97,debit
6145,2015-12-31,DEB,Amazon UK Marketpl,8.36,,12286.44,Amazon,Swansea,UK,8.36,debit
6146,2015-12-31,DEB,Amazon UK Marketpl,2.55,,12294.8,Amazon,Swansea,UK,2.55,debit
6147,2015-12-31,DEB,PAYPAL *CARL DAVIE,47.22,,12297.35,Services,Swansea,UK,47.22,debit
6148,2015-12-31,DD,UNIV & COL UNION,22.37,,12344.57,Services,Swansea,UK,22.37,debit
6149,2015-12-31,BP,SAVE THE CHANGE,3.39,,12366.94,Savings,Swansea,UK,3.39,debit
6150,2015-12-30,DEB,LUSH RETAIL LTD,47.29,,12370.33,Other Shopping,Unknown,Unknown,47.29,debit
6151,2015-12-30,DEB,SPORTSDIRECT 141,19.99,,12417.62,Other Shopping,Unknown,Unknown,19.99,debit
6152,2015-12-30,DEB,EXOTICA,13.14,,12437.61,Groceries,Swansea,UK,13.14,debit
6153,2015-12-30,DEB,Amazon UK Marketpl,6.2,,12450.75,Amazon,Swansea,UK,6.2,debit
6154,2015-12-30,DEB,Amazon UK Marketpl,4.98,,12456.95,Amazon,Swansea,UK,4.98,debit
6155,2015-12-30,DEB,Amazon Svcs Europe,3.94,,12461.93,Amazon,Swansea,UK,3.94,debit
6156,2015-12-30,DEB,Amazon Svcs Europe,2.07,,12465.87,Amazon,Swansea,UK,2.07,debit
6157,2015-12-30,BP,SAVE THE CHANGE,0.21,,12467.94,Savings,Swansea,UK,0.21,debit
6158,2015-12-29,DEB,Amazon UK Marketpl,117.99,,12468.15,Amazon,Swansea,UK,117.99,debit
6159,2015-12-29,DEB,SAINSBURYS - SWANS,22.85,,12586.14,Groceries,Swansea,UK,22.85,debit
6160,2015-12-29,DEB,Amazon UK Marketpl,32.95,,12608.99,Amazon,Swansea,UK,32.95,debit
6161,2015-12-29,DEB,CO-OP GROUP FOOD,19.0,,12641.94,Groceries,Unknown,Unknown,19.0,debit
6162,2015-12-29,DEB,Amazon UK Retail,12.0,,12660.94,Amazon,Swansea,UK,12.0,debit
6163,2015-12-24,BP,SAVE THE CHANGE,0.13,,12672.94,Savings,Swansea,UK,0.13,debit
6164,2015-12-24,BGC,SWANSEA UNIVERSITY,,1612.63,12673.07,Supplementary Income,Swansea,UK,1612.63,credit
6165,2015-12-23,DEB,Amazon UK Marketpl,1.87,,11060.44,Amazon,Swansea,UK,1.87,debit
6166,2015-12-23,BP,SAVE THE CHANGE,0.8,,11062.31,Savings,Swansea,UK,0.8,debit
6167,2015-12-22,DEB,Amazon UK Marketpl,9.2,,11063.11,Amazon,Swansea,UK,9.2,debit
6168,2015-12-22,CPT,LOYD WALES UNIV SW,50.0,,11072.31,Cash,Swansea,UK,50.0,debit
6169,2015-12-22,BP,SAVE THE CHANGE,1.54,,11122.31,Savings,Swansea,UK,1.54,debit
6170,2015-12-21,DEB,ODEON/BOOKIT,26.0,,11123.85,Entertainment,Unknown,Unknown,26.0,debit
6171,2015-12-21,DEB,Amazon UK Marketpl,17.99,,11149.85,Amazon,Swansea,UK,17.99,debit
6172,2015-12-21,DEB,UNITED AIR  016936,117.7,,11167.84,Travel,Unknown,Unknown,117.7,debit
6173,2015-12-21,DEB,Amazon UK Marketpl,29.68,,11285.54,Amazon,Swansea,UK,29.68,debit
6174,2015-12-21,DEB,GODADDY COM EUROPE,12.2,,11315.22,Others,Swansea,UK,12.2,debit
6175,2015-12-21,DEB,EXPEDIA 1104152727,10.0,,11327.42,Travel,Unknown,Unknown,10.0,debit
6176,2015-12-21,DEB,Amazon UK Marketpl,6.97,,11337.42,Amazon,Swansea,UK,6.97,debit
6177,2015-12-21,DEB,Amazon UK Marketpl,1.92,,11344.39,Amazon,Swansea,UK,1.92,debit
6178,2015-12-21,DD,VIRGIN MEDIA PYMTS,37.78,,11346.31,Bills,Nottingham,UK,37.78,debit
6179,2015-12-21,BP,SAVE THE CHANGE,1.65,,11384.09,Savings,Swansea,UK,1.65,debit
6180,2015-12-21,BGC,SWANSEA UNIVERSITY,,3127.28,11385.74,Supplementary Income,Swansea,UK,3127.28,credit
6181,2015-12-18,DEB,Amazon UK Marketpl,4.28,,8258.46,Amazon,Swansea,UK,4.28,debit
6182,2015-12-18,DEB,Amazon UK Marketpl,1.07,,8262.74,Amazon,Swansea,UK,1.07,debit
6183,2015-12-17,BP,SAVE THE CHANGE,0.01,,8263.81,Savings,Swansea,UK,0.01,debit
6184,2015-12-16,DEB,Amazon UK Marketpl,9.99,,8263.82,Amazon,Swansea,UK,9.99,debit
6185,2015-12-16,CPT,LOYD WALES UNIV SW,40.0,,8273.81,Cash,Swansea,UK,40.0,debit
6186,2015-12-16,DD,O2,17.42,,8313.81,Other Shopping,Swansea,UK,17.42,debit
6187,2015-12-16,BP,SAVE THE CHANGE,0.11,,8331.23,Savings,Swansea,UK,0.11,debit
6188,2015-12-15,DEB,PUB ON THE POND,28.99,,8331.34,Dine Out,Swansea,UK,28.99,debit
6189,2015-12-15,DEB,Amazon UK Marketpl,13.9,,8360.33,Amazon,Swansea,UK,13.9,debit
6190,2015-12-15,CPT,LOYD WALES UNIV SW,50.0,,8374.23,Cash,Swansea,UK,50.0,debit
6191,2015-12-15,BP,SAVE THE CHANGE,0.15,,8424.23,Savings,Swansea,UK,0.15,debit
6192,2015-12-14,DEB,Amazon UK Retail,21.99,,8424.38,Amazon,Swansea,UK,21.99,debit
6193,2015-12-14,DEB,Amazon Svcs Europe,5.98,,8446.37,Amazon,Swansea,UK,5.98,debit
6194,2015-12-14,DEB,Amazon UK Marketpl,7.88,,8452.35,Amazon,Swansea,UK,7.88,debit
6195,2015-12-14,DEB,WIKIMEDIA,2.0,,8460.23,Others,Swansea,UK,2.0,debit
6196,2015-12-14,BP,SAVE THE CHANGE,0.64,,8462.23,Savings,Swansea,UK,0.64,debit
6197,2015-11-12,DEB,Amazon UK Retail,119.99,,8462.87,Amazon,Swansea,UK,119.99,debit
6198,2015-11-12,DEB,SUSU TRADING LTD,44.53,,8582.86,Home Improvement,Swansea,UK,44.53,debit
6199,2015-11-12,DEB,Amazon UK Marketpl,14.85,,8627.39,Amazon,Swansea,UK,14.85,debit
6200,2015-11-12,DEB,Amazon UK Retail,3.99,,8642.24,Amazon,Swansea,UK,3.99,debit
6201,2015-10-12,CHQ,43,200.0,,8646.23,Cash,Unknown,Unknown,200.0,debit
6202,2015-10-12,BP,SAVE THE CHANGE,1.29,,8846.23,Savings,Swansea,UK,1.29,debit
6203,2015-09-12,DEB,AMAZON MKTPLACE PM,10.74,,8847.52,Amazon,Swansea,UK,10.74,debit
6204,2015-09-12,DEB,Amazon UK Marketpl,4.7,,8858.26,Amazon,Swansea,UK,4.7,debit
6205,2015-09-12,DEB,Amazon UK Marketpl,2.27,,8862.96,Amazon,Swansea,UK,2.27,debit
6206,2015-09-12,DEB,SKYPE SUBSCRIPTION,10.0,,8865.23,Bills,Swansea,UK,10.0,debit
6207,2015-09-12,DD,LV LIFE,37.12,,8875.23,Insurance,Swansea,UK,37.12,debit
6208,2015-08-12,BP,SAVE THE CHANGE,2.17,,8912.35,Savings,Swansea,UK,2.17,debit
6209,2015-07-12,DEB,Amazon UK Marketpl,23.99,,8914.52,Amazon,Swansea,UK,23.99,debit
6210,2015-07-12,DEB,Amazon UK Retail,13.36,,8938.51,Amazon,Swansea,UK,13.36,debit
6211,2015-07-12,DEB,Amazon UK Retail,11.99,,8951.87,Amazon,Swansea,UK,11.99,debit
6212,2015-07-12,DEB,Amazon UK Retail,3.87,,8963.86,Amazon,Swansea,UK,3.87,debit
6213,2015-07-12,DEB,NON-STG PURCH FEE,1.0,,8967.73,Others,Swansea,UK,1.0,debit
6214,2015-07-12,DEB,NON-STG TRANS FEE,6.23,,8968.73,Others,Swansea,UK,6.23,debit
6215,2015-07-12,DEB,ACTIVATORME,208.38,,8974.96,Other Shopping,Swansea,UK,208.38,debit
6216,2015-07-12,DEB,Amazon UK Marketpl,9.24,,9183.34,Amazon,Swansea,UK,9.24,debit
6217,2015-07-12,BP,SAVE THE CHANGE,1.23,,9192.58,Savings,Swansea,UK,1.23,debit
6218,2015-04-12,DEB,Amazon UK Marketpl,7.74,,9193.81,Amazon,Swansea,UK,7.74,debit
6219,2015-04-12,DEB,Amazon UK Marketpl,2.03,,9201.55,Amazon,Swansea,UK,2.03,debit
6220,2015-04-12,BP,SAVE THE CHANGE,0.8,,9203.58,Savings,Swansea,UK,0.8,debit
6221,2015-03-12,DEB,JS ONLINE GROCERY,266.6,,9204.38,Groceries,Swansea,UK,266.6,debit
6222,2015-03-12,DEB,Amazon UK Marketpl,4.6,,9470.98,Amazon,Swansea,UK,4.6,debit
6223,2015-03-12,DD,ASSURANT INTER LTD,35.56,,9475.58,Insurance,Swansea,UK,35.56,debit
6224,2015-03-12,BP,SAVE THE CHANGE,0.17,,9511.14,Savings,Swansea,UK,0.17,debit
6225,2015-02-12,DEB,Amazon UK Marketpl,10.83,,9511.31,Amazon,Swansea,UK,10.83,debit
6226,2015-02-12,BP,SAVE THE CHANGE,1.15,,9522.14,Savings,Swansea,UK,1.15,debit
6227,2015-01-12,FEE,ACCOUNT FEE,9.95,,9523.29,Bills,Swansea,UK,9.95,debit
6228,2015-01-12,Unknown,INTEREST (NET),,4.74,9533.24,Interest,Swansea,UK,4.74,credit
6229,2015-01-12,DEB,Amazon Svcs Europe,6.6,,9528.5,Amazon,Swansea,UK,6.6,debit
6230,2015-01-12,DEB,Amazon UK Marketpl,2.25,,9535.1,Amazon,Swansea,UK,2.25,debit
6231,2015-01-12,DD,NATWEST BANK,828.49,,9537.35,Mortgage,Swansea,UK,828.49,debit
6232,2015-01-12,DD,CC SWANSEA C.TAX,122.0,,10365.84,Bills,Swansea,UK,122.0,debit
6233,2015-01-12,DD,GOOD ENERGY GAS,43.0,,10487.84,Bills,Swansea,UK,43.0,debit
6234,2015-01-12,DD,DWR CYMRU W WATER,14.5,,10530.84,Bills,Swansea,UK,14.5,debit
6235,2015-01-12,DD,GOOD ENERGY LTD,13.0,,10545.34,Bills,Swansea,UK,13.0,debit
6236,2015-01-12,DD,TV LICENCE MBP,12.18,,10558.34,Bills,Swansea,UK,12.18,debit
6237,2015-01-12,SO,ESAVINGS ACCOUNT,300.0,,10570.52,Savings,Swansea,UK,300.0,debit
6238,2015-01-12,BP,SAVE THE CHANGE,1.34,,10870.52,Savings,Swansea,UK,1.34,debit
6239,2015-11-30,DEB,Amazon UK Marketpl,11.99,,10871.86,Amazon,Swansea,UK,11.99,debit
6240,2015-11-30,DEB,Amazon UK Marketpl,6.95,,10883.85,Amazon,Swansea,UK,6.95,debit
6241,2015-11-30,DEB,Amazon UK Retail,5.49,,10890.8,Amazon,Swansea,UK,5.49,debit
6242,2015-11-30,DEB,Amazon UK Marketpl,2.99,,10896.29,Amazon,Swansea,UK,2.99,debit
6243,2015-11-30,DEB,Amazon UK Marketpl,2.24,,10899.28,Amazon,Swansea,UK,2.24,debit
6244,2015-11-30,DD,UNIV & COL UNION,22.37,,10901.52,Services,Swansea,UK,22.37,debit
6245,2015-11-30,BP,SAVE THE CHANGE,0.75,,10923.89,Savings,Swansea,UK,0.75,debit
6246,2015-11-30,BGC,SWANSEA UNIVERSITY,,3199.54,10924.64,Supplementary Income,Swansea,UK,3199.54,credit
6247,2015-11-27,DEB,SAINSBURYS - SWANS,12.25,,7725.1,Groceries,Swansea,UK,12.25,debit
6248,2015-11-26,CPT,SBY  SWANSEA UPL C,50.0,,7737.35,Other Shopping,Swansea,UK,50.0,debit
6249,2015-11-26,BP,SAVE THE CHANGE,0.52,,7787.35,Savings,Swansea,UK,0.52,debit
6250,2015-11-25,DEB,Amazon UK Marketpl,22.54,,7787.87,Amazon,Swansea,UK,22.54,debit
6251,2015-11-25,DEB,Amazon UK Marketpl,1.94,,7810.41,Amazon,Swansea,UK,1.94,debit
6252,2015-11-25,CPT,LOYD WALES UNIV SW,50.0,,7812.35,Cash,Swansea,UK,50.0,debit
6253,2015-11-25,BP,SAVE THE CHANGE,2.71,,7862.35,Savings,Swansea,UK,2.71,debit
6254,2015-11-24,DEB,Amazon UK Retail,7.99,,7865.06,Amazon,Swansea,UK,7.99,debit
6255,2015-11-24,DEB,Amazon UK Marketpl,7.39,,7873.05,Amazon,Swansea,UK,7.39,debit
6256,2015-11-24,DEB,Amazon UK Marketpl,6.59,,7880.44,Amazon,Swansea,UK,6.59,debit
6257,2015-11-24,DEB,Amazon UK Marketpl,2.25,,7887.03,Amazon,Swansea,UK,2.25,debit
6258,2015-11-24,DEB,Amazon UK Marketpl,1.07,,7889.28,Amazon,Swansea,UK,1.07,debit
6259,2015-11-24,BP,SAVE THE CHANGE,2.31,,7890.35,Savings,Swansea,UK,2.31,debit
6260,2015-11-23,DEB,Amazon UK Retail,16.11,,7892.66,Amazon,Swansea,UK,16.11,debit
6261,2015-11-23,DEB,Amazon UK Retail,7.49,,7908.77,Amazon,Swansea,UK,7.49,debit
6262,2015-11-23,DEB,Amazon UK Marketpl,30.27,,7916.26,Amazon,Swansea,UK,30.27,debit
6263,2015-11-23,DEB,Amazon UK Marketpl,6.89,,7946.53,Amazon,Swansea,UK,6.89,debit
6264,2015-11-23,DEB,Amazon UK Marketpl,2.93,,7953.42,Amazon,Swansea,UK,2.93,debit
6265,2015-11-23,DD,VIRGIN MEDIA PYMTS,37.78,,7956.35,Bills,Nottingham,UK,37.78,debit
6266,2015-11-20,BP,SAVE THE CHANGE,0.9,,7994.13,Savings,Swansea,UK,0.9,debit
6267,2015-11-19,DEB,GWR STOKE GIFF SST,26.1,,7995.03,Travel,Bristol,Unknown,26.1,debit
6268,2015-11-19,BP,SAVE THE CHANGE,1.7,,8021.13,Savings,Swansea,UK,1.7,debit
6269,2015-11-18,DEB,IZ *Friska Ltd,5.25,,8022.83,Dine Out,Bristol,UK,5.25,debit
6270,2015-11-18,DEB,PREMIER INN4401262,109.05,,8028.08,Hotels,Unknown,Unknown,109.05,debit
6271,2015-11-18,DEB,CLKBANK*COM_REFUND,,39.62,8137.13,Supplementary Income,Swansea,UK,39.62,credit
6272,2015-11-17,CPT,LNK UNION STREET,20.0,,8097.51,Cash,Unknown,Unknown,20.0,debit
6273,2015-11-17,BP,SAVE THE CHANGE,2.95,,8117.51,Savings,Swansea,UK,2.95,debit
6274,2015-11-16,DEB,Amazon UK Marketpl,13.64,,8120.46,Amazon,Swansea,UK,13.64,debit
6275,2015-11-16,DEB,Amazon UK Retail,4.72,,8134.1,Amazon,Swansea,UK,4.72,debit
6276,2015-11-16,DEB,Amazon UK Marketpl,2.02,,8138.82,Amazon,Swansea,UK,2.02,debit
6277,2015-11-16,DEB,Amazon UK Marketpl,0.82,,8140.84,Amazon,Swansea,UK,0.82,debit
6278,2015-11-16,DEB,Amazon UK Retail,27.46,,8141.66,Amazon,Swansea,UK,27.46,debit
6279,2015-11-16,DEB,Amazon UK Marketpl,3.39,,8169.12,Amazon,Swansea,UK,3.39,debit
6280,2015-11-16,DD,O2,19.02,,8172.51,Other Shopping,Swansea,UK,19.02,debit
6281,2015-11-13,BP,SAVE THE CHANGE,0.85,,8191.53,Savings,Swansea,UK,0.85,debit
6282,2015-12-11,DEB,Amazon UK Marketpl,11.95,,8192.38,Amazon,Swansea,UK,11.95,debit
6283,2015-12-11,DEB,Amazon UK Retail,5.2,,8204.33,Amazon,Swansea,UK,5.2,debit
6284,2015-12-11,BP,SAVE THE CHANGE,0.61,,8209.53,Savings,Swansea,UK,0.61,debit
6285,2015-11-11,DEB,Amazon UK Retail,8.39,,8210.14,Amazon,Swansea,UK,8.39,debit
6286,2015-11-11,BP,SAVE THE CHANGE,0.62,,8218.53,Savings,Swansea,UK,0.62,debit
6287,2015-10-11,DEB,Amazon UK Retail,35.38,,8219.15,Amazon,Swansea,UK,35.38,debit
6288,2015-10-11,BP,SAVE THE CHANGE,0.04,,8254.53,Savings,Swansea,UK,0.04,debit
6289,2015-09-11,DEB,Amazon UK Marketpl,20.97,,8254.57,Amazon,Swansea,UK,20.97,debit
6290,2015-09-11,DEB,Amazon UK Marketpl,4.99,,8275.54,Amazon,Swansea,UK,4.99,debit
6291,2015-09-11,DD,LV LIFE,37.12,,8280.53,Insurance,Swansea,UK,37.12,debit
6292,2015-09-11,BP,SAVE THE CHANGE,0.99,,8317.65,Savings,Swansea,UK,0.99,debit
6293,2015-06-11,DEB,Amazon UK Marketpl,4.01,,8318.64,Amazon,Swansea,UK,4.01,debit
6294,2015-06-11,BP,SAVE THE CHANGE,0.72,,8322.65,Savings,Swansea,UK,0.72,debit
6295,2015-05-11,DEB,Amazon UK Marketpl,12.99,,8323.37,Amazon,Swansea,UK,12.99,debit
6296,2015-05-11,DEB,Amazon UK Retail,9.29,,8336.36,Amazon,Swansea,UK,9.29,debit
6297,2015-05-11,BP,SAVE THE CHANGE,1.32,,8345.65,Savings,Swansea,UK,1.32,debit
6298,2015-04-11,DEB,Amazon UK Marketpl,9.59,,8346.97,Amazon,Swansea,UK,9.59,debit
6299,2015-04-11,DEB,Amazon UK Marketpl,4.09,,8356.56,Amazon,Swansea,UK,4.09,debit
6300,2015-04-11,BP,SAVE THE CHANGE,1.38,,8360.65,Savings,Swansea,UK,1.38,debit
6301,2015-03-11,DEB,Amazon UK Marketpl,57.47,,8362.03,Amazon,Swansea,UK,57.47,debit
6302,2015-03-11,DEB,Amazon UK Retail,12.39,,8419.5,Amazon,Swansea,UK,12.39,debit
6303,2015-03-11,DD,ASSURANT INTER LTD,35.56,,8431.89,Insurance,Swansea,UK,35.56,debit
6304,2015-03-11,DEB,NON-STG PURCH FEE,1.0,,8467.45,Others,Swansea,UK,1.0,debit
6305,2015-03-11,DEB,NON-STG TRANS FEE,27.2,,8468.45,Others,Swansea,UK,27.2,debit
6306,2015-03-11,DEB,HILTON HOTELS PALM,909.76,,8495.65,Hotels,Unknown,Unknown,909.76,debit
6307,2015-03-11,BP,SAVE THE CHANGE,0.46,,9405.41,Savings,Swansea,UK,0.46,debit
6308,2015-02-11,FEE,ACCOUNT FEE,9.95,,9405.87,Bills,Swansea,UK,9.95,debit
6309,2015-02-11,Unknown,INTEREST (NET),,5.23,9415.82,Interest,Swansea,UK,5.23,credit
6310,2015-02-11,DEB,Amazon UK Marketpl,1.59,,9410.59,Amazon,Swansea,UK,1.59,debit
6311,2015-02-11,DEB,Amazon UK Marketpl,3.95,,9412.18,Amazon,Swansea,UK,3.95,debit
6312,2015-02-11,DD,NATWEST BANK,748.13,,9416.13,Mortgage,Swansea,UK,748.13,debit
6313,2015-02-11,DD,GOOD ENERGY GAS,43.0,,10164.26,Bills,Swansea,UK,43.0,debit
6314,2015-02-11,DD,DWR CYMRU W WATER,14.5,,10207.26,Bills,Swansea,UK,14.5,debit
6315,2015-02-11,DD,GOOD ENERGY LTD,13.0,,10221.76,Bills,Swansea,UK,13.0,debit
6316,2015-02-11,DD,TV LICENCE MBP,12.12,,10234.76,Bills,Swansea,UK,12.12,debit
6317,2015-02-11,SO,ESAVINGS ACCOUNT,300.0,,10246.88,Savings,Swansea,UK,300.0,debit
6318,2015-02-11,BP,SAVE THE CHANGE,1.14,,10546.88,Savings,Swansea,UK,1.14,debit
6319,2015-10-30,DD,UNIV & COL UNION,22.37,,10548.02,Services,Swansea,UK,22.37,debit
6320,2015-10-30,DEB,NON-STG CASH FEE,2.0,,10570.39,Others,Swansea,UK,2.0,debit
6321,2015-10-30,DEB,NON-STG TRANS FEE,3.91,,10572.39,Others,Swansea,UK,3.91,debit
6322,2015-10-30,DEB,17 E MONROE ST LBB,130.94,,10576.3,Services,Swansea,UK,130.94,debit
6323,2015-10-30,DEB,NON-STG PURCH FEE,1.0,,10707.24,Others,Swansea,UK,1.0,debit
6324,2015-10-30,DEB,NON-STG TRANS FEE,0.74,,10708.24,Others,Swansea,UK,0.74,debit
6325,2015-10-30,DEB,FEELINGS GIFT SHOP,25.03,,10708.98,Other Shopping,Unknown,Unknown,25.03,debit
6326,2015-10-30,DEB,NON-STG PURCH FEE,1.0,,10734.01,Others,Swansea,UK,1.0,debit
6327,2015-10-30,DEB,NON-STG TRANS FEE,0.32,,10735.01,Others,Swansea,UK,0.32,debit
6328,2015-10-30,DEB,FRESHII - 653,10.83,,10735.33,Dine Out,Unknown,Unknown,10.83,debit
6329,2015-10-30,BP,SAVE THE CHANGE,0.18,,10746.16,Savings,Swansea,UK,0.18,debit
6330,2015-10-30,BGC,SWANSEA UNIVERSITY,,3064.27,10746.34,Supplementary Income,Swansea,UK,3064.27,credit
6331,2015-10-29,DEB,NON-STG PURCH FEE,1.0,,7682.07,Others,Swansea,UK,1.0,debit
6332,2015-10-29,DEB,NON-STG TRANS FEE,3.1,,7683.07,Others,Swansea,UK,3.1,debit
6333,2015-10-29,DEB,SKECHERS-USA #229,103.82,,7686.17,Other Shopping,Unknown,Unknown,103.82,debit
6334,2015-10-29,BP,SAVE THE CHANGE,0.35,,7789.99,Savings,Swansea,UK,0.35,debit
6335,2015-10-28,DEB,NON-STG PURCH FEE,1.0,,7790.34,Others,Swansea,UK,1.0,debit
6336,2015-10-28,DEB,NON-STG TRANS FEE,0.88,,7791.34,Others,Swansea,UK,0.88,debit
6337,2015-10-28,DEB,ITALIAN VILLAGE,29.65,,7792.22,Dine Out,Unknown,Unknown,29.65,debit
6338,2015-10-28,BP,SAVE THE CHANGE,0.01,,7821.87,Savings,Swansea,UK,0.01,debit
6339,2015-10-27,DEB,CITY FLOWERS,9.99,,7821.88,Other Shopping,Nottingham,UK,9.99,debit
6340,2015-10-27,BP,SAVE THE CHANGE,0.26,,7831.87,Savings,Swansea,UK,0.26,debit
6341,2015-10-26,DEB,NON-STG PURCH FEE,1.0,,7832.13,Others,Swansea,UK,1.0,debit
6342,2015-10-26,DEB,NON-STG TRANS FEE,4.5,,7833.13,Others,Swansea,UK,4.5,debit
6343,2015-10-26,DEB,HILTON HOTELS PALM,150.74,,7837.63,Hotels,Unknown,Unknown,150.74,debit
6344,2015-10-26,BP,SAVE THE CHANGE,0.6,,7988.37,Savings,Swansea,UK,0.6,debit
6345,2015-10-23,DEB,SUSU TRADING LTD,59.4,,7988.97,Home Improvement,Swansea,UK,59.4,debit
6346,2015-10-22,CPT,LNK FULTON HOUSE,142.86,,8048.37,Cash,Swansea,UK,142.86,debit
6347,2015-10-22,CPT,LOYD WALES UNIV SW,150.0,,8191.23,Cash,Swansea,UK,150.0,debit
6348,2015-10-22,BP,SAVE THE CHANGE,0.95,,8341.23,Savings,Swansea,UK,0.95,debit
6349,2015-10-21,DEB,Amazon UK Marketpl,5.05,,8342.18,Amazon,Swansea,UK,5.05,debit
6350,2015-10-21,DD,VIRGIN MEDIA PYMTS,37.78,,8347.23,Bills,Nottingham,UK,37.78,debit
6351,2015-10-21,BP,SAVE THE CHANGE,0.05,,8385.01,Savings,Swansea,UK,0.05,debit
6352,2015-10-20,DEB,Amazon UK Marketpl,3.95,,8385.06,Amazon,Swansea,UK,3.95,debit
6353,2015-10-20,BP,SAVE THE CHANGE,0.33,,8389.01,Savings,Swansea,UK,0.33,debit
6354,2015-10-19,DEB,JS ONLINE GROCERY,242.7,,8389.34,Groceries,Swansea,UK,242.7,debit
6355,2015-10-19,DEB,Amazon UK Marketpl,6.97,,8632.04,Amazon,Swansea,UK,6.97,debit
6356,2015-10-19,DEB,JS ONLINE GROCERY,,4.4,8639.01,Supplementary Income,Swansea,UK,4.4,credit
6357,2015-10-16,CPT,LOYD WALES UNIV SW,50.0,,8634.61,Cash,Swansea,UK,50.0,debit
6358,2015-10-16,DD,O2,32.55,,8684.61,Other Shopping,Swansea,UK,32.55,debit
6359,2015-10-16,BP,SAVE THE CHANGE,0.05,,8717.16,Savings,Swansea,UK,0.05,debit
6360,2015-10-15,DEB,Amazon UK Marketpl,24.95,,8717.21,Amazon,Swansea,UK,24.95,debit
6361,2015-10-15,BP,SAVE THE CHANGE,0.1,,8742.16,Savings,Swansea,UK,0.1,debit
6362,2015-10-14,DEB,Amazon UK Marketpl,9.9,,8742.26,Amazon,Swansea,UK,9.9,debit
6363,2015-10-14,BP,SAVE THE CHANGE,0.57,,8752.16,Savings,Swansea,UK,0.57,debit
6364,2015-10-13,DEB,Amazon UK Marketpl,11.95,,8752.73,Amazon,Swansea,UK,11.95,debit
6365,2015-10-13,DEB,Amazon UK Marketpl,4.48,,8764.68,Amazon,Swansea,UK,4.48,debit
6366,2015-10-13,BP,SAVE THE CHANGE,0.32,,8769.16,Savings,Swansea,UK,0.32,debit
6367,2015-12-10,DEB,CLKBANK*COM_YS2DQ7,16.68,,8769.48,Uncategorized,Unknown,Unknown,16.68,debit
6368,2015-12-10,BP,SAVE THE CHANGE,0.21,,8786.16,Savings,Swansea,UK,0.21,debit
6369,2015-09-10,DEB,Amazon UK Marketpl,6.79,,8786.37,Amazon,Swansea,UK,6.79,debit
6370,2015-09-10,DD,LV LIFE,37.12,,8793.16,Insurance,Swansea,UK,37.12,debit
6371,2015-09-10,BP,SAVE THE CHANGE,0.63,,8830.28,Savings,Swansea,UK,0.63,debit
6372,2015-08-10,DEB,Amazon Svcs Europe,17.4,,8830.91,Amazon,Unknown,Unknown,17.4,debit
6373,2015-08-10,DEB,Amazon UK Retail,8.97,,8848.31,Amazon,Swansea,UK,8.97,debit
6374,2015-08-10,BP,SAVE THE CHANGE,0.32,,8857.28,Savings,Swansea,UK,0.32,debit
6375,2015-07-10,DEB,Amazon UK Marketpl,13.99,,8857.6,Amazon,Swansea,UK,13.99,debit
6376,2015-07-10,DEB,Amazon UK Marketpl,4.69,,8871.59,Amazon,Swansea,UK,4.69,debit
6377,2015-07-10,CHQ,42,418.0,,8876.28,Cash,Swansea,UK,418.0,debit
6378,2015-07-10,BP,SAVE THE CHANGE,0.74,,9294.28,Savings,Swansea,UK,0.74,debit
6379,2015-06-10,DEB,ITUNES.COM/BILL,3.99,,9295.02,Bills,Swansea,UK,3.99,debit
6380,2015-06-10,DEB,Amazon UK Marketpl,1.27,,9299.01,Amazon,Swansea,UK,1.27,debit
6381,2015-06-10,BP,SAVE THE CHANGE,2.01,,9300.28,Savings,Swansea,UK,2.01,debit
6382,2015-05-10,DEB,Amazon UK Retail,12.99,,9302.29,Amazon,Swansea,UK,12.99,debit
6383,2015-05-10,DEB,Amazon UK Marketpl,7.98,,9315.28,Amazon,Swansea,UK,7.98,debit
6384,2015-05-10,DEB,Amazon UK Marketpl,7.66,,9323.26,Amazon,Swansea,UK,7.66,debit
6385,2015-05-10,DEB,Amazon UK Marketpl,6.95,,9330.92,Amazon,Swansea,UK,6.95,debit
6386,2015-05-10,DEB,Amazon UK Marketpl,6.95,,9337.87,Amazon,Swansea,UK,6.95,debit
6387,2015-05-10,DEB,Amazon UK Marketpl,6.23,,9344.82,Amazon,Swansea,UK,6.23,debit
6388,2015-05-10,DEB,Amazon UK Marketpl,5.88,,9351.05,Amazon,Swansea,UK,5.88,debit
6389,2015-05-10,DEB,Amazon UK Marketpl,4.35,,9356.93,Amazon,Swansea,UK,4.35,debit
6390,2015-05-10,DD,ASSURANT INTER LTD,35.56,,9361.28,Insurance,Swansea,UK,35.56,debit
6391,2015-05-10,BP,SAVE THE CHANGE,2.5,,9396.84,Savings,Swansea,UK,2.5,debit
6392,2015-02-10,DEB,NATIONAL WESTMINST,1030.0,,9399.34,Mortgage,Swansea,UK,1030.0,debit
6393,2015-02-10,DEB,Amazon UK Marketpl,17.16,,10429.34,Amazon,Swansea,UK,17.16,debit
6394,2015-02-10,DEB,Amazon UK Marketpl,11.1,,10446.5,Amazon,Swansea,UK,11.1,debit
6395,2015-02-10,DEB,Amazon UK Marketpl,3.24,,10457.6,Amazon,Swansea,UK,3.24,debit
6396,2015-02-10,CPT,LOYD WALES UNIV SW,50.0,,10460.84,Cash,Swansea,UK,50.0,debit
6397,2015-02-10,BP,SAVE THE CHANGE,0.52,,10510.84,Savings,Swansea,UK,0.52,debit
6398,2015-01-10,FEE,ACCOUNT FEE,9.95,,10511.36,Bills,Swansea,UK,9.95,debit
6399,2015-01-10,Unknown,INTEREST (NET),,4.9,10521.31,Interest,Swansea,UK,4.9,credit
6400,2015-01-10,DEB,Amazon UK Retail,17.49,,10516.41,Amazon,Swansea,UK,17.49,debit
6401,2015-01-10,DEB,Amazon UK Retail,14.99,,10533.9,Amazon,Swansea,UK,14.99,debit
6402,2015-01-10,DD,NATWEST BANK,748.13,,10548.89,Mortgage,Swansea,UK,748.13,debit
6403,2015-01-10,DD,CC SWANSEA C.TAX,122.0,,11297.02,Bills,Swansea,UK,122.0,debit
6404,2015-01-10,DD,GOOD ENERGY GAS,43.0,,11419.02,Bills,Swansea,UK,43.0,debit
6405,2015-01-10,DD,DWR CYMRU W WATER,14.5,,11462.02,Bills,Swansea,UK,14.5,debit
6406,2015-01-10,DD,GOOD ENERGY LTD,13.0,,11476.52,Bills,Swansea,UK,13.0,debit
6407,2015-01-10,DD,TV LICENCE MBP,12.12,,11489.52,Bills,Swansea,UK,12.12,debit
6408,2015-01-10,SO,ESAVINGS ACCOUNT,300.0,,11501.64,Savings,Swansea,UK,300.0,debit
6409,2015-01-10,BP,SAVE THE CHANGE,1.01,,11801.64,Savings,Swansea,UK,1.01,debit
6410,2015-09-30,DEB,Amazon UK Marketpl,5.04,,11802.65,Amazon,Swansea,UK,5.04,debit
6411,2015-09-30,DEB,Amazon UK Marketpl,4.95,,11807.69,Amazon,Swansea,UK,4.95,debit
6412,2015-09-30,DD,UNIV & COL UNION,22.37,,11812.64,Services,Swansea,UK,22.37,debit
6413,2015-09-30,BP,SAVE THE CHANGE,0.76,,11835.01,Savings,Swansea,UK,0.76,debit
6414,2015-09-30,BGC,SWANSEA UNIVERSITY,,3043.03,11835.77,Supplementary Income,Swansea,UK,3043.03,credit
6415,2015-09-29,DEB,UPLANDS CHIROPRACT,50.0,,8792.74,Health,Swansea,UK,50.0,debit
6416,2015-09-29,DEB,Amazon UK Marketpl,3.24,,8842.74,Amazon,Swansea,UK,3.24,debit
6417,2015-09-29,BP,SAVE THE CHANGE,1.89,,8845.98,Savings,Swansea,UK,1.89,debit
6418,2015-09-28,DEB,Amazon UK Retail,11.34,,8847.87,Amazon,Swansea,UK,11.34,debit
6419,2015-09-28,DEB,CLKBANK*COM_RGEHNH,39.62,,8859.21,Uncategorized,Unknown,Unknown,39.62,debit
6420,2015-09-28,DEB,Amazon Svcs Europe,2.15,,8898.83,Amazon,Swansea,UK,2.15,debit
6421,2015-09-25,CPT,LOYD WALES UNIV SW,50.0,,8900.98,Cash,Swansea,UK,50.0,debit
6422,2015-09-25,BGC,SWANSEA UNIVERSITY,,429.29,8950.98,Supplementary Income,Swansea,UK,429.29,credit
6423,2015-09-24,BP,SAVE THE CHANGE,0.16,,8521.69,Savings,Swansea,UK,0.16,debit
6424,2015-09-23,DEB,Amazon UK Marketpl,0.84,,8521.85,Amazon,Swansea,UK,0.84,debit
6425,2015-09-22,BP,SAVE THE CHANGE,3.73,,8522.69,Savings,Swansea,UK,3.73,debit
6426,2015-09-21,DEB,CYCLECHIC LTD,83.49,,8526.42,Other Shopping,Swansea,Unknown,83.49,debit
6427,2015-09-21,DEB,AMAZON MKTPLACE PM,15.01,,8609.91,Amazon,Swansea,UK,15.01,debit
6428,2015-09-21,DEB,Amazon UK Marketpl,8.0,,8624.92,Amazon,Swansea,UK,8.0,debit
6429,2015-09-21,DEB,Amazon UK Marketpl,12.96,,8632.92,Amazon,Swansea,UK,12.96,debit
6430,2015-09-21,DEB,Amazon Svcs Europe,39.11,,8645.88,Amazon,Swansea,UK,39.11,debit
6431,2015-09-21,DEB,Amazon UK Marketpl,3.11,,8684.99,Amazon,Swansea,UK,3.11,debit
6432,2015-09-21,DEB,Amazon UK Marketpl,1.59,,8688.1,Amazon,Swansea,UK,1.59,debit
6433,2015-09-21,DD,VIRGIN MEDIA PYMTS,35.45,,8689.69,Bills,Swansea,UK,35.45,debit
6434,2015-09-21,BP,SAVE THE CHANGE,0.51,,8725.14,Savings,Swansea,UK,0.51,debit
6435,2015-09-18,DEB,Amazon UK Retail,5.49,,8725.65,Amazon,Swansea,UK,5.49,debit
6436,2015-09-16,DEB,IBIS BRISTOL TEMPL,110.0,,8731.14,Hotels,Bristol,Unknown,110.0,debit
6437,2015-09-16,DD,O2,17.41,,8841.14,Other Shopping,Swansea,UK,17.41,debit
6438,2015-09-09,DD,LV LIFE,37.12,,8858.55,Insurance,Swansea,UK,37.12,debit
6439,2015-07-09,DEB,LIFELOADED LTD,,62.83,8895.67,Supplementary Income,Swansea,UK,62.83,credit
6440,2015-07-09,BP,SAVE THE CHANGE,0.45,,8832.84,Savings,Swansea,UK,0.45,debit
6441,2015-04-09,DEB,JS ONLINE GROCERY,152.56,,8833.29,Groceries,Swansea,UK,152.56,debit
6442,2015-04-09,DEB,Amazon UK Retail,5.99,,8985.85,Amazon,Swansea,UK,5.99,debit
6443,2015-04-09,DEB,FGW WEBSALES,94.0,,8991.84,Travel,Bristol,UK,94.0,debit
6444,2015-04-09,BP,SAVE THE CHANGE,0.01,,9085.84,Savings,Swansea,UK,0.01,debit
6445,2015-03-09,DEB,Amazon UK Marketpl,14.99,,9085.85,Amazon,Swansea,UK,14.99,debit
6446,2015-03-09,CHQ,41,375.0,,9100.84,Cash,Swansea,UK,375.0,debit
6447,2015-03-09,DD,ASSURANT INTER LTD,35.59,,9475.84,Insurance,Swansea,UK,35.59,debit
6448,2015-03-09,BP,SAVE THE CHANGE,2.31,,9511.43,Savings,Swansea,UK,2.31,debit
6449,2015-02-09,DEB,Amazon UK Marketpl,38.48,,9513.74,Amazon,Swansea,UK,38.48,debit
6450,2015-02-09,DEB,Amazon UK Retail,20.17,,9552.22,Amazon,Swansea,UK,20.17,debit
6451,2015-02-09,DEB,Amazon UK Marketpl,6.53,,9572.39,Amazon,Swansea,UK,6.53,debit
6452,2015-02-09,DEB,NON-STG PURCH FEE,1.0,,9578.92,Others,Swansea,UK,1.0,debit
6453,2015-02-09,DEB,NON-STG TRANS FEE,1.86,,9579.92,Others,Swansea,UK,1.86,debit
6454,2015-02-09,DEB,LIFELOADED LTD,62.51,,9581.78,Uncategorized,Swansea,UK,62.51,debit
6455,2015-02-09,BP,SAVE THE CHANGE,0.53,,9644.29,Savings,Swansea,UK,0.53,debit
6456,2015-01-09,FEE,ACCOUNT FEE,9.95,,9644.82,Bills,Swansea,UK,9.95,debit
6457,2015-01-09,Unknown,INTEREST (NET),,4.74,9654.77,Interest,Swansea,UK,4.74,credit
6458,2015-01-09,DEB,EASYJET   000EPK,497.96,,9650.03,Travel,Unknown,Unknown,497.96,debit
6459,2015-01-09,DEB,Amazon UK Marketpl,5.51,,10147.99,Amazon,Swansea,UK,5.51,debit
6460,2015-01-09,DD,NATWEST BANK,748.13,,10153.5,Mortgage,Swansea,UK,748.13,debit
6461,2015-01-09,DD,CC SWANSEA C.TAX,122.0,,10901.63,Bills,Swansea,UK,122.0,debit
6462,2015-01-09,DD,GOOD ENERGY GAS,43.0,,11023.63,Bills,Swansea,UK,43.0,debit
6463,2015-01-09,DD,DWR CYMRU W WATER,14.5,,11066.63,Bills,Swansea,UK,14.5,debit
6464,2015-01-09,DD,GOOD ENERGY LTD,13.0,,11081.13,Bills,Swansea,UK,13.0,debit
6465,2015-01-09,DD,TV LICENCE MBP,12.12,,11094.13,Bills,Swansea,UK,12.12,debit
6466,2015-01-09,SO,ESAVINGS ACCOUNT,300.0,,11106.25,Savings,Swansea,UK,300.0,debit
6467,2015-01-09,BP,SAVE THE CHANGE,1.61,,11406.25,Savings,Swansea,UK,1.61,debit
6468,2015-08-28,DEB,Amazon UK Marketpl,12.42,,11407.86,Amazon,Swansea,UK,12.42,debit
6469,2015-08-28,DEB,Amazon UK Retail,11.2,,11420.28,Amazon,Swansea,UK,11.2,debit
6470,2015-08-28,DEB,Amazon Svcs Europe,2.77,,11431.48,Amazon,Swansea,UK,2.77,debit
6471,2015-08-28,CPT,LOYD WALES UNIV SW,30.0,,11434.25,Cash,Swansea,UK,30.0,debit
6472,2015-08-28,DD,UNIV & COL UNION,22.37,,11464.25,Services,Swansea,UK,22.37,debit
6473,2015-08-28,BP,SAVE THE CHANGE,0.06,,11486.62,Savings,Swansea,UK,0.06,debit
6474,2015-08-28,BGC,SWANSEA UNIVERSITY,,3043.03,11486.68,Supplementary Income,Swansea,UK,3043.03,credit
6475,2015-08-27,DEB,Amazon UK Marketpl,16.99,,8443.65,Amazon,Swansea,UK,16.99,debit
6476,2015-08-27,DEB,Amazon Svcs Europe,2.95,,8460.64,Amazon,Swansea,UK,2.95,debit
6477,2015-08-26,CPT,LOYD WALES UNIV SW,30.0,,8463.59,Cash,Swansea,UK,30.0,debit
6478,2015-08-26,BP,SAVE THE CHANGE,0.44,,8493.59,Savings,Swansea,UK,0.44,debit
6479,2015-08-25,DEB,Amazon UK Marketpl,1.56,,8494.03,Amazon,Swansea,UK,1.56,debit
6480,2015-08-25,BP,SAVE THE CHANGE,0.4,,8495.59,Savings,Swansea,UK,0.4,debit
6481,2015-08-24,DEB,ARRIVA TRAINS WALE,17.6,,8495.99,Travel,Unknown,Unknown,17.6,debit
6482,2015-08-24,CPT,LOYD SWANSEA UNIVE,70.0,,8513.59,Cash,Swansea,UK,70.0,debit
6483,2015-08-24,BP,SAVE THE CHANGE,1.15,,8583.59,Savings,Swansea,UK,1.15,debit
6484,2015-08-24,FPO,ALAN HOLLAND,140.0,,8584.74,Services,Swansea,UK,140.0,debit
6485,2015-08-21,DEB,BIG SLEEP HOTEL,45.0,,8724.74,Hotels,Cardiff,UK,45.0,debit
6486,2015-08-21,DEB,ARRIVA TRAINS WALE,17.6,,8769.74,Travel,Unknown,Unknown,17.6,debit
6487,2015-08-21,DEB,Amazon Svcs Europe,5.25,,8787.34,Amazon,Swansea,UK,5.25,debit
6488,2015-08-21,DD,VIRGIN MEDIA PYMTS,27.78,,8792.59,Bills,Nottingham,UK,27.78,debit
6489,2015-08-21,BP,SAVE THE CHANGE,0.52,,8820.37,Savings,Swansea,UK,0.52,debit
6490,2015-08-20,DEB,Amazon UK Marketpl,7.99,,8820.89,Amazon,Swansea,UK,7.99,debit
6491,2015-08-20,DEB,Amazon UK Retail,3.49,,8828.88,Amazon,Swansea,UK,3.49,debit
6492,2015-08-20,BP,SAVE THE CHANGE,0.8,,8832.37,Savings,Swansea,UK,0.8,debit
6493,2015-08-19,DEB,Amazon UK Marketpl,9.2,,8833.17,Amazon,Swansea,UK,9.2,debit
6494,2015-08-19,BP,SAVE THE CHANGE,0.78,,8842.37,Savings,Swansea,UK,0.78,debit
6495,2015-08-18,DEB,Amazon UK Marketpl,13.25,,8843.15,Amazon,Swansea,UK,13.25,debit
6496,2015-08-18,DEB,Amazon UK Marketpl,8.98,,8856.4,Amazon,Swansea,UK,8.98,debit
6497,2015-08-18,DEB,Amazon Svcs Europe,5.99,,8865.38,Amazon,Swansea,UK,5.99,debit
6498,2015-08-18,BP,SAVE THE CHANGE,2.37,,8871.37,Savings,Swansea,UK,2.37,debit
6499,2015-08-17,DEB,ISTANBUL RESTAURAN,56.3,,8873.74,Dine Out,Nottingham,UK,56.3,debit
6500,2015-08-17,DEB,Amazon UK Retail,3.0,,8930.04,Amazon,Swansea,UK,3.0,debit
6501,2015-08-17,DEB,Amazon UK Marketpl,4.05,,8933.04,Amazon,Swansea,UK,4.05,debit
6502,2015-08-17,DEB,Amazon UK Marketpl,4.64,,8937.09,Amazon,Swansea,UK,4.64,debit
6503,2015-08-17,DEB,NON-STG PURCH FEE,1.0,,8941.73,Others,Swansea,UK,1.0,debit
6504,2015-08-17,DEB,NON-STG TRANS FEE,0.01,,8942.73,Others,Swansea,UK,0.01,debit
6505,2015-08-17,DEB,LIFELOADED LTD,0.64,,8942.74,Uncategorized,Unknown,Unknown,0.64,debit
6506,2015-08-17,DD,O2,18.61,,8943.38,Other Shopping,Swansea,UK,18.61,debit
6507,2015-08-17,BP,SAVE THE CHANGE,0.05,,8961.99,Savings,Swansea,UK,0.05,debit
6508,2015-08-14,DEB,THE BAYVIEW PUB AN,26.95,,8962.04,Dine Out,Sheerness,UK,26.95,debit
6509,2015-08-14,CPT,LOYD WALES UNIV SW,20.0,,8988.99,Cash,Swansea,UK,20.0,debit
6510,2015-08-13,CPT,LOYD SWANSEA UNIVE,50.0,,9008.99,Cash,Swansea,UK,50.0,debit
6511,2015-08-13,BP,SAVE THE CHANGE,0.41,,9058.99,Savings,Swansea,UK,0.41,debit
6512,2015-12-08,DEB,Amazon UK Marketpl,1.59,,9059.4,Amazon,Swansea,UK,1.59,debit
6513,2015-12-08,BP,SAVE THE CHANGE,0.85,,9060.99,Savings,Swansea,UK,0.85,debit
6514,2015-11-08,DEB,HILTON,29.15,,9061.84,Hotels,Unknown,Unknown,29.15,debit
6515,2015-11-08,DEB,HILTON,238.0,,9090.99,Hotels,Unknown,Unknown,238.0,debit
6516,2015-11-08,BP,SAVE THE CHANGE,2.88,,9328.99,Savings,Swansea,UK,2.88,debit
6517,2015-10-08,DEB,ARRIVA TRAINS WALE,70.5,,9331.87,Travel,Unknown,Unknown,70.5,debit
6518,2015-10-08,DEB,Amazon UK Retail,14.95,,9402.37,Amazon,Swansea,UK,14.95,debit
6519,2015-10-08,DEB,M&S SIMPLY FOOD -,13.41,,9417.32,Groceries,Swansea,UK,13.41,debit
6520,2015-10-08,DEB,Amazon UK Marketpl,4.08,,9430.73,Amazon,Swansea,UK,4.08,debit
6521,2015-10-08,DEB,Amazon UK Retail,7.0,,9434.81,Amazon,Swansea,UK,7.0,debit
6522,2015-10-08,DEB,Amazon Svcs Europe,22.18,,9441.81,Amazon,Swansea,UK,22.18,debit
6523,2015-10-08,DD,LV LIFE,37.12,,9463.99,Insurance,Swansea,UK,37.12,debit
6524,2015-07-08,CPT,LOYD SWANSEA UNIVE,60.0,,9501.11,Cash,Swansea,UK,60.0,debit
6525,2015-07-08,BP,SAVE THE CHANGE,0.62,,9561.11,Savings,Swansea,UK,0.62,debit
6526,2015-06-08,DEB,Amazon UK Retail,20.98,,9561.73,Amazon,Swansea,UK,20.98,debit
6527,2015-06-08,DEB,Amazon UK Retail,18.94,,9582.71,Amazon,Swansea,UK,18.94,debit
6528,2015-06-08,DEB,EXOTICA,15.46,,9601.65,Groceries,Swansea,UK,15.46,debit
6529,2015-06-08,BP,SAVE THE CHANGE,0.98,,9617.11,Savings,Swansea,UK,0.98,debit
6530,2015-05-08,DEB,EXOTICA,21.0,,9618.09,Groceries,Swansea,UK,21.0,debit
6531,2015-05-08,DEB,Amazon UK Marketpl,5.99,,9639.09,Amazon,Swansea,UK,5.99,debit
6532,2015-05-08,DEB,Amazon UK Marketpl,5.15,,9645.08,Amazon,Swansea,UK,5.15,debit
6533,2015-05-08,DEB,Amazon UK Marketpl,1.88,,9650.23,Amazon,Swansea,UK,1.88,debit
6534,2015-05-08,BP,SAVE THE CHANGE,1.07,,9652.11,Savings,Swansea,UK,1.07,debit
6535,2015-04-08,DEB,Amazon UK Retail,7.13,,9653.18,Amazon,Swansea,UK,7.13,debit
6536,2015-04-08,DEB,Amazon UK Marketpl,2.8,,9660.31,Amazon,Swansea,UK,2.8,debit
6537,2015-04-08,BP,SAVE THE CHANGE,0.01,,9663.11,Savings,Swansea,UK,0.01,debit
6538,2015-03-08,FEE,ACCOUNT FEE,9.95,,9663.12,Bills,Swansea,UK,9.95,debit
6539,2015-03-08,Unknown,INTEREST (NET),,5.4,9673.07,Interest,Swansea,UK,5.4,credit
6540,2015-03-08,DEB,Amazon Svcs Europe,89.99,,9667.67,Amazon,Swansea,UK,89.99,debit
6541,2015-03-08,CPT,LOYD WALES UNIV SW,50.0,,9757.66,Cash,Swansea,UK,50.0,debit
6542,2015-03-08,DD,NATWEST BANK,748.13,,9807.66,Mortgage,Swansea,UK,748.13,debit
6543,2015-03-08,DD,CC SWANSEA C.TAX,122.0,,10555.79,Bills,Swansea,UK,122.0,debit
6544,2015-03-08,DD,GOOD ENERGY GAS,71.0,,10677.79,Bills,Swansea,UK,71.0,debit
6545,2015-03-08,DD,GOOD ENERGY LTD,43.0,,10748.79,Bills,Swansea,UK,43.0,debit
6546,2015-03-08,DD,ASSURANT INTER LTD,35.56,,10791.79,Insurance,Swansea,UK,35.56,debit
6547,2015-03-08,DD,DWR CYMRU W WATER,22.5,,10827.35,Bills,Swansea,UK,22.5,debit
6548,2015-03-08,DD,TV LICENCE MBP,12.12,,10849.85,Bills,Swansea,UK,12.12,debit
6549,2015-03-08,SO,ESAVINGS ACCOUNT,300.0,,10861.97,Savings,Swansea,UK,300.0,debit
6550,2015-03-08,BP,SAVE THE CHANGE,0.5,,11161.97,Savings,Swansea,UK,0.5,debit
6551,2015-03-08,BGC,STFC AP,,585.29,11162.47,Supplementary Income,Swansea,UK,585.29,credit
6552,2015-07-31,DEB,ARRIVA TRAINS WALE,33.5,,10577.18,Travel,Unknown,Unknown,33.5,debit
6553,2015-07-31,DD,UNIV & COL UNION,22.37,,10610.68,Services,Swansea,UK,22.37,debit
6554,2015-07-31,BP,SAVE THE CHANGE,0.2,,10633.05,Savings,Swansea,UK,0.2,debit
6555,2015-07-31,BGC,SWANSEA UNIVERSITY,,3042.63,10633.25,Supplementary Income,Swansea,UK,3042.63,credit
6556,2015-07-31,BGC,SWANSEA UNIVERSITY,,503.36,7590.62,Supplementary Income,Swansea,UK,503.36,credit
6557,2015-07-30,DEB,Amazon UK Marketpl,6.8,,7087.26,Amazon,Swansea,UK,6.8,debit
6558,2015-07-30,BP,SAVE THE CHANGE,0.52,,7094.06,Savings,Swansea,UK,0.52,debit
6559,2015-07-29,DEB,Amazon UK Marketpl,17.94,,7094.58,Amazon,Swansea,UK,17.94,debit
6560,2015-07-29,DEB,Amazon Svcs Europe,4.54,,7112.52,Amazon,Swansea,UK,4.54,debit
6561,2015-07-29,CPT,LOYD SWANSEA UNIVE,70.0,,7117.06,Cash,Swansea,UK,70.0,debit
6562,2015-07-29,BP,SAVE THE CHANGE,0.51,,7187.06,Savings,Swansea,UK,0.51,debit
6563,2015-07-28,DEB,Amazon Svcs Europe,5.49,,7187.57,Amazon,Swansea,UK,5.49,debit
6564,2015-07-28,BP,SAVE THE CHANGE,1.1,,7193.06,Savings,Swansea,UK,1.1,debit
6565,2015-07-27,DEB,Amazon UK Marketpl,6.39,,7194.16,Amazon,Swansea,UK,6.39,debit
6566,2015-07-27,DEB,JS ONLINE GROCERY,316.51,,7200.55,Groceries,Swansea,UK,316.51,debit
6567,2015-07-27,FPO,ALAN HOLLAND,1000.0,,7517.06,Services,Swansea,UK,1000.0,debit
